"Date Time","Date Time(RAW)","Total","Total(RAW)","Free Bytes C:","Free Bytes C:(RAW)","Free Space C:","Free Space C:(RAW)","Free Bytes E:","Free Bytes E:(RAW)","Free Space E:","Free Space E:(RAW)","Downtime","Downtime(RAW)","Coverage","Coverage(RAW)"
"12/1/2023 12:30:00 AM - 1:30:00 AM","45260.8333333333","137,233 MB","143898814464.0000","38,831 MB","40716969984.0000","55 %","55.0000","98,402 MB","103181844480.0000","96 %","96.0000","0 %","0.0000","100 %","0000010000"
"12/1/2023 1:30:00 AM - 2:30:00 AM","45260.8750000000","137,196 MB","143860131157.3333","38,794 MB","40678286677.3333","55 %","55.0000","98,402 MB","103181844480.0000","96 %","96.0000","0 %","0.0000","100 %","0000010000"
"12/1/2023 2:30:00 AM - 3:30:00 AM","45260.9166666667","137,161 MB","143823905450.6667","38,759 MB","40642060970.6667","54 %","54.3333","98,402 MB","103181844480.0000","96 %","96.0000","0 %","0.0000","100 %","0000010000"
"12/1/2023 3:30:00 AM - 4:30:00 AM","45260.9583333333","137,123 MB","143784296448.0000","38,722 MB","40602451968.0000","54 %","54.0000","98,402 MB","103181844480.0000","96 %","96.0000","0 %","0.0000","100 %","0000010000"
"12/1/2023 4:30:00 AM - 5:30:00 AM","45261.0000000000","137,083 MB","143741854378.6667","38,681 MB","40560009898.6667","54 %","54.0000","98,402 MB","103181844480.0000","96 %","96.0000","0 %","0.0000","100 %","0000010000"
"12/1/2023 5:30:00 AM - 6:30:00 AM","45261.0416666667","137,041 MB","143698219008.0000","38,639 MB","40516374528.0000","54 %","54.0000","98,402 MB","103181844480.0000","96 %","96.0000","0 %","0.0000","100 %","0000010000"
"12/1/2023 6:30:00 AM - 7:30:00 AM","45261.0833333333","137,001 MB","143655814485.3333","38,599 MB","40473970005.3333","54 %","54.0000","98,402 MB","103181844480.0000","96 %","96.0000","0 %","0.0000","100 %","0000010000"
"12/1/2023 7:30:00 AM - 8:30:00 AM","45261.1250000000","136,967 MB","143620225024.0000","38,565 MB","40438380544.0000","54 %","54.0000","98,402 MB","103181844480.0000","96 %","96.0000","0 %","0.0000","100 %","0000010000"
"12/1/2023 8:30:00 AM - 9:30:00 AM","45261.1666666667","136,936 MB","143588017493.3333","38,534 MB","40406173013.3333","54 %","54.0000","98,402 MB","103181844480.0000","96 %","96.0000","0 %","0.0000","100 %","0000010000"
"12/1/2023 9:30:00 AM - 10:30:00 AM","45261.2083333333","136,900 MB","143549554688.0000","38,498 MB","40367710208.0000","54 %","54.0000","98,402 MB","103181844480.0000","96 %","96.0000","0 %","0.0000","100 %","0000010000"
"12/1/2023 10:30:00 AM - 11:30:00 AM","45261.2500000000","136,863 MB","143511013376.0000","38,461 MB","40329168896.0000","54 %","54.0000","98,402 MB","103181844480.0000","96 %","96.0000","0 %","0.0000","100 %","0000010000"
"12/1/2023 11:30:00 AM - 12:30:00 PM","45261.2916666667","136,825 MB","143471907498.6667","38,424 MB","40290063018.6667","54 %","54.0000","98,402 MB","103181844480.0000","96 %","96.0000","0 %","0.0000","100 %","0000010000"
"12/1/2023 12:30:00 PM - 1:30:00 PM","45261.3333333333","136,788 MB","143432707413.3333","38,386 MB","40250862933.3333","54 %","54.0000","98,402 MB","103181844480.0000","96 %","96.0000","0 %","0.0000","100 %","0000010000"
"12/1/2023 1:30:00 PM - 2:30:00 PM","45261.3750000000","136,751 MB","143393903274.6667","38,349 MB","40212058794.6667","54 %","54.0000","98,402 MB","103181844480.0000","96 %","96.0000","0 %","0.0000","100 %","0000010000"
"12/1/2023 2:30:00 PM - 3:30:00 PM","45261.4166666667","136,714 MB","143354941440.0000","38,312 MB","40173096960.0000","54 %","54.0000","98,402 MB","103181844480.0000","96 %","96.0000","0 %","0.0000","100 %","0000010000"
"12/1/2023 3:30:00 PM - 4:30:00 PM","45261.4583333333","136,677 MB","143316044458.6667","38,275 MB","40134199978.6667","54 %","54.0000","98,402 MB","103181844480.0000","96 %","96.0000","0 %","0.0000","100 %","0000010000"
"12/1/2023 4:30:00 PM - 5:30:00 PM","45261.5000000000","136,640 MB","143277126314.6667","38,238 MB","40095281834.6667","54 %","54.0000","98,402 MB","103181844480.0000","96 %","96.0000","0 %","0.0000","100 %","0000010000"
"12/1/2023 5:30:00 PM - 6:30:00 PM","45261.5416666667","136,602 MB","143237548032.0000","38,200 MB","40055703552.0000","54 %","54.0000","98,402 MB","103181844480.0000","96 %","96.0000","0 %","0.0000","100 %","0000010000"
"12/1/2023 6:30:00 PM - 7:30:00 PM","45261.5833333333","136,565 MB","143198442837.3333","38,163 MB","40016598357.3333","54 %","54.0000","98,402 MB","103181844480.0000","96 %","96.0000","0 %","0.0000","100 %","0000010000"
"12/1/2023 7:30:00 PM - 8:30:00 PM","45261.6250000000","136,688 MB","143327685836.8000","38,286 MB","40145841356.8000","54 %","54.0000","98,402 MB","103181844480.0000","96 %","96.0000","0 %","0.0000","100 %","0000010000"
"12/1/2023 8:30:00 PM - 9:30:00 PM","45261.6666666667","136,860 MB","143507690154.6667","38,458 MB","40325845674.6667","54 %","54.0000","98,402 MB","103181844480.0000","96 %","96.0000","0 %","0.0000","100 %","0000010000"
"12/1/2023 9:30:00 PM - 10:30:00 PM","45261.7083333333","136,763 MB","143406771541.3333","38,361 MB","40224927061.3333","54 %","54.0000","98,402 MB","103181844480.0000","96 %","96.0000","0 %","0.0000","100 %","0000010000"
"12/1/2023 10:30:00 PM - 11:30:00 PM","45261.7500000000","136,665 MB","143303990613.3333","38,263 MB","40122146133.3333","54 %","54.0000","98,402 MB","103181844480.0000","96 %","96.0000","0 %","0.0000","100 %","0000010000"
"12/1/2023 11:30:00 PM - 12:30:00 AM","45261.7916666667","136,786 MB","143430622549.3333","38,384 MB","40248778069.3333","54 %","54.0000","98,402 MB","103181844480.0000","96 %","96.0000","0 %","0.0000","100 %","0000010000"
"12/2/2023 12:30:00 AM - 1:30:00 AM","45261.8333333333","136,950 MB","143602870272.0000","38,548 MB","40421025792.0000","54 %","54.0000","98,402 MB","103181844480.0000","96 %","96.0000","0 %","0.0000","100 %","0000010000"
"12/2/2023 1:30:00 AM - 2:30:00 AM","45261.8750000000","136,915 MB","143565950156.8000","38,513 MB","40384105676.8000","54 %","54.0000","98,402 MB","103181844480.0000","96 %","96.0000","0 %","0.0000","100 %","0000010000"
"12/2/2023 2:30:00 AM - 3:30:00 AM","45261.9166666667","136,880 MB","143529420800.0000","38,478 MB","40347576320.0000","54 %","54.0000","98,402 MB","103181844480.0000","96 %","96.0000","0 %","0.0000","100 %","0000010000"
"12/2/2023 3:30:00 AM - 4:30:00 AM","45261.9583333333","136,844 MB","143491127978.6667","38,442 MB","40309283498.6667","54 %","54.0000","98,402 MB","103181844480.0000","96 %","96.0000","0 %","0.0000","100 %","0000010000"
"12/2/2023 4:30:00 AM - 5:30:00 AM","45262.0000000000","136,809 MB","143454882474.6667","38,407 MB","40273037994.6667","54 %","54.0000","98,402 MB","103181844480.0000","96 %","96.0000","0 %","0.0000","100 %","0000010000"
"12/2/2023 5:30:00 AM - 6:30:00 AM","45262.0416666667","136,783 MB","143427800405.3333","38,382 MB","40245955925.3333","54 %","54.0000","98,402 MB","103181844480.0000","96 %","96.0000","0 %","0.0000","100 %","0000010000"
"12/2/2023 6:30:00 AM - 7:30:00 AM","45262.0833333333","136,746 MB","143388446720.0000","38,344 MB","40206602240.0000","54 %","54.0000","98,402 MB","103181844480.0000","96 %","96.0000","0 %","0.0000","100 %","0000010000"
"12/2/2023 7:30:00 AM - 8:30:00 AM","45262.1250000000","136,708 MB","143348520277.3333","38,306 MB","40166675797.3333","54 %","54.0000","98,402 MB","103181844480.0000","96 %","96.0000","0 %","0.0000","100 %","0000010000"
"12/2/2023 8:30:00 AM - 9:30:00 AM","45262.1666666667","136,675 MB","143313754112.0000","38,273 MB","40131909632.0000","54 %","54.0000","98,402 MB","103181844480.0000","96 %","96.0000","0 %","0.0000","100 %","0000010000"
"12/2/2023 9:30:00 AM - 10:30:00 AM","45262.2083333333","136,641 MB","143278082048.0000","38,239 MB","40096237568.0000","54 %","54.0000","98,402 MB","103181844480.0000","96 %","96.0000","0 %","0.0000","100 %","0000010000"
"12/2/2023 10:30:00 AM - 11:30:00 AM","45262.2500000000","136,606 MB","143241737557.3333","38,204 MB","40059893077.3333","54 %","54.0000","98,402 MB","103181844480.0000","96 %","96.0000","0 %","0.0000","100 %","0000010000"
"12/2/2023 11:30:00 AM - 12:30:00 PM","45262.2916666667","136,573 MB","143206819840.0000","38,171 MB","40024975360.0000","54 %","54.0000","98,402 MB","103181844480.0000","96 %","96.0000","0 %","0.0000","100 %","0000010000"
"12/2/2023 12:30:00 PM - 1:30:00 PM","45262.3333333333","136,538 MB","143170813269.3333","38,136 MB","39988968789.3333","54 %","54.0000","98,402 MB","103181844480.0000","96 %","96.0000","0 %","0.0000","100 %","0000010000"
"12/2/2023 1:30:00 PM - 2:30:00 PM","45262.3750000000","136,505 MB","143135432704.0000","38,103 MB","39953588224.0000","54 %","54.0000","98,402 MB","103181844480.0000","96 %","96.0000","0 %","0.0000","100 %","0000010000"
"12/2/2023 2:30:00 PM - 3:30:00 PM","45262.4166666667","136,471 MB","143100068522.6667","38,069 MB","39918224042.6667","54 %","53.8333","98,402 MB","103181844480.0000","96 %","96.0000","0 %","0.0000","100 %","0000010000"
"12/2/2023 3:30:00 PM - 4:30:00 PM","45262.4583333333","136,438 MB","143065438890.6667","38,036 MB","39883594410.6667","53 %","53.0000","98,402 MB","103181844480.0000","96 %","96.0000","0 %","0.0000","100 %","0000010000"
"12/2/2023 4:30:00 PM - 5:30:00 PM","45262.5000000000","136,405 MB","143031300778.6667","38,003 MB","39849456298.6667","53 %","53.0000","98,402 MB","103181844480.0000","96 %","96.0000","0 %","0.0000","100 %","0000010000"
"12/2/2023 5:30:00 PM - 6:30:00 PM","45262.5416666667","136,372 MB","142996492970.6667","37,970 MB","39814648490.6667","53 %","53.0000","98,402 MB","103181844480.0000","96 %","96.0000","0 %","0.0000","100 %","0000010000"
"12/2/2023 6:30:00 PM - 7:30:00 PM","45262.5833333333","136,339 MB","142962025813.3333","37,937 MB","39780181333.3333","53 %","53.0000","98,402 MB","103181844480.0000","96 %","96.0000","0 %","0.0000","100 %","0000010000"
"12/2/2023 7:30:00 PM - 8:30:00 PM","45262.6250000000","136,306 MB","142927237802.6667","37,904 MB","39745393322.6667","53 %","53.0000","98,402 MB","103181844480.0000","96 %","96.0000","0 %","0.0000","100 %","0000010000"
"12/2/2023 8:30:00 PM - 9:30:00 PM","45262.6666666667","136,272 MB","142891930282.6667","37,870 MB","39710085802.6667","53 %","53.0000","98,402 MB","103181844480.0000","96 %","96.0000","0 %","0.0000","100 %","0000010000"
"12/2/2023 9:30:00 PM - 10:30:00 PM","45262.7083333333","136,239 MB","142856830976.0000","37,837 MB","39674986496.0000","53 %","53.0000","98,402 MB","103181844480.0000","96 %","96.0000","0 %","0.0000","100 %","0000010000"
"12/2/2023 10:30:00 PM - 11:30:00 PM","45262.7500000000","136,206 MB","142822021120.0000","37,804 MB","39640176640.0000","53 %","53.0000","98,402 MB","103181844480.0000","96 %","96.0000","0 %","0.0000","100 %","0000010000"
"12/2/2023 11:30:00 PM - 12:30:00 AM","45262.7916666667","136,562 MB","143195562666.6667","38,160 MB","40013718186.6667","54 %","53.5000","98,402 MB","103181844480.0000","96 %","96.0000","0 %","0.0000","100 %","0000010000"
"12/3/2023 12:30:00 AM - 1:30:00 AM","45262.8333333333","136,916 MB","143567037098.6667","38,514 MB","40385192618.6667","54 %","54.0000","98,402 MB","103181844480.0000","96 %","96.0000","0 %","0.0000","100 %","0000010000"
"12/3/2023 1:30:00 AM - 2:30:00 AM","45262.8750000000","136,881 MB","143530535594.6667","38,480 MB","40348691114.6667","54 %","54.0000","98,402 MB","103181844480.0000","96 %","96.0000","0 %","0.0000","100 %","0000010000"
"12/3/2023 2:30:00 AM - 3:30:00 AM","45262.9166666667","136,846 MB","143493145258.6667","38,444 MB","40311300778.6667","54 %","54.0000","98,402 MB","103181844480.0000","96 %","96.0000","0 %","0.0000","100 %","0000010000"
"12/3/2023 3:30:00 AM - 4:30:00 AM","45262.9583333333","136,810 MB","143455545344.0000","38,408 MB","40273700864.0000","54 %","54.0000","98,402 MB","103181844480.0000","96 %","96.0000","0 %","0.0000","100 %","0000010000"
"12/3/2023 4:30:00 AM - 5:30:00 AM","45263.0000000000","136,779 MB","143423402666.6667","38,377 MB","40241558186.6667","54 %","54.0000","98,402 MB","103181844480.0000","96 %","96.0000","0 %","0.0000","100 %","0000010000"
"12/3/2023 5:30:00 AM - 6:30:00 AM","45263.0416666667","136,748 MB","143391013546.6667","38,346 MB","40209169066.6667","54 %","54.0000","98,402 MB","103181844480.0000","96 %","96.0000","0 %","0.0000","100 %","0000010000"
"12/3/2023 6:30:00 AM - 7:30:00 AM","45263.0833333333","136,713 MB","143353488725.3333","38,311 MB","40171644245.3333","54 %","54.0000","98,402 MB","103181844480.0000","96 %","96.0000","0 %","0.0000","100 %","0000010000"
"12/3/2023 7:30:00 AM - 8:30:00 AM","45263.1250000000","136,677 MB","143316390570.6667","38,275 MB","40134546090.6667","54 %","54.0000","98,402 MB","103181844480.0000","96 %","96.0000","0 %","0.0000","100 %","0000010000"
"12/3/2023 8:30:00 AM - 9:30:00 AM","45263.1666666667","136,641 MB","143278921045.3333","38,240 MB","40097076565.3333","54 %","54.0000","98,402 MB","103181844480.0000","96 %","96.0000","0 %","0.0000","100 %","0000010000"
"12/3/2023 9:30:00 AM - 10:30:00 AM","45263.2083333333","136,606 MB","143241604437.3333","38,204 MB","40059759957.3333","54 %","54.0000","98,402 MB","103181844480.0000","96 %","96.0000","0 %","0.0000","100 %","0000010000"
"12/3/2023 10:30:00 AM - 11:30:00 AM","45263.2500000000","136,566 MB","143199479125.3333","38,164 MB","40017634645.3333","54 %","54.0000","98,402 MB","103181844480.0000","96 %","96.0000","0 %","0.0000","100 %","0000010000"
"12/3/2023 11:30:00 AM - 12:30:00 PM","45263.2916666667","136,530 MB","143161817770.6667","38,128 MB","39979973290.6667","54 %","54.0000","98,402 MB","103181844480.0000","96 %","96.0000","0 %","0.0000","100 %","0000010000"
"12/3/2023 12:30:00 PM - 1:30:00 PM","45263.3333333333","136,494 MB","143124632917.3333","38,092 MB","39942788437.3333","54 %","54.0000","98,402 MB","103181844480.0000","96 %","96.0000","0 %","0.0000","100 %","0000010000"
"12/3/2023 1:30:00 PM - 2:30:00 PM","45263.3750000000","136,459 MB","143087557973.3333","38,057 MB","39905713493.3333","54 %","53.6667","98,402 MB","103181844480.0000","96 %","96.0000","0 %","0.0000","100 %","0000010000"
"12/3/2023 2:30:00 PM - 3:30:00 PM","45263.4166666667","136,424 MB","143050605226.6667","38,022 MB","39868760746.6667","53 %","53.0000","98,402 MB","103181844480.0000","96 %","96.0000","0 %","0.0000","100 %","0000010000"
"12/3/2023 3:30:00 PM - 4:30:00 PM","45263.4583333333","136,388 MB","143013496149.3333","37,986 MB","39831651669.3333","53 %","53.0000","98,402 MB","103181844480.0000","96 %","96.0000","0 %","0.0000","100 %","0000010000"
"12/3/2023 4:30:00 PM - 5:30:00 PM","45263.5000000000","136,351 MB","142974390954.6667","37,949 MB","39792546474.6667","53 %","53.0000","98,402 MB","103181844480.0000","96 %","96.0000","0 %","0.0000","100 %","0000010000"
"12/3/2023 5:30:00 PM - 6:30:00 PM","45263.5416666667","136,311 MB","142932819285.3333","37,909 MB","39750974805.3333","53 %","53.0000","98,402 MB","103181844480.0000","96 %","96.0000","0 %","0.0000","100 %","0000010000"
"12/3/2023 6:30:00 PM - 7:30:00 PM","45263.5833333333","136,270 MB","142889513642.6667","37,868 MB","39707669162.6667","53 %","53.0000","98,402 MB","103181844480.0000","96 %","96.0000","0 %","0.0000","100 %","0000010000"
"12/3/2023 7:30:00 PM - 8:30:00 PM","45263.6250000000","136,230 MB","142847031978.6667","37,828 MB","39665187498.6667","53 %","53.0000","98,402 MB","103181844480.0000","96 %","96.0000","0 %","0.0000","100 %","0000010000"
"12/3/2023 8:30:00 PM - 9:30:00 PM","45263.6666666667","136,190 MB","142805101909.3333","37,788 MB","39623257429.3333","53 %","53.0000","98,402 MB","103181844480.0000","96 %","96.0000","0 %","0.0000","100 %","0000010000"
"12/3/2023 9:30:00 PM - 10:30:00 PM","45263.7083333333","136,149 MB","142762597034.6667","37,747 MB","39580752554.6667","53 %","53.0000","98,402 MB","103181844480.0000","96 %","96.0000","0 %","0.0000","100 %","0000010000"
"12/3/2023 10:30:00 PM - 11:30:00 PM","45263.7500000000","136,109 MB","142720477866.6667","37,707 MB","39538633386.6667","53 %","53.0000","98,402 MB","103181844480.0000","96 %","96.0000","0 %","0.0000","100 %","0000010000"
"12/3/2023 11:30:00 PM - 12:30:00 AM","45263.7916666667","136,482 MB","143111228074.6667","38,080 MB","39929383594.6667","54 %","53.5000","98,402 MB","103181844480.0000","96 %","96.0000","0 %","0.0000","100 %","0000010000"
"12/4/2023 12:30:00 AM - 1:30:00 AM","45263.8333333333","136,856 MB","143504143018.6667","38,454 MB","40322298538.6667","54 %","54.0000","98,402 MB","103181844480.0000","96 %","96.0000","0 %","0.0000","100 %","0000010000"
"12/4/2023 1:30:00 AM - 2:30:00 AM","45263.8750000000","136,819 MB","143465093120.0000","38,417 MB","40283248640.0000","54 %","54.0000","98,402 MB","103181844480.0000","96 %","96.0000","0 %","0.0000","100 %","0000010000"
"12/4/2023 2:30:00 AM - 3:30:00 AM","45263.9166666667","136,782 MB","143426372266.6667","38,380 MB","40244527786.6667","54 %","54.0000","98,402 MB","103181844480.0000","96 %","96.0000","0 %","0.0000","100 %","0000010000"
"12/4/2023 3:30:00 AM - 4:30:00 AM","45263.9583333333","136,745 MB","143387413162.6667","38,343 MB","40205568682.6667","54 %","54.0000","98,402 MB","103181844480.0000","96 %","96.0000","0 %","0.0000","100 %","0000010000"
"12/4/2023 4:30:00 AM - 5:30:00 AM","45264.0000000000","136,712 MB","143352610816.0000","38,310 MB","40170766336.0000","54 %","54.0000","98,402 MB","103181844480.0000","96 %","96.0000","0 %","0.0000","100 %","0000010000"
"12/4/2023 5:30:00 AM - 6:30:00 AM","45264.0416666667","136,680 MB","143319830528.0000","38,279 MB","40137986048.0000","54 %","54.0000","98,402 MB","103181844480.0000","96 %","96.0000","0 %","0.0000","100 %","0000010000"
"12/4/2023 6:30:00 AM - 7:30:00 AM","45264.0833333333","136,644 MB","143282141866.6667","38,243 MB","40100297386.6667","54 %","54.0000","98,402 MB","103181844480.0000","96 %","96.0000","0 %","0.0000","100 %","0000010000"
"12/4/2023 7:30:00 AM - 8:30:00 AM","45264.1250000000","136,606 MB","143242205866.6667","38,205 MB","40060361386.6667","54 %","54.0000","98,402 MB","103181844480.0000","96 %","96.0000","0 %","0.0000","100 %","0000010000"
"12/4/2023 8:30:00 AM - 9:30:00 AM","45264.1666666667","136,568 MB","143202248021.3333","38,166 MB","40020403541.3333","54 %","54.0000","98,402 MB","103181844480.0000","96 %","96.0000","0 %","0.0000","100 %","0000010000"
"12/4/2023 9:30:00 AM - 10:30:00 AM","45264.2083333333","136,530 MB","143161886720.0000","38,128 MB","39980042240.0000","54 %","54.0000","98,402 MB","103181844480.0000","96 %","96.0000","0 %","0.0000","100 %","0000010000"
"12/4/2023 10:30:00 AM - 11:30:00 AM","45264.2500000000","136,491 MB","143120919210.6667","38,089 MB","39939074730.6667","54 %","54.0000","98,402 MB","103181844480.0000","96 %","96.0000","0 %","0.0000","100 %","0000010000"
"12/4/2023 11:30:00 AM - 12:30:00 PM","45264.2916666667","136,451 MB","143079189845.3333","38,049 MB","39897345365.3333","53 %","53.3333","98,402 MB","103181844480.0000","96 %","96.0000","0 %","0.0000","100 %","0000010000"
"12/4/2023 12:30:00 PM - 1:30:00 PM","45264.3333333333","136,412 MB","143038317909.3333","38,010 MB","39856473429.3333","53 %","53.0000","98,402 MB","103181844480.0000","96 %","96.0000","0 %","0.0000","100 %","0000010000"
"12/4/2023 1:30:00 PM - 2:30:00 PM","45264.3750000000","136,373 MB","142997785258.6667","37,971 MB","39815940778.6667","53 %","53.0000","98,402 MB","103181844480.0000","96 %","96.0000","0 %","0.0000","100 %","0000010000"
"12/4/2023 2:30:00 PM - 3:30:00 PM","45264.4166666667","136,334 MB","142956614314.6667","37,932 MB","39774769834.6667","53 %","53.0000","98,402 MB","103181844480.0000","96 %","96.0000","0 %","0.0000","100 %","0000010000"
"12/4/2023 3:30:00 PM - 4:30:00 PM","45264.4583333333","136,292 MB","142912404821.3333","37,890 MB","39730560341.3333","53 %","53.0000","98,402 MB","103181844480.0000","96 %","96.0000","0 %","0.0000","100 %","0000010000"
"12/4/2023 4:30:00 PM - 5:30:00 PM","45264.5000000000","136,249 MB","142867548842.6667","37,847 MB","39685704362.6667","53 %","53.0000","98,402 MB","103181844480.0000","96 %","96.0000","0 %","0.0000","100 %","0000010000"
"12/4/2023 5:30:00 PM - 6:30:00 PM","45264.5416666667","136,211 MB","142827629909.3333","37,809 MB","39645785429.3333","53 %","53.0000","98,402 MB","103181844480.0000","96 %","96.0000","0 %","0.0000","100 %","0000010000"
"12/4/2023 6:30:00 PM - 7:30:00 PM","45264.5833333333","136,171 MB","142785884842.6667","37,769 MB","39604040362.6667","53 %","53.0000","98,402 MB","103181844480.0000","96 %","96.0000","0 %","0.0000","100 %","0000010000"
"12/4/2023 7:30:00 PM - 8:30:00 PM","45264.6250000000","136,132 MB","142745010858.6667","37,730 MB","39563166378.6667","53 %","53.0000","98,402 MB","103181844480.0000","96 %","96.0000","0 %","0.0000","100 %","0000010000"
"12/4/2023 8:30:00 PM - 9:30:00 PM","45264.6666666667","136,093 MB","142704013994.6667","37,691 MB","39522169514.6667","53 %","53.0000","98,402 MB","103181844480.0000","96 %","96.0000","0 %","0.0000","100 %","0000010000"
"12/4/2023 9:30:00 PM - 10:30:00 PM","45264.7083333333","136,054 MB","142662889472.0000","37,652 MB","39481044992.0000","53 %","53.0000","98,402 MB","103181844480.0000","96 %","96.0000","0 %","0.0000","100 %","0000010000"
"12/4/2023 10:30:00 PM - 11:30:00 PM","45264.7500000000","136,015 MB","142621876906.6667","37,613 MB","39440032426.6667","53 %","53.0000","98,402 MB","103181844480.0000","96 %","96.0000","0 %","0.0000","100 %","0000010000"
"12/4/2023 11:30:00 PM - 12:30:00 AM","45264.7916666667","136,397 MB","143022342144.0000","37,995 MB","39840497664.0000","54 %","53.5000","98,402 MB","103181844480.0000","96 %","96.0000","0 %","0.0000","100 %","0000010000"
"12/5/2023 12:30:00 AM - 1:30:00 AM","45264.8333333333","136,779 MB","143422675626.6667","38,377 MB","40240831146.6667","54 %","54.0000","98,402 MB","103181844480.0000","96 %","96.0000","0 %","0.0000","100 %","0000010000"
"12/5/2023 1:30:00 AM - 2:30:00 AM","45264.8750000000","136,739 MB","143381502361.6000","38,337 MB","40199657881.6000","54 %","54.0000","98,402 MB","103181844480.0000","96 %","96.0000","0 %","0.0000","100 %","0000010000"
"12/5/2023 2:30:00 AM - 3:30:00 AM","45264.9166666667","136,710 MB","143351331498.6667","38,309 MB","40169487018.6667","54 %","54.0000","98,402 MB","103181844480.0000","96 %","96.0000","0 %","0.0000","100 %","0000010000"
"12/5/2023 3:30:00 AM - 4:30:00 AM","45264.9583333333","136,676 MB","143315653290.6667","38,275 MB","40133808810.6667","54 %","54.0000","98,402 MB","103181844480.0000","96 %","96.0000","0 %","0.0000","100 %","0000010000"
"12/5/2023 4:30:00 AM - 5:30:00 AM","45265.0000000000","136,641 MB","143278259541.3333","38,239 MB","40096415061.3333","54 %","54.0000","98,402 MB","103181844480.0000","96 %","96.0000","0 %","0.0000","100 %","0000010000"
"12/5/2023 5:30:00 AM - 6:30:00 AM","45265.0416666667","136,605 MB","143240566784.0000","38,203 MB","40058722304.0000","54 %","54.0000","98,402 MB","103181844480.0000","96 %","96.0000","0 %","0.0000","100 %","0000010000"
"12/5/2023 6:30:00 AM - 7:30:00 AM","45265.0833333333","136,567 MB","143201301162.6667","38,166 MB","40019456682.6667","54 %","54.0000","98,402 MB","103181844480.0000","96 %","96.0000","0 %","0.0000","100 %","0000010000"
"12/5/2023 7:30:00 AM - 8:30:00 AM","45265.1250000000","136,530 MB","143162284032.0000","38,128 MB","39980439552.0000","54 %","54.0000","98,402 MB","103181844480.0000","96 %","96.0000","0 %","0.0000","100 %","0000010000"
"12/5/2023 8:30:00 AM - 9:30:00 AM","45265.1666666667","136,493 MB","143123677866.6667","38,092 MB","39941833386.6667","54 %","54.0000","98,402 MB","103181844480.0000","96 %","96.0000","0 %","0.0000","100 %","0000010000"
"12/5/2023 9:30:00 AM - 10:30:00 AM","45265.2083333333","136,455 MB","143082977962.6667","38,053 MB","39901133482.6667","54 %","53.5000","98,402 MB","103181844480.0000","96 %","96.0000","0 %","0.0000","100 %","0000010000"
"12/5/2023 10:30:00 AM - 11:30:00 AM","45265.2500000000","136,416 MB","143042529962.6667","38,014 MB","39860685482.6667","53 %","53.0000","98,402 MB","103181844480.0000","96 %","96.0000","0 %","0.0000","100 %","0000010000"
"12/5/2023 11:30:00 AM - 12:30:00 PM","45265.2916666667","136,378 MB","143002511360.0000","37,976 MB","39820666880.0000","53 %","53.0000","98,402 MB","103181844480.0000","96 %","96.0000","0 %","0.0000","100 %","0000010000"
"12/5/2023 12:30:00 PM - 1:30:00 PM","45265.3333333333","136,338 MB","142960805888.0000","37,936 MB","39778961408.0000","53 %","53.0000","98,402 MB","103181844480.0000","96 %","96.0000","0 %","0.0000","100 %","0000010000"
"12/5/2023 1:30:00 PM - 2:30:00 PM","45265.3750000000","136,299 MB","142920110080.0000","37,897 MB","39738265600.0000","53 %","53.0000","98,402 MB","103181844480.0000","96 %","96.0000","0 %","0.0000","100 %","0000010000"
"12/5/2023 2:30:00 PM - 3:30:00 PM","45265.4166666667","136,260 MB","142879200597.3333","37,858 MB","39697356117.3333","53 %","53.0000","98,402 MB","103181844480.0000","96 %","96.0000","0 %","0.0000","100 %","0000010000"
"12/5/2023 3:30:00 PM - 4:30:00 PM","45265.4583333333","136,221 MB","142838362112.0000","37,819 MB","39656517632.0000","53 %","53.0000","98,402 MB","103181844480.0000","96 %","96.0000","0 %","0.0000","100 %","0000010000"
"12/5/2023 4:30:00 PM - 5:30:00 PM","45265.5000000000","136,182 MB","142797510656.0000","37,780 MB","39615666176.0000","53 %","53.0000","98,402 MB","103181844480.0000","96 %","96.0000","0 %","0.0000","100 %","0000010000"
"12/5/2023 5:30:00 PM - 6:30:00 PM","45265.5416666667","136,143 MB","142756305578.6667","37,741 MB","39574461098.6667","53 %","53.0000","98,402 MB","103181844480.0000","96 %","96.0000","0 %","0.0000","100 %","0000010000"
"12/5/2023 6:30:00 PM - 7:30:00 PM","45265.5833333333","136,104 MB","142715509418.6667","37,702 MB","39533664938.6667","53 %","53.0000","98,402 MB","103181844480.0000","96 %","96.0000","0 %","0.0000","100 %","0000010000"
"12/5/2023 7:30:00 PM - 8:30:00 PM","45265.6250000000","136,066 MB","142675592533.3333","37,664 MB","39493748053.3333","53 %","53.0000","98,402 MB","103181844480.0000","96 %","96.0000","0 %","0.0000","100 %","0000010000"
"12/5/2023 8:30:00 PM - 9:30:00 PM","45265.6666666667","136,027 MB","142634891946.6667","37,625 MB","39453047466.6667","53 %","53.0000","98,402 MB","103181844480.0000","96 %","96.0000","0 %","0.0000","100 %","0000010000"
"12/5/2023 9:30:00 PM - 10:30:00 PM","45265.7083333333","135,987 MB","142592728405.3333","37,585 MB","39410883925.3333","53 %","53.0000","98,402 MB","103181844480.0000","96 %","96.0000","0 %","0.0000","100 %","0000010000"
"12/5/2023 10:30:00 PM - 11:30:00 PM","45265.7500000000","135,949 MB","142552584192.0000","37,547 MB","39370739712.0000","53 %","53.0000","98,402 MB","103181844480.0000","96 %","96.0000","0 %","0.0000","100 %","0000010000"
"12/5/2023 11:30:00 PM - 12:30:00 AM","45265.7916666667","136,313 MB","142934943744.0000","37,912 MB","39753099264.0000","54 %","53.5000","98,402 MB","103181844480.0000","96 %","96.0000","0 %","0.0000","100 %","0000010000"
"12/6/2023 12:30:00 AM - 1:30:00 AM","45265.8333333333","136,683 MB","143322161152.0000","38,281 MB","40140316672.0000","54 %","54.0000","98,402 MB","103181844480.0000","96 %","96.0000","0 %","0.0000","100 %","0000010000"
"12/6/2023 1:30:00 AM - 2:30:00 AM","45265.8750000000","136,648 MB","143286097237.3333","38,246 MB","40104252757.3333","54 %","54.0000","98,402 MB","103181844480.0000","96 %","96.0000","0 %","0.0000","100 %","0000010000"
"12/6/2023 2:30:00 AM - 3:30:00 AM","45265.9166666667","136,610 MB","143246005589.3333","38,208 MB","40064161109.3333","54 %","54.0000","98,402 MB","103181844480.0000","96 %","96.0000","0 %","0.0000","100 %","0000010000"
"12/6/2023 3:30:00 AM - 4:30:00 AM","45265.9583333333","136,574 MB","143207803562.6667","38,172 MB","40025959082.6667","54 %","54.0000","98,402 MB","103181844480.0000","96 %","96.0000","0 %","0.0000","100 %","0000010000"
"12/6/2023 4:30:00 AM - 5:30:00 AM","45266.0000000000","136,539 MB","143171757397.3333","38,137 MB","39989912917.3333","54 %","54.0000","98,402 MB","103181844480.0000","96 %","96.0000","0 %","0.0000","100 %","0000010000"
"12/6/2023 5:30:00 AM - 6:30:00 AM","45266.0416666667","136,504 MB","143134897493.3333","38,102 MB","39953053013.3333","54 %","54.0000","98,402 MB","103181844480.0000","96 %","96.0000","0 %","0.0000","100 %","0000010000"
"12/6/2023 6:30:00 AM - 7:30:00 AM","45266.0833333333","136,467 MB","143096326144.0000","38,065 MB","39914481664.0000","54 %","53.8333","98,402 MB","103181844480.0000","96 %","96.0000","0 %","0.0000","100 %","0000010000"
"12/6/2023 7:30:00 AM - 8:30:00 AM","45266.1250000000","136,429 MB","143055994880.0000","38,027 MB","39874150400.0000","53 %","53.0000","98,402 MB","103181844480.0000","96 %","96.0000","0 %","0.0000","100 %","0000010000"
"12/6/2023 8:30:00 AM - 9:30:00 AM","45266.1666666667","136,392 MB","143017664512.0000","37,990 MB","39835820032.0000","53 %","53.0000","98,402 MB","103181844480.0000","96 %","96.0000","0 %","0.0000","100 %","0000010000"
"12/6/2023 9:30:00 AM - 10:30:00 AM","45266.2083333333","136,353 MB","142976211626.6667","37,951 MB","39794367146.6667","53 %","53.0000","98,402 MB","103181844480.0000","96 %","96.0000","0 %","0.0000","100 %","0000010000"
"12/6/2023 10:30:00 AM - 11:30:00 AM","45266.2500000000","136,313 MB","142934711637.3333","37,911 MB","39752867157.3333","53 %","53.0000","98,402 MB","103181844480.0000","96 %","96.0000","0 %","0.0000","100 %","0000010000"
"12/6/2023 11:30:00 AM - 12:30:00 PM","45266.2916666667","136,274 MB","142893838336.0000","37,872 MB","39711993856.0000","53 %","53.0000","98,402 MB","103181844480.0000","96 %","96.0000","0 %","0.0000","100 %","0000010000"
"12/6/2023 12:30:00 PM - 1:30:00 PM","45266.3333333333","136,236 MB","142853726890.6667","37,834 MB","39671882410.6667","53 %","53.0000","98,402 MB","103181844480.0000","96 %","96.0000","0 %","0.0000","100 %","0000010000"
"12/6/2023 1:30:00 PM - 2:30:00 PM","45266.3750000000","136,197 MB","142812592810.6667","37,795 MB","39630748330.6667","53 %","53.0000","98,402 MB","103181844480.0000","96 %","96.0000","0 %","0.0000","100 %","0000010000"
"12/6/2023 2:30:00 PM - 3:30:00 PM","45266.4166666667","136,158 MB","142771635541.3333","37,756 MB","39589791061.3333","53 %","53.0000","98,402 MB","103181844480.0000","96 %","96.0000","0 %","0.0000","100 %","0000010000"
"12/6/2023 3:30:00 PM - 4:30:00 PM","45266.4583333333","136,119 MB","142730724010.6667","37,717 MB","39548879530.6667","53 %","53.0000","98,402 MB","103181844480.0000","96 %","96.0000","0 %","0.0000","100 %","0000010000"
"12/6/2023 4:30:00 PM - 5:30:00 PM","45266.5000000000","136,080 MB","142690266453.3333","37,678 MB","39508421973.3333","53 %","53.0000","98,402 MB","103181844480.0000","96 %","96.0000","0 %","0.0000","100 %","0000010000"
"12/6/2023 5:30:00 PM - 6:30:00 PM","45266.5416666667","136,043 MB","142651225429.3333","37,641 MB","39469380949.3333","53 %","53.0000","98,402 MB","103181844480.0000","96 %","96.0000","0 %","0.0000","100 %","0000010000"
"12/6/2023 6:30:00 PM - 7:30:00 PM","45266.5833333333","136,004 MB","142610278400.0000","37,602 MB","39428433920.0000","53 %","53.0000","98,402 MB","103181844480.0000","96 %","96.0000","0 %","0.0000","100 %","0000010000"
"12/6/2023 7:30:00 PM - 8:30:00 PM","45266.6250000000","135,965 MB","142569575082.6667","37,563 MB","39387730602.6667","53 %","53.0000","98,402 MB","103181844480.0000","96 %","96.0000","0 %","0.0000","100 %","0000010000"
"12/6/2023 8:30:00 PM - 9:30:00 PM","45266.6666666667","135,926 MB","142529148928.0000","37,525 MB","39347304448.0000","53 %","53.0000","98,402 MB","103181844480.0000","96 %","96.0000","0 %","0.0000","100 %","0000010000"
"12/6/2023 9:30:00 PM - 10:30:00 PM","45266.7083333333","135,889 MB","142489660074.6667","37,487 MB","39307815594.6667","53 %","53.0000","98,402 MB","103181844480.0000","96 %","96.0000","0 %","0.0000","100 %","0000010000"
"12/6/2023 10:30:00 PM - 11:30:00 PM","45266.7500000000","135,848 MB","142446685525.3333","37,446 MB","39264841045.3333","53 %","53.0000","98,402 MB","103181844480.0000","96 %","96.0000","0 %","0.0000","100 %","0000010000"
"12/6/2023 11:30:00 PM - 12:30:00 AM","45266.7916666667","136,227 MB","142844351829.3333","37,825 MB","39662507349.3333","54 %","53.5000","98,402 MB","103181844480.0000","96 %","96.0000","0 %","0.0000","100 %","0000010000"
"12/7/2023 12:30:00 AM - 1:30:00 AM","45266.8333333333","136,607 MB","143242555392.0000","38,205 MB","40060710912.0000","54 %","54.0000","98,402 MB","103181844480.0000","96 %","96.0000","0 %","0.0000","100 %","0000010000"
"12/7/2023 1:30:00 AM - 2:30:00 AM","45266.8750000000","136,565 MB","143198650368.0000","38,163 MB","40016805888.0000","54 %","54.0000","98,402 MB","103181844480.0000","96 %","96.0000","0 %","0.0000","100 %","0000010000"
"12/7/2023 2:30:00 AM - 3:30:00 AM","45266.9166666667","136,519 MB","143150998186.6667","38,118 MB","39969153706.6667","54 %","54.0000","98,402 MB","103181844480.0000","96 %","96.0000","0 %","0.0000","100 %","0000010000"
"12/7/2023 3:30:00 AM - 4:30:00 AM","45266.9583333333","136,481 MB","143110396586.6667","38,079 MB","39928552106.6667","54 %","54.0000","98,402 MB","103181844480.0000","96 %","96.0000","0 %","0.0000","100 %","0000010000"
"12/7/2023 4:30:00 AM - 5:30:00 AM","45267.0000000000","136,445 MB","143072932522.6667","38,043 MB","39891088042.6667","53 %","53.1667","98,402 MB","103181844480.0000","96 %","96.0000","0 %","0.0000","100 %","0000010000"
"12/7/2023 5:30:00 AM - 6:30:00 AM","45267.0416666667","136,409 MB","143035669162.6667","38,008 MB","39853824682.6667","53 %","53.0000","98,402 MB","103181844480.0000","96 %","96.0000","0 %","0.0000","100 %","0000010000"
"12/7/2023 6:30:00 AM - 7:30:00 AM","45267.0833333333","136,374 MB","142998199637.3333","37,972 MB","39816355157.3333","53 %","53.0000","98,402 MB","103181844480.0000","96 %","96.0000","0 %","0.0000","100 %","0000010000"
"12/7/2023 7:30:00 AM - 8:30:00 AM","45267.1250000000","136,333 MB","142955739136.0000","37,931 MB","39773894656.0000","53 %","53.0000","98,402 MB","103181844480.0000","96 %","96.0000","0 %","0.0000","100 %","0000010000"
"12/7/2023 8:30:00 AM - 9:30:00 AM","45267.1666666667","136,295 MB","142915289088.0000","37,893 MB","39733444608.0000","53 %","53.0000","98,402 MB","103181844480.0000","96 %","96.0000","0 %","0.0000","100 %","0000010000"
"12/7/2023 9:30:00 AM - 10:30:00 AM","45267.2083333333","136,256 MB","142875204949.3333","37,855 MB","39693360469.3333","53 %","53.0000","98,402 MB","103181844480.0000","96 %","96.0000","0 %","0.0000","100 %","0000010000"
"12/7/2023 10:30:00 AM - 11:30:00 AM","45267.2500000000","136,219 MB","142835471701.3333","37,817 MB","39653627221.3333","53 %","53.0000","98,402 MB","103181844480.0000","96 %","96.0000","0 %","0.0000","100 %","0000010000"
"12/7/2023 11:30:00 AM - 12:30:00 PM","45267.2916666667","136,181 MB","142796018346.6667","37,779 MB","39614173866.6667","53 %","53.0000","98,402 MB","103181844480.0000","96 %","96.0000","0 %","0.0000","100 %","0000010000"
"12/7/2023 12:30:00 PM - 1:30:00 PM","45267.3333333333","136,143 MB","142756115797.3333","37,741 MB","39574271317.3333","53 %","53.0000","98,402 MB","103181844480.0000","96 %","96.0000","0 %","0.0000","100 %","0000010000"
"12/7/2023 1:30:00 PM - 2:30:00 PM","45267.3750000000","136,104 MB","142715209045.3333","37,702 MB","39533364565.3333","53 %","53.0000","98,402 MB","103181844480.0000","96 %","96.0000","0 %","0.0000","100 %","0000010000"
"12/7/2023 2:30:00 PM - 3:30:00 PM","45267.4166666667","136,065 MB","142674670250.6667","37,663 MB","39492825770.6667","53 %","53.0000","98,402 MB","103181844480.0000","96 %","96.0000","0 %","0.0000","100 %","0000010000"
"12/7/2023 3:30:00 PM - 4:30:00 PM","45267.4583333333","136,027 MB","142634852352.0000","37,625 MB","39453007872.0000","53 %","53.0000","98,402 MB","103181844480.0000","96 %","96.0000","0 %","0.0000","100 %","0000010000"
"12/7/2023 4:30:00 PM - 5:30:00 PM","45267.5000000000","135,989 MB","142594475349.3333","37,587 MB","39412630869.3333","53 %","53.0000","98,402 MB","103181844480.0000","96 %","96.0000","0 %","0.0000","100 %","0000010000"
"12/7/2023 5:30:00 PM - 6:30:00 PM","45267.5416666667","135,951 MB","142555088213.3333","37,549 MB","39373243733.3333","53 %","53.0000","98,402 MB","103181844480.0000","96 %","96.0000","0 %","0.0000","100 %","0000010000"
"12/7/2023 6:30:00 PM - 7:30:00 PM","45267.5833333333","135,913 MB","142515163818.6667","37,511 MB","39333319338.6667","53 %","53.0000","98,402 MB","103181844480.0000","96 %","96.0000","0 %","0.0000","100 %","0000010000"
"12/7/2023 7:30:00 PM - 8:30:00 PM","45267.6250000000","135,875 MB","142474912426.6667","37,473 MB","39293067946.6667","53 %","53.0000","98,402 MB","103181844480.0000","96 %","96.0000","0 %","0.0000","100 %","0000010000"
"12/7/2023 8:30:00 PM - 9:30:00 PM","45267.6666666667","135,838 MB","142436559530.6667","37,436 MB","39254715050.6667","53 %","53.0000","98,402 MB","103181844480.0000","96 %","96.0000","0 %","0.0000","100 %","0000010000"
"12/7/2023 9:30:00 PM - 10:30:00 PM","45267.7083333333","135,806 MB","142402586624.0000","37,404 MB","39220742144.0000","53 %","53.0000","98,402 MB","103181844480.0000","96 %","96.0000","0 %","0.0000","100 %","0000010000"
"12/7/2023 10:30:00 PM - 11:30:00 PM","45267.7500000000","135,766 MB","142360977408.0000","37,364 MB","39179132928.0000","53 %","53.0000","98,402 MB","103181844480.0000","96 %","96.0000","0 %","0.0000","100 %","0000010000"
"12/7/2023 11:30:00 PM - 12:30:00 AM","45267.7916666667","136,151 MB","142764284586.6667","37,749 MB","39582440106.6667","53 %","53.0000","98,402 MB","103181844480.0000","96 %","96.0000","0 %","0.0000","100 %","0000010000"
"12/8/2023 12:30:00 AM - 1:30:00 AM","45267.8333333333","136,536 MB","143167980885.3333","38,134 MB","39986136405.3333","54 %","54.0000","98,402 MB","103181844480.0000","96 %","96.0000","0 %","0.0000","100 %","0000010000"
"12/8/2023 1:30:00 AM - 2:30:00 AM","45267.8750000000","136,491 MB","143121108309.3333","38,089 MB","39939263829.3333","54 %","54.0000","98,402 MB","103181844480.0000","96 %","96.0000","0 %","0.0000","100 %","0000010000"
"12/8/2023 2:30:00 AM - 3:30:00 AM","45267.9166666667","136,457 MB","143085845845.3333","38,055 MB","39904001365.3333","54 %","53.5000","98,402 MB","103181844480.0000","96 %","96.0000","0 %","0.0000","100 %","0000010000"
"12/8/2023 3:30:00 AM - 4:30:00 AM","45267.9583333333","136,422 MB","143048788650.6667","38,020 MB","39866944170.6667","53 %","53.0000","98,402 MB","103181844480.0000","96 %","96.0000","0 %","0.0000","100 %","0000010000"
"12/8/2023 4:30:00 AM - 5:30:00 AM","45268.0000000000","136,387 MB","143011934890.6667","37,985 MB","39830090410.6667","53 %","53.0000","98,402 MB","103181844480.0000","96 %","96.0000","0 %","0.0000","100 %","0000010000"
"12/8/2023 5:30:00 AM - 6:30:00 AM","45268.0416666667","136,351 MB","142974186837.3333","37,949 MB","39792342357.3333","53 %","53.0000","98,402 MB","103181844480.0000","96 %","96.0000","0 %","0.0000","100 %","0000010000"
"12/8/2023 6:30:00 AM - 7:30:00 AM","45268.0833333333","136,310 MB","142931322197.3333","37,908 MB","39749477717.3333","53 %","53.0000","98,402 MB","103181844480.0000","96 %","96.0000","0 %","0.0000","100 %","0000010000"
"12/8/2023 7:30:00 AM - 8:30:00 AM","45268.1250000000","136,268 MB","142887594666.6667","37,866 MB","39705750186.6667","53 %","53.0000","98,402 MB","103181844480.0000","96 %","96.0000","0 %","0.0000","100 %","0000010000"
"12/8/2023 8:30:00 AM - 9:30:00 AM","45268.1666666667","136,232 MB","142849230848.0000","37,830 MB","39667386368.0000","53 %","53.0000","98,402 MB","103181844480.0000","96 %","96.0000","0 %","0.0000","100 %","0000010000"
"12/8/2023 9:30:00 AM - 10:30:00 AM","45268.2083333333","136,195 MB","142810480640.0000","37,793 MB","39628636160.0000","53 %","53.0000","98,402 MB","103181844480.0000","96 %","96.0000","0 %","0.0000","100 %","0000010000"
"12/8/2023 10:30:00 AM - 11:30:00 AM","45268.2500000000","136,157 MB","142770767872.0000","37,755 MB","39588923392.0000","53 %","53.0000","98,402 MB","103181844480.0000","96 %","96.0000","0 %","0.0000","100 %","0000010000"
"12/8/2023 11:30:00 AM - 12:30:00 PM","45268.2916666667","136,119 MB","142730752000.0000","37,717 MB","39548907520.0000","53 %","53.0000","98,402 MB","103181844480.0000","96 %","96.0000","0 %","0.0000","100 %","0000010000"
"12/8/2023 12:30:00 PM - 1:30:00 PM","45268.3333333333","136,080 MB","142690223445.3333","37,678 MB","39508378965.3333","53 %","53.0000","98,402 MB","103181844480.0000","96 %","96.0000","0 %","0.0000","100 %","0000010000"
"12/8/2023 1:30:00 PM - 2:30:00 PM","45268.3750000000","136,041 MB","142649561088.0000","37,639 MB","39467716608.0000","53 %","53.0000","98,402 MB","103181844480.0000","96 %","96.0000","0 %","0.0000","100 %","0000010000"
"12/8/2023 2:30:00 PM - 3:30:00 PM","45268.4166666667","136,003 MB","142609656490.6667","37,601 MB","39427812010.6667","53 %","53.0000","98,402 MB","103181844480.0000","96 %","96.0000","0 %","0.0000","100 %","0000010000"
"12/8/2023 3:30:00 PM - 4:30:00 PM","45268.4583333333","135,965 MB","142569113600.0000","37,563 MB","39387269120.0000","53 %","53.0000","98,402 MB","103181844480.0000","96 %","96.0000","0 %","0.0000","100 %","0000010000"
"12/8/2023 4:30:00 PM - 5:30:00 PM","45268.5000000000","135,927 MB","142530211840.0000","37,526 MB","39348367360.0000","53 %","53.0000","98,402 MB","103181844480.0000","96 %","96.0000","0 %","0.0000","100 %","0000010000"
"12/8/2023 5:30:00 PM - 6:30:00 PM","45268.5416666667","135,891 MB","142492286293.3333","37,489 MB","39310441813.3333","53 %","53.0000","98,402 MB","103181844480.0000","96 %","96.0000","0 %","0.0000","100 %","0000010000"
"12/8/2023 6:30:00 PM - 7:30:00 PM","45268.5833333333","135,857 MB","142456158208.0000","37,455 MB","39274313728.0000","53 %","53.0000","98,402 MB","103181844480.0000","96 %","96.0000","0 %","0.0000","100 %","0000010000"
"12/8/2023 7:30:00 PM - 8:30:00 PM","45268.6250000000","135,824 MB","142421302613.3333","37,422 MB","39239458133.3333","53 %","53.0000","98,402 MB","103181844480.0000","96 %","96.0000","0 %","0.0000","100 %","0000010000"
"12/8/2023 8:30:00 PM - 9:30:00 PM","45268.6666666667","135,787 MB","142382538752.0000","37,385 MB","39200694272.0000","53 %","53.0000","98,402 MB","103181844480.0000","96 %","96.0000","0 %","0.0000","100 %","0000010000"
"12/8/2023 9:30:00 PM - 10:30:00 PM","45268.7083333333","135,750 MB","142344131925.3333","37,348 MB","39162287445.3333","53 %","52.6667","98,402 MB","103181844480.0000","96 %","96.0000","0 %","0.0000","100 %","0000010000"
"12/8/2023 10:30:00 PM - 11:30:00 PM","45268.7500000000","135,713 MB","142305502549.3333","37,311 MB","39123658069.3333","52 %","52.0000","98,402 MB","103181844480.0000","96 %","96.0000","0 %","0.0000","100 %","0000010000"
"12/8/2023 11:30:00 PM - 12:30:00 AM","45268.7916666667","136,093 MB","142703898624.0000","37,691 MB","39522054144.0000","53 %","53.0000","98,402 MB","103181844480.0000","96 %","96.0000","0 %","0.0000","100 %","0000010000"
"12/9/2023 12:30:00 AM - 1:30:00 AM","45268.8333333333","136,474 MB","143103737856.0000","38,072 MB","39921893376.0000","54 %","54.0000","98,402 MB","103181844480.0000","96 %","96.0000","0 %","0.0000","100 %","0000010000"
"12/9/2023 1:30:00 AM - 2:30:00 AM","45268.8750000000","136,441 MB","143068570965.3333","38,039 MB","39886726485.3333","53 %","53.0000","98,402 MB","103181844480.0000","96 %","96.0000","0 %","0.0000","100 %","0000010000"
"12/9/2023 2:30:00 AM - 3:30:00 AM","45268.9166666667","136,407 MB","143033303040.0000","38,005 MB","39851458560.0000","53 %","53.0000","98,402 MB","103181844480.0000","96 %","96.0000","0 %","0.0000","100 %","0000010000"
"12/9/2023 3:30:00 AM - 4:30:00 AM","45268.9583333333","136,372 MB","142996856149.3333","37,971 MB","39815011669.3333","53 %","53.0000","98,402 MB","103181844480.0000","96 %","96.0000","0 %","0.0000","100 %","0000010000"
"12/9/2023 4:30:00 AM - 5:30:00 AM","45269.0000000000","136,337 MB","142960222208.0000","37,936 MB","39778377728.0000","53 %","53.0000","98,402 MB","103181844480.0000","96 %","96.0000","0 %","0.0000","100 %","0000010000"
"12/9/2023 5:30:00 AM - 6:30:00 AM","45269.0416666667","136,303 MB","142924004693.3333","37,901 MB","39742160213.3333","53 %","53.0000","98,402 MB","103181844480.0000","96 %","96.0000","0 %","0.0000","100 %","0000010000"
"12/9/2023 6:30:00 AM - 7:30:00 AM","45269.0833333333","136,267 MB","142886103722.6667","37,865 MB","39704259242.6667","53 %","53.0000","98,402 MB","103181844480.0000","96 %","96.0000","0 %","0.0000","100 %","0000010000"
"12/9/2023 7:30:00 AM - 8:30:00 AM","45269.1250000000","136,237 MB","142854560426.6667","37,835 MB","39672715946.6667","53 %","53.0000","98,402 MB","103181844480.0000","96 %","96.0000","0 %","0.0000","100 %","0000010000"
"12/9/2023 8:30:00 AM - 9:30:00 AM","45269.1666666667","136,212 MB","142828322816.0000","37,810 MB","39646478336.0000","53 %","53.0000","98,402 MB","103181844480.0000","96 %","96.0000","0 %","0.0000","100 %","0000010000"
"12/9/2023 9:30:00 AM - 10:30:00 AM","45269.2083333333","136,187 MB","142802827264.0000","37,786 MB","39620982784.0000","53 %","53.0000","98,402 MB","103181844480.0000","96 %","96.0000","0 %","0.0000","100 %","0000010000"
"12/9/2023 10:30:00 AM - 11:30:00 AM","45269.2500000000","136,162 MB","142776363690.6667","37,760 MB","39594519210.6667","53 %","53.0000","98,402 MB","103181844480.0000","96 %","96.0000","0 %","0.0000","100 %","0000010000"
"12/9/2023 11:30:00 AM - 12:30:00 PM","45269.2916666667","136,138 MB","142750691328.0000","37,736 MB","39568846848.0000","53 %","53.0000","98,402 MB","103181844480.0000","96 %","96.0000","0 %","0.0000","100 %","0000010000"
"12/9/2023 12:30:00 PM - 1:30:00 PM","45269.3333333333","136,111 MB","142723233792.0000","37,710 MB","39541389312.0000","53 %","53.0000","98,402 MB","103181844480.0000","96 %","96.0000","0 %","0.0000","100 %","0000010000"
"12/9/2023 1:30:00 PM - 2:30:00 PM","45269.3750000000","136,084 MB","142694410240.0000","37,682 MB","39512565760.0000","53 %","53.0000","98,402 MB","103181844480.0000","96 %","96.0000","0 %","0.0000","100 %","0000010000"
"12/9/2023 2:30:00 PM - 3:30:00 PM","45269.4166666667","136,060 MB","142668908544.0000","37,658 MB","39487064064.0000","53 %","53.0000","98,402 MB","103181844480.0000","96 %","96.0000","0 %","0.0000","100 %","0000010000"
"12/9/2023 3:30:00 PM - 4:30:00 PM","45269.4583333333","136,035 MB","142643037525.3333","37,633 MB","39461193045.3333","53 %","53.0000","98,402 MB","103181844480.0000","96 %","96.0000","0 %","0.0000","100 %","0000010000"
"12/9/2023 4:30:00 PM - 5:30:00 PM","45269.5000000000","136,010 MB","142617158997.3333","37,608 MB","39435314517.3333","53 %","53.0000","98,402 MB","103181844480.0000","96 %","96.0000","0 %","0.0000","100 %","0000010000"
"12/9/2023 5:30:00 PM - 6:30:00 PM","45269.5416666667","135,989 MB","142595309568.0000","37,588 MB","39413465088.0000","53 %","53.0000","98,402 MB","103181844480.0000","96 %","96.0000","0 %","0.0000","100 %","0000010000"
"12/9/2023 6:30:00 PM - 7:30:00 PM","45269.5833333333","135,963 MB","142567135914.6667","37,561 MB","39385291434.6667","53 %","53.0000","98,402 MB","103181844480.0000","96 %","96.0000","0 %","0.0000","100 %","0000010000"
"12/9/2023 7:30:00 PM - 8:30:00 PM","45269.6250000000","135,929 MB","142531403776.0000","37,527 MB","39349559296.0000","53 %","53.0000","98,402 MB","103181844480.0000","96 %","96.0000","0 %","0.0000","100 %","0000010000"
"12/9/2023 8:30:00 PM - 9:30:00 PM","45269.6666666667","135,895 MB","142495961088.0000","37,493 MB","39314116608.0000","53 %","53.0000","98,402 MB","103181844480.0000","96 %","96.0000","0 %","0.0000","100 %","0000010000"
"12/9/2023 9:30:00 PM - 10:30:00 PM","45269.7083333333","135,861 MB","142460340906.6667","37,459 MB","39278496426.6667","53 %","53.0000","98,402 MB","103181844480.0000","96 %","96.0000","0 %","0.0000","100 %","0000010000"
"12/9/2023 10:30:00 PM - 11:30:00 PM","45269.7500000000","135,827 MB","142424650410.6667","37,425 MB","39242805930.6667","53 %","53.0000","98,402 MB","103181844480.0000","96 %","96.0000","0 %","0.0000","100 %","0000010000"
"12/9/2023 11:30:00 PM - 12:30:00 AM","45269.7916666667","136,147 MB","142760793429.3333","37,745 MB","39578948949.3333","54 %","53.5000","98,402 MB","103181844480.0000","96 %","96.0000","0 %","0.0000","100 %","0000010000"
"12/10/2023 12:30:00 AM - 1:30:00 AM","45269.8333333333","136,467 MB","143095672149.3333","38,065 MB","39913827669.3333","54 %","53.8333","98,402 MB","103181844480.0000","96 %","96.0000","0 %","0.0000","100 %","0000010000"
"12/10/2023 1:30:00 AM - 2:30:00 AM","45269.8750000000","136,432 MB","143059208874.6667","38,030 MB","39877364394.6667","53 %","53.0000","98,402 MB","103181844480.0000","96 %","96.0000","0 %","0.0000","100 %","0000010000"
"12/10/2023 2:30:00 AM - 3:30:00 AM","45269.9166666667","136,397 MB","143022406997.3333","37,995 MB","39840562517.3333","53 %","53.0000","98,402 MB","103181844480.0000","96 %","96.0000","0 %","0.0000","100 %","0000010000"
"12/10/2023 3:30:00 AM - 4:30:00 AM","45269.9583333333","136,356 MB","142979886421.3333","37,954 MB","39798041941.3333","53 %","53.0000","98,402 MB","103181844480.0000","96 %","96.0000","0 %","0.0000","100 %","0000010000"
"12/10/2023 4:30:00 AM - 5:30:00 AM","45270.0000000000","136,315 MB","142937037482.6667","37,914 MB","39755193002.6667","53 %","53.0000","98,402 MB","103181844480.0000","96 %","96.0000","0 %","0.0000","100 %","0000010000"
"12/10/2023 5:30:00 AM - 6:30:00 AM","45270.0416666667","136,277 MB","142897134933.3333","37,875 MB","39715290453.3333","53 %","53.0000","98,402 MB","103181844480.0000","96 %","96.0000","0 %","0.0000","100 %","0000010000"
"12/10/2023 6:30:00 AM - 7:30:00 AM","45270.0833333333","136,235 MB","142853023744.0000","37,833 MB","39671179264.0000","53 %","53.0000","98,402 MB","103181844480.0000","96 %","96.0000","0 %","0.0000","100 %","0000010000"
"12/10/2023 7:30:00 AM - 8:30:00 AM","45270.1250000000","136,200 MB","142815576064.0000","37,798 MB","39633731584.0000","53 %","53.0000","98,402 MB","103181844480.0000","96 %","96.0000","0 %","0.0000","100 %","0000010000"
"12/10/2023 8:30:00 AM - 9:30:00 AM","45270.1666666667","136,165 MB","142778920960.0000","37,763 MB","39597076480.0000","53 %","53.0000","98,402 MB","103181844480.0000","96 %","96.0000","0 %","0.0000","100 %","0000010000"
"12/10/2023 9:30:00 AM - 10:30:00 AM","45270.2083333333","136,129 MB","142741561344.0000","37,727 MB","39559716864.0000","53 %","53.0000","98,402 MB","103181844480.0000","96 %","96.0000","0 %","0.0000","100 %","0000010000"
"12/10/2023 10:30:00 AM - 11:30:00 AM","45270.2500000000","136,092 MB","142703067136.0000","37,690 MB","39521222656.0000","53 %","53.0000","98,402 MB","103181844480.0000","96 %","96.0000","0 %","0.0000","100 %","0000010000"
"12/10/2023 11:30:00 AM - 12:30:00 PM","45270.2916666667","136,054 MB","142663069696.0000","37,652 MB","39481225216.0000","53 %","53.0000","98,402 MB","103181844480.0000","96 %","96.0000","0 %","0.0000","100 %","0000010000"
"12/10/2023 12:30:00 PM - 1:30:00 PM","45270.3333333333","136,017 MB","142623991808.0000","37,615 MB","39442147328.0000","53 %","53.0000","98,402 MB","103181844480.0000","96 %","96.0000","0 %","0.0000","100 %","0000010000"
"12/10/2023 1:30:00 PM - 2:30:00 PM","45270.3750000000","135,980 MB","142584963072.0000","37,578 MB","39403118592.0000","53 %","53.0000","98,402 MB","103181844480.0000","96 %","96.0000","0 %","0.0000","100 %","0000010000"
"12/10/2023 2:30:00 PM - 3:30:00 PM","45270.4166666667","135,943 MB","142546069504.0000","37,541 MB","39364225024.0000","53 %","53.0000","98,402 MB","103181844480.0000","96 %","96.0000","0 %","0.0000","100 %","0000010000"
"12/10/2023 3:30:00 PM - 4:30:00 PM","45270.4583333333","135,907 MB","142509134506.6667","37,505 MB","39327290026.6667","53 %","53.0000","98,402 MB","103181844480.0000","96 %","96.0000","0 %","0.0000","100 %","0000010000"
"12/10/2023 4:30:00 PM - 5:30:00 PM","45270.5000000000","135,873 MB","142473360725.3333","37,471 MB","39291516245.3333","53 %","53.0000","98,402 MB","103181844480.0000","96 %","96.0000","0 %","0.0000","100 %","0000010000"
"12/10/2023 5:30:00 PM - 6:30:00 PM","45270.5416666667","135,842 MB","142440506026.6667","37,440 MB","39258661546.6667","53 %","53.0000","98,402 MB","103181844480.0000","96 %","96.0000","0 %","0.0000","100 %","0000010000"
"12/10/2023 6:30:00 PM - 7:30:00 PM","45270.5833333333","135,811 MB","142407645184.0000","37,409 MB","39225800704.0000","53 %","53.0000","98,402 MB","103181844480.0000","96 %","96.0000","0 %","0.0000","100 %","0000010000"
"12/10/2023 7:30:00 PM - 8:30:00 PM","45270.6250000000","135,776 MB","142371178496.0000","37,374 MB","39189334016.0000","53 %","53.0000","98,402 MB","103181844480.0000","96 %","96.0000","0 %","0.0000","100 %","0000010000"
"12/10/2023 8:30:00 PM - 9:30:00 PM","45270.6666666667","135,738 MB","142332127914.6667","37,337 MB","39150283434.6667","52 %","52.3333","98,402 MB","103181844480.0000","96 %","96.0000","0 %","0.0000","100 %","0000010000"
"12/10/2023 9:30:00 PM - 10:30:00 PM","45270.7083333333","135,703 MB","142295332181.3333","37,302 MB","39113487701.3333","52 %","52.0000","98,402 MB","103181844480.0000","96 %","96.0000","0 %","0.0000","100 %","0000010000"
"12/10/2023 10:30:00 PM - 11:30:00 PM","45270.7500000000","135,667 MB","142257442816.0000","37,265 MB","39075598336.0000","52 %","52.0000","98,402 MB","103181844480.0000","96 %","96.0000","0 %","0.0000","100 %","0000010000"
"12/10/2023 11:30:00 PM - 12:30:00 AM","45270.7916666667","136,033 MB","142641375914.6667","37,632 MB","39459531434.6667","52 %","52.5000","98,402 MB","103181844480.0000","96 %","96.0000","0 %","0.0000","100 %","0000010000"
"12/11/2023 12:30:00 AM - 1:30:00 AM","45270.8333333333","136,399 MB","143024713728.0000","37,997 MB","39842869248.0000","53 %","53.0000","98,402 MB","103181844480.0000","96 %","96.0000","0 %","0.0000","100 %","0000010000"
"12/11/2023 1:30:00 AM - 2:30:00 AM","45270.8750000000","136,363 MB","142986775210.6667","37,961 MB","39804930730.6667","53 %","53.0000","98,402 MB","103181844480.0000","96 %","96.0000","0 %","0.0000","100 %","0000010000"
"12/11/2023 2:30:00 AM - 3:30:00 AM","45270.9166666667","136,326 MB","142948197717.3333","37,924 MB","39766353237.3333","53 %","53.0000","98,402 MB","103181844480.0000","96 %","96.0000","0 %","0.0000","100 %","0000010000"
"12/11/2023 3:30:00 AM - 4:30:00 AM","45270.9583333333","136,294 MB","142915123200.0000","37,893 MB","39733278720.0000","53 %","53.0000","98,402 MB","103181844480.0000","96 %","96.0000","0 %","0.0000","100 %","0000010000"
"12/11/2023 4:30:00 AM - 5:30:00 AM","45271.0000000000","136,258 MB","142876422826.6667","37,856 MB","39694578346.6667","53 %","53.0000","98,402 MB","103181844480.0000","96 %","96.0000","0 %","0.0000","100 %","0000010000"
"12/11/2023 5:30:00 AM - 6:30:00 AM","45271.0416666667","136,222 MB","142839064576.0000","37,820 MB","39657220096.0000","53 %","53.0000","98,402 MB","103181844480.0000","96 %","96.0000","0 %","0.0000","100 %","0000010000"
"12/11/2023 6:30:00 AM - 7:30:00 AM","45271.0833333333","136,185 MB","142800690517.3333","37,783 MB","39618846037.3333","53 %","53.0000","98,402 MB","103181844480.0000","96 %","96.0000","0 %","0.0000","100 %","0000010000"
"12/11/2023 7:30:00 AM - 8:30:00 AM","45271.1250000000","136,145 MB","142758194517.3333","37,743 MB","39576350037.3333","53 %","53.0000","98,402 MB","103181844480.0000","96 %","96.0000","0 %","0.0000","100 %","0000010000"
"12/11/2023 8:30:00 AM - 9:30:00 AM","45271.1666666667","136,102 MB","142712967850.6667","37,700 MB","39531123370.6667","53 %","53.0000","98,402 MB","103181844480.0000","96 %","96.0000","0 %","0.0000","100 %","0000010000"
"12/11/2023 9:30:00 AM - 10:30:00 AM","45271.2083333333","136,064 MB","142673534976.0000","37,662 MB","39491690496.0000","53 %","53.0000","98,402 MB","103181844480.0000","96 %","96.0000","0 %","0.0000","100 %","0000010000"
"12/11/2023 10:30:00 AM - 11:30:00 AM","45271.2500000000","136,026 MB","142633276757.3333","37,624 MB","39451432277.3333","53 %","53.0000","98,402 MB","103181844480.0000","96 %","96.0000","0 %","0.0000","100 %","0000010000"
"12/11/2023 11:30:00 AM - 12:30:00 PM","45271.2916666667","135,985 MB","142590824448.0000","37,583 MB","39408979968.0000","53 %","53.0000","98,402 MB","103181844480.0000","96 %","96.0000","0 %","0.0000","100 %","0000010000"
"12/11/2023 12:30:00 PM - 1:30:00 PM","45271.3333333333","135,947 MB","142550394880.0000","37,545 MB","39368550400.0000","53 %","53.0000","98,402 MB","103181844480.0000","96 %","96.0000","0 %","0.0000","100 %","0000010000"
"12/11/2023 1:30:00 PM - 2:30:00 PM","45271.3750000000","135,908 MB","142509548885.3333","37,506 MB","39327704405.3333","53 %","53.0000","98,402 MB","103181844480.0000","96 %","96.0000","0 %","0.0000","100 %","0000010000"
"12/11/2023 2:30:00 PM - 3:30:00 PM","45271.4166666667","135,871 MB","142471572138.6667","37,470 MB","39289727658.6667","53 %","53.0000","98,402 MB","103181844480.0000","96 %","96.0000","0 %","0.0000","100 %","0000010000"
"12/11/2023 3:30:00 PM - 4:30:00 PM","45271.4583333333","135,833 MB","142430844928.0000","37,431 MB","39249000448.0000","53 %","53.0000","98,402 MB","103181844480.0000","96 %","96.0000","0 %","0.0000","100 %","0000010000"
"12/11/2023 4:30:00 PM - 5:30:00 PM","45271.5000000000","135,798 MB","142394947584.0000","37,397 MB","39213103104.0000","53 %","53.0000","98,402 MB","103181844480.0000","96 %","96.0000","0 %","0.0000","100 %","0000010000"
"12/11/2023 5:30:00 PM - 6:30:00 PM","45271.5416666667","135,762 MB","142356277248.0000","37,360 MB","39174432768.0000","53 %","53.0000","98,402 MB","103181844480.0000","96 %","96.0000","0 %","0.0000","100 %","0000010000"
"12/11/2023 6:30:00 PM - 7:30:00 PM","45271.5833333333","135,722 MB","142314973866.6667","37,320 MB","39133129386.6667","52 %","52.0000","98,402 MB","103181844480.0000","96 %","96.0000","0 %","0.0000","100 %","0000010000"
"12/11/2023 7:30:00 PM - 8:30:00 PM","45271.6250000000","135,683 MB","142274220032.0000","37,281 MB","39092375552.0000","52 %","52.0000","98,402 MB","103181844480.0000","96 %","96.0000","0 %","0.0000","100 %","0000010000"
"12/11/2023 8:30:00 PM - 9:30:00 PM","45271.6666666667","135,644 MB","142232919381.3333","37,242 MB","39051074901.3333","52 %","52.0000","98,402 MB","103181844480.0000","96 %","96.0000","0 %","0.0000","100 %","0000010000"
"12/11/2023 9:30:00 PM - 10:30:00 PM","45271.7083333333","135,605 MB","142192547840.0000","37,204 MB","39010703360.0000","52 %","52.0000","98,402 MB","103181844480.0000","96 %","96.0000","0 %","0.0000","100 %","0000010000"
"12/11/2023 10:30:00 PM - 11:30:00 PM","45271.7500000000","135,564 MB","142149349376.0000","37,162 MB","38967504896.0000","52 %","52.0000","98,402 MB","103181844480.0000","96 %","96.0000","0 %","0.0000","100 %","0000010000"
"12/11/2023 11:30:00 PM - 12:30:00 AM","45271.7916666667","135,943 MB","142546221738.6667","37,541 MB","39364377258.6667","52 %","52.5000","98,402 MB","103181844480.0000","96 %","96.0000","0 %","0.0000","100 %","0000010000"
"12/12/2023 12:30:00 AM - 1:30:00 AM","45271.8333333333","136,323 MB","142944815104.0000","37,921 MB","39762970624.0000","53 %","53.0000","98,402 MB","103181844480.0000","96 %","96.0000","0 %","0.0000","100 %","0000010000"
"12/12/2023 1:30:00 AM - 2:30:00 AM","45271.8750000000","136,283 MB","142902815402.6667","37,881 MB","39720970922.6667","53 %","53.0000","98,402 MB","103181844480.0000","96 %","96.0000","0 %","0.0000","100 %","0000010000"
"12/12/2023 2:30:00 AM - 3:30:00 AM","45271.9166666667","136,243 MB","142861503829.3333","37,841 MB","39679659349.3333","53 %","53.0000","98,402 MB","103181844480.0000","96 %","96.0000","0 %","0.0000","100 %","0000010000"
"12/12/2023 3:30:00 AM - 4:30:00 AM","45271.9583333333","136,212 MB","142828800682.6667","37,810 MB","39646956202.6667","53 %","53.0000","98,402 MB","103181844480.0000","96 %","96.0000","0 %","0.0000","100 %","0000010000"
"12/12/2023 4:30:00 AM - 5:30:00 AM","45272.0000000000","136,175 MB","142789522090.6667","37,773 MB","39607677610.6667","53 %","53.0000","98,402 MB","103181844480.0000","96 %","96.0000","0 %","0.0000","100 %","0000010000"
"12/12/2023 5:30:00 AM - 6:30:00 AM","45272.0416666667","136,137 MB","142749525333.3333","37,735 MB","39567680853.3333","53 %","53.0000","98,402 MB","103181844480.0000","96 %","96.0000","0 %","0.0000","100 %","0000010000"
"12/12/2023 6:30:00 AM - 7:30:00 AM","45272.0833333333","136,099 MB","142709860352.0000","37,697 MB","39528015872.0000","53 %","53.0000","98,402 MB","103181844480.0000","96 %","96.0000","0 %","0.0000","100 %","0000010000"
"12/12/2023 7:30:00 AM - 8:30:00 AM","45272.1250000000","136,059 MB","142668437504.0000","37,657 MB","39486593024.0000","53 %","53.0000","98,402 MB","103181844480.0000","96 %","96.0000","0 %","0.0000","100 %","0000010000"
"12/12/2023 8:30:00 AM - 9:30:00 AM","45272.1666666667","136,020 MB","142627567616.0000","37,618 MB","39445723136.0000","53 %","53.0000","98,402 MB","103181844480.0000","96 %","96.0000","0 %","0.0000","100 %","0000010000"
"12/12/2023 9:30:00 AM - 10:30:00 AM","45272.2083333333","135,977 MB","142582567594.6667","37,575 MB","39400723114.6667","53 %","53.0000","98,402 MB","103181844480.0000","96 %","96.0000","0 %","0.0000","100 %","0000010000"
"12/12/2023 10:30:00 AM - 11:30:00 AM","45272.2500000000","135,931 MB","142533968554.6667","37,529 MB","39352124074.6667","53 %","53.0000","98,402 MB","103181844480.0000","96 %","96.0000","0 %","0.0000","100 %","0000010000"
"12/12/2023 11:30:00 AM - 12:30:00 PM","45272.2916666667","135,891 MB","142491867818.6667","37,489 MB","39310023338.6667","53 %","53.0000","98,402 MB","103181844480.0000","96 %","96.0000","0 %","0.0000","100 %","0000010000"
"12/12/2023 12:30:00 PM - 1:30:00 PM","45272.3333333333","135,850 MB","142449274197.3333","37,448 MB","39267429717.3333","53 %","53.0000","98,402 MB","103181844480.0000","96 %","96.0000","0 %","0.0000","100 %","0000010000"
"12/12/2023 1:30:00 PM - 2:30:00 PM","45272.3750000000","135,810 MB","142406591829.3333","37,408 MB","39224747349.3333","53 %","53.0000","98,402 MB","103181844480.0000","96 %","96.0000","0 %","0.0000","100 %","0000010000"
"12/12/2023 2:30:00 PM - 3:30:00 PM","45272.4166666667","135,781 MB","142377205760.0000","37,380 MB","39195361280.0000","53 %","53.0000","98,402 MB","103181844480.0000","96 %","96.0000","0 %","0.0000","100 %","0000010000"
"12/12/2023 3:30:00 PM - 4:30:00 PM","45272.4583333333","135,742 MB","142336023893.3333","37,340 MB","39154179413.3333","52 %","52.5000","98,402 MB","103181844480.0000","96 %","96.0000","0 %","0.0000","100 %","0000010000"
"12/12/2023 4:30:00 PM - 5:30:00 PM","45272.5000000000","135,702 MB","142294370304.0000","37,301 MB","39112525824.0000","52 %","52.0000","98,402 MB","103181844480.0000","96 %","96.0000","0 %","0.0000","100 %","0000010000"
"12/12/2023 5:30:00 PM - 6:30:00 PM","45272.5416666667","135,666 MB","142256631808.0000","37,265 MB","39074787328.0000","52 %","52.0000","98,402 MB","103181844480.0000","96 %","96.0000","0 %","0.0000","100 %","0000010000"
"12/12/2023 6:30:00 PM - 7:30:00 PM","45272.5833333333","135,626 MB","142213664768.0000","37,224 MB","39031820288.0000","52 %","52.0000","98,402 MB","103181844480.0000","96 %","96.0000","0 %","0.0000","100 %","0000010000"
"12/12/2023 7:30:00 PM - 8:30:00 PM","45272.6250000000","135,584 MB","142169688064.0000","37,182 MB","38987843584.0000","52 %","52.0000","98,402 MB","103181844480.0000","96 %","96.0000","0 %","0.0000","100 %","0000010000"
"12/12/2023 8:30:00 PM - 9:30:00 PM","45272.6666666667","135,541 MB","142125328384.0000","37,139 MB","38943483904.0000","52 %","52.0000","98,402 MB","103181844480.0000","96 %","96.0000","0 %","0.0000","100 %","0000010000"
"12/12/2023 9:30:00 PM - 10:30:00 PM","45272.7083333333","135,501 MB","142083418112.0000","37,099 MB","38901573632.0000","52 %","52.0000","98,402 MB","103181844480.0000","96 %","96.0000","0 %","0.0000","100 %","0000010000"
"12/12/2023 10:30:00 PM - 11:30:00 PM","45272.7500000000","135,462 MB","142042548906.6667","37,060 MB","38860704426.6667","52 %","52.0000","98,402 MB","103181844480.0000","96 %","96.0000","0 %","0.0000","100 %","0000010000"
"12/12/2023 11:30:00 PM - 12:30:00 AM","45272.7916666667","135,822 MB","142419985066.6667","37,420 MB","39238140586.6667","52 %","52.5000","98,402 MB","103181844480.0000","96 %","96.0000","0 %","0.0000","100 %","0000010000"
"12/13/2023 12:30:00 AM - 1:30:00 AM","45272.8333333333","136,183 MB","142798079317.3333","37,781 MB","39616234837.3333","53 %","53.0000","98,402 MB","103181844480.0000","96 %","96.0000","0 %","0.0000","100 %","0000010000"
"12/13/2023 1:30:00 AM - 2:30:00 AM","45272.8750000000","136,143 MB","142756108970.6667","37,741 MB","39574264490.6667","53 %","53.0000","98,402 MB","103181844480.0000","96 %","96.0000","0 %","0.0000","100 %","0000010000"
"12/13/2023 2:30:00 AM - 3:30:00 AM","45272.9166666667","136,106 MB","142717642069.3333","37,704 MB","39535797589.3333","53 %","53.0000","98,402 MB","103181844480.0000","96 %","96.0000","0 %","0.0000","100 %","0000010000"
"12/13/2023 3:30:00 AM - 4:30:00 AM","45272.9583333333","136,059 MB","142667786922.6667","37,657 MB","39485942442.6667","53 %","53.0000","98,402 MB","103181844480.0000","96 %","96.0000","0 %","0.0000","100 %","0000010000"
"12/13/2023 4:30:00 AM - 5:30:00 AM","45273.0000000000","136,019 MB","142626738858.6667","37,618 MB","39444894378.6667","53 %","53.0000","98,402 MB","103181844480.0000","96 %","96.0000","0 %","0.0000","100 %","0000010000"
"12/13/2023 5:30:00 AM - 6:30:00 AM","45273.0416666667","135,983 MB","142588524544.0000","37,581 MB","39406680064.0000","53 %","53.0000","98,402 MB","103181844480.0000","96 %","96.0000","0 %","0.0000","100 %","0000010000"
"12/13/2023 6:30:00 AM - 7:30:00 AM","45273.0833333333","135,946 MB","142549856256.0000","37,544 MB","39368011776.0000","53 %","53.0000","98,402 MB","103181844480.0000","96 %","96.0000","0 %","0.0000","100 %","0000010000"
"12/13/2023 7:30:00 AM - 8:30:00 AM","45273.1250000000","135,908 MB","142510131882.6667","37,506 MB","39328287402.6667","53 %","53.0000","98,402 MB","103181844480.0000","96 %","96.0000","0 %","0.0000","100 %","0000010000"
"12/13/2023 8:30:00 AM - 9:30:00 AM","45273.1666666667","135,871 MB","142471107242.6667","37,469 MB","39289262762.6667","53 %","53.0000","98,402 MB","103181844480.0000","96 %","96.0000","0 %","0.0000","100 %","0000010000"
"12/13/2023 9:30:00 AM - 10:30:00 AM","45273.2083333333","135,833 MB","142431497557.3333","37,431 MB","39249653077.3333","53 %","53.0000","98,402 MB","103181844480.0000","96 %","96.0000","0 %","0.0000","100 %","0000010000"
"12/13/2023 10:30:00 AM - 11:30:00 AM","45273.2500000000","135,795 MB","142391499434.6667","37,393 MB","39209654954.6667","53 %","53.0000","98,402 MB","103181844480.0000","96 %","96.0000","0 %","0.0000","100 %","0000010000"
"12/13/2023 11:30:00 AM - 12:30:00 PM","45273.2916666667","135,756 MB","142350908757.3333","37,355 MB","39169064277.3333","53 %","52.8333","98,402 MB","103181844480.0000","96 %","96.0000","0 %","0.0000","100 %","0000010000"
"12/13/2023 12:30:00 PM - 1:30:00 PM","45273.3333333333","135,716 MB","142308948650.6667","37,315 MB","39127104170.6667","52 %","52.0000","98,402 MB","103181844480.0000","96 %","96.0000","0 %","0.0000","100 %","0000010000"
"12/13/2023 1:30:00 PM - 2:30:00 PM","45273.3750000000","135,680 MB","142270776661.3333","37,278 MB","39088932181.3333","52 %","52.0000","98,402 MB","103181844480.0000","96 %","96.0000","0 %","0.0000","100 %","0000010000"
"12/13/2023 2:30:00 PM - 3:30:00 PM","45273.4166666667","135,637 MB","142226098176.0000","37,236 MB","39044253696.0000","52 %","52.0000","98,402 MB","103181844480.0000","96 %","96.0000","0 %","0.0000","100 %","0000010000"
"12/13/2023 3:30:00 PM - 4:30:00 PM","45273.4583333333","135,558 MB","142142617600.0000","37,156 MB","38960773120.0000","52 %","52.0000","98,402 MB","103181844480.0000","96 %","96.0000","0 %","0.0000","100 %","0000010000"
"12/13/2023 4:30:00 PM - 5:30:00 PM","45273.5000000000","135,518 MB","142101279402.6667","37,116 MB","38919434922.6667","52 %","52.0000","98,402 MB","103181844480.0000","96 %","96.0000","0 %","0.0000","100 %","0000010000"
"12/13/2023 5:30:00 PM - 6:30:00 PM","45273.5416666667","135,479 MB","142059948714.6667","37,077 MB","38878104234.6667","52 %","52.0000","98,402 MB","103181844480.0000","96 %","96.0000","0 %","0.0000","100 %","0000010000"
"12/13/2023 6:30:00 PM - 7:30:00 PM","45273.5833333333","135,441 MB","142019941717.3333","37,039 MB","38838097237.3333","52 %","52.0000","98,402 MB","103181844480.0000","96 %","96.0000","0 %","0.0000","100 %","0000010000"
"12/13/2023 7:30:00 PM - 8:30:00 PM","45273.6250000000","135,400 MB","141977676458.6667","36,999 MB","38795831978.6667","52 %","52.0000","98,402 MB","103181844480.0000","96 %","96.0000","0 %","0.0000","100 %","0000010000"
"12/13/2023 8:30:00 PM - 9:30:00 PM","45273.6666666667","135,359 MB","141934346240.0000","36,957 MB","38752501760.0000","52 %","52.0000","98,402 MB","103181844480.0000","96 %","96.0000","0 %","0.0000","100 %","0000010000"
"12/13/2023 9:30:00 PM - 10:30:00 PM","45273.7083333333","135,320 MB","141893502976.0000","36,918 MB","38711658496.0000","52 %","52.0000","98,402 MB","103181844480.0000","96 %","96.0000","0 %","0.0000","100 %","0000010000"
"12/13/2023 10:30:00 PM - 11:30:00 PM","45273.7500000000","135,281 MB","141852895232.0000","36,880 MB","38671050752.0000","52 %","52.0000","98,402 MB","103181844480.0000","96 %","96.0000","0 %","0.0000","100 %","0000010000"
"12/13/2023 11:30:00 PM - 12:30:00 AM","45273.7916666667","135,656 MB","142246013610.6667","37,254 MB","39064169130.6667","52 %","52.5000","98,402 MB","103181844480.0000","96 %","96.0000","0 %","0.0000","100 %","0000010000"
"12/14/2023 12:30:00 AM - 1:30:00 AM","45273.8333333333","136,035 MB","142642513920.0000","37,633 MB","39460669440.0000","53 %","53.0000","98,402 MB","103181844480.0000","96 %","96.0000","0 %","0.0000","100 %","0000010000"
"12/14/2023 1:30:00 AM - 2:30:00 AM","45273.8750000000","135,994 MB","142600136021.3333","37,592 MB","39418291541.3333","53 %","53.0000","98,402 MB","103181844480.0000","96 %","96.0000","0 %","0.0000","100 %","0000010000"
"12/14/2023 2:30:00 AM - 3:30:00 AM","45273.9166666667","135,954 MB","142558578688.0000","37,553 MB","39376734208.0000","53 %","53.0000","98,402 MB","103181844480.0000","96 %","96.0000","0 %","0.0000","100 %","0000010000"
"12/14/2023 3:30:00 AM - 4:30:00 AM","45273.9583333333","135,918 MB","142520415573.3333","37,516 MB","39338571093.3333","53 %","53.0000","98,402 MB","103181844480.0000","96 %","96.0000","0 %","0.0000","100 %","0000010000"
"12/14/2023 4:30:00 AM - 5:30:00 AM","45274.0000000000","135,883 MB","142483736576.0000","37,481 MB","39301892096.0000","53 %","53.0000","98,402 MB","103181844480.0000","96 %","96.0000","0 %","0.0000","100 %","0000010000"
"12/14/2023 5:30:00 AM - 6:30:00 AM","45274.0416666667","135,846 MB","142445199360.0000","37,444 MB","39263354880.0000","53 %","53.0000","98,402 MB","103181844480.0000","96 %","96.0000","0 %","0.0000","100 %","0000010000"
"12/14/2023 6:30:00 AM - 7:30:00 AM","45274.0833333333","135,810 MB","142406640981.3333","37,408 MB","39224796501.3333","53 %","53.0000","98,402 MB","103181844480.0000","96 %","96.0000","0 %","0.0000","100 %","0000010000"
"12/14/2023 7:30:00 AM - 8:30:00 AM","45274.1250000000","135,770 MB","142365464576.0000","37,368 MB","39183620096.0000","53 %","53.0000","98,402 MB","103181844480.0000","96 %","96.0000","0 %","0.0000","100 %","0000010000"
"12/14/2023 8:30:00 AM - 9:30:00 AM","45274.1666666667","135,732 MB","142325201578.6667","37,330 MB","39143357098.6667","52 %","52.1667","98,402 MB","103181844480.0000","96 %","96.0000","0 %","0.0000","100 %","0000010000"
"12/14/2023 9:30:00 AM - 10:30:00 AM","45274.2083333333","135,694 MB","142285765290.6667","37,292 MB","39103920810.6667","52 %","52.0000","98,402 MB","103181844480.0000","96 %","96.0000","0 %","0.0000","100 %","0000010000"
"12/14/2023 10:30:00 AM - 11:30:00 AM","45274.2500000000","135,659 MB","142248258218.6667","37,257 MB","39066413738.6667","52 %","52.0000","98,402 MB","103181844480.0000","96 %","96.0000","0 %","0.0000","100 %","0000010000"
"12/14/2023 11:30:00 AM - 12:30:00 PM","45274.2916666667","135,619 MB","142207255893.3333","37,218 MB","39025411413.3333","52 %","52.0000","98,402 MB","103181844480.0000","96 %","96.0000","0 %","0.0000","100 %","0000010000"
"12/14/2023 12:30:00 PM - 1:30:00 PM","45274.3333333333","135,581 MB","142166599680.0000","37,179 MB","38984755200.0000","52 %","52.0000","98,402 MB","103181844480.0000","96 %","96.0000","0 %","0.0000","100 %","0000010000"
"12/14/2023 1:30:00 PM - 2:30:00 PM","45274.3750000000","135,539 MB","142122841429.3333","37,137 MB","38940996949.3333","52 %","52.0000","98,402 MB","103181844480.0000","96 %","96.0000","0 %","0.0000","100 %","0000010000"
"12/14/2023 2:30:00 PM - 3:30:00 PM","45274.4166666667","135,494 MB","142076147712.0000","37,092 MB","38894303232.0000","52 %","52.0000","98,402 MB","103181844480.0000","96 %","96.0000","0 %","0.0000","100 %","0000010000"
"12/14/2023 3:30:00 PM - 4:30:00 PM","45274.4583333333","135,458 MB","142038291797.3333","37,056 MB","38856447317.3333","52 %","52.0000","98,402 MB","103181844480.0000","96 %","96.0000","0 %","0.0000","100 %","0000010000"
"12/14/2023 4:30:00 PM - 5:30:00 PM","45274.5000000000","135,424 MB","142002107050.6667","37,022 MB","38820262570.6667","52 %","52.0000","98,402 MB","103181844480.0000","96 %","96.0000","0 %","0.0000","100 %","0000010000"
"12/14/2023 5:30:00 PM - 6:30:00 PM","45274.5416666667","135,401 MB","141978440362.6667","36,999 MB","38796595882.6667","52 %","52.0000","98,402 MB","103181844480.0000","96 %","96.0000","0 %","0.0000","100 %","0000010000"
"12/14/2023 6:30:00 PM - 7:30:00 PM","45274.5833333333","135,389 MB","141965479253.3333","36,987 MB","38783634773.3333","52 %","52.0000","98,402 MB","103181844480.0000","96 %","96.0000","0 %","0.0000","100 %","0000010000"
"12/14/2023 7:30:00 PM - 8:30:00 PM","45274.6250000000","135,349 MB","141924042752.0000","36,947 MB","38742198272.0000","52 %","52.0000","98,402 MB","103181844480.0000","96 %","96.0000","0 %","0.0000","100 %","0000010000"
"12/14/2023 8:30:00 PM - 9:30:00 PM","45274.6666666667","135,309 MB","141881676458.6667","36,907 MB","38699831978.6667","52 %","52.0000","98,402 MB","103181844480.0000","96 %","96.0000","0 %","0.0000","100 %","0000010000"
"12/14/2023 9:30:00 PM - 10:30:00 PM","45274.7083333333","135,271 MB","141841525418.6667","36,869 MB","38659680938.6667","52 %","52.0000","98,402 MB","103181844480.0000","96 %","96.0000","0 %","0.0000","100 %","0000010000"
"12/14/2023 10:30:00 PM - 11:30:00 PM","45274.7500000000","135,233 MB","141802233173.3333","36,831 MB","38620388693.3333","52 %","52.0000","98,402 MB","103181844480.0000","96 %","96.0000","0 %","0.0000","100 %","0000010000"
"12/14/2023 11:30:00 PM - 12:30:00 AM","45274.7916666667","135,618 MB","142205602474.6667","37,216 MB","39023757994.6667","52 %","52.5000","98,402 MB","103181844480.0000","96 %","96.0000","0 %","0.0000","100 %","0000010000"
"12/15/2023 12:30:00 AM - 1:30:00 AM","45274.8333333333","136,004 MB","142610350762.6667","37,602 MB","39428506282.6667","53 %","53.0000","98,402 MB","103181844480.0000","96 %","96.0000","0 %","0.0000","100 %","0000010000"
"12/15/2023 1:30:00 AM - 2:30:00 AM","45274.8750000000","135,969 MB","142573381632.0000","37,567 MB","39391537152.0000","53 %","53.0000","98,402 MB","103181844480.0000","96 %","96.0000","0 %","0.0000","100 %","0000010000"
"12/15/2023 2:30:00 AM - 3:30:00 AM","45274.9166666667","135,932 MB","142534773418.6667","37,530 MB","39352928938.6667","53 %","53.0000","98,402 MB","103181844480.0000","96 %","96.0000","0 %","0.0000","100 %","0000010000"
"12/15/2023 3:30:00 AM - 4:30:00 AM","45274.9583333333","135,893 MB","142494532949.3333","37,492 MB","39312688469.3333","53 %","53.0000","98,402 MB","103181844480.0000","96 %","96.0000","0 %","0.0000","100 %","0000010000"
"12/15/2023 4:30:00 AM - 5:30:00 AM","45275.0000000000","135,856 MB","142454885717.3333","37,454 MB","39273041237.3333","53 %","53.0000","98,402 MB","103181844480.0000","96 %","96.0000","0 %","0.0000","100 %","0000010000"
"12/15/2023 5:30:00 AM - 6:30:00 AM","45275.0416666667","135,819 MB","142416741717.3333","37,417 MB","39234897237.3333","53 %","53.0000","98,402 MB","103181844480.0000","96 %","96.0000","0 %","0.0000","100 %","0000010000"
"12/15/2023 6:30:00 AM - 7:30:00 AM","45275.0833333333","135,783 MB","142378366976.0000","37,381 MB","39196522496.0000","53 %","53.0000","98,402 MB","103181844480.0000","96 %","96.0000","0 %","0.0000","100 %","0000010000"
"12/15/2023 7:30:00 AM - 8:30:00 AM","45275.1250000000","135,744 MB","142337989290.6667","37,342 MB","39156144810.6667","52 %","52.5000","98,402 MB","103181844480.0000","96 %","96.0000","0 %","0.0000","100 %","0000010000"
"12/15/2023 8:30:00 AM - 9:30:00 AM","45275.1666666667","135,709 MB","142301218816.0000","37,307 MB","39119374336.0000","52 %","52.0000","98,402 MB","103181844480.0000","96 %","96.0000","0 %","0.0000","100 %","0000010000"
"12/15/2023 9:30:00 AM - 10:30:00 AM","45275.2083333333","135,674 MB","142264698880.0000","37,272 MB","39082854400.0000","52 %","52.0000","98,402 MB","103181844480.0000","96 %","96.0000","0 %","0.0000","100 %","0000010000"
"12/15/2023 10:30:00 AM - 11:30:00 AM","45275.2500000000","135,637 MB","142225866069.3333","37,235 MB","39044021589.3333","52 %","52.0000","98,402 MB","103181844480.0000","96 %","96.0000","0 %","0.0000","100 %","0000010000"
"12/15/2023 11:30:00 AM - 12:30:00 PM","45275.2916666667","135,244 MB","141813528576.0000","36,842 MB","38631684096.0000","52 %","51.5000","98,402 MB","103181844480.0000","96 %","96.0000","0 %","0.0000","100 %","0000010000"
"12/15/2023 12:30:00 PM - 1:30:00 PM","45275.3333333333","134,955 MB","141510879914.6667","36,553 MB","38329035434.6667","51 %","51.0000","98,402 MB","103181844480.0000","96 %","96.0000","0 %","0.0000","100 %","0000010000"
"12/15/2023 1:30:00 PM - 2:30:00 PM","45275.3750000000","134,917 MB","141471083861.3333","36,515 MB","38289239381.3333","51 %","51.0000","98,402 MB","103181844480.0000","96 %","96.0000","0 %","0.0000","100 %","0000010000"
"12/15/2023 2:30:00 PM - 3:30:00 PM","45275.4166666667","134,886 MB","141437919232.0000","36,484 MB","38256074752.0000","51 %","51.0000","98,402 MB","103181844480.0000","96 %","96.0000","0 %","0.0000","100 %","0000010000"
"12/15/2023 3:30:00 PM - 4:30:00 PM","45275.4583333333","134,853 MB","141404084906.6667","36,452 MB","38222240426.6667","51 %","51.0000","98,402 MB","103181844480.0000","96 %","96.0000","0 %","0.0000","100 %","0000010000"
"12/15/2023 4:30:00 PM - 5:30:00 PM","45275.5000000000","134,808 MB","141356868949.3333","36,407 MB","38175024469.3333","51 %","51.0000","98,402 MB","103181844480.0000","96 %","96.0000","0 %","0.0000","100 %","0000010000"
"12/15/2023 5:30:00 PM - 6:30:00 PM","45275.5416666667","134,770 MB","141316954112.0000","36,368 MB","38135109632.0000","51 %","51.0000","98,402 MB","103181844480.0000","96 %","96.0000","0 %","0.0000","100 %","0000010000"
"12/15/2023 6:30:00 PM - 7:30:00 PM","45275.5833333333","134,732 MB","141277119829.3333","36,330 MB","38095275349.3333","51 %","51.0000","98,402 MB","103181844480.0000","96 %","96.0000","0 %","0.0000","100 %","0000010000"
"12/15/2023 7:30:00 PM - 8:30:00 PM","45275.6250000000","134,695 MB","141237861034.6667","36,293 MB","38056016554.6667","51 %","51.0000","98,402 MB","103181844480.0000","96 %","96.0000","0 %","0.0000","100 %","0000010000"
"12/15/2023 8:30:00 PM - 9:30:00 PM","45275.6666666667","134,658 MB","141199668565.3333","36,257 MB","38017824085.3333","51 %","51.0000","98,402 MB","103181844480.0000","96 %","96.0000","0 %","0.0000","100 %","0000010000"
"12/15/2023 9:30:00 PM - 10:30:00 PM","45275.7083333333","134,622 MB","141161497941.3333","36,220 MB","37979653461.3333","51 %","51.0000","98,402 MB","103181844480.0000","96 %","96.0000","0 %","0.0000","100 %","0000010000"
"12/15/2023 10:30:00 PM - 11:30:00 PM","45275.7500000000","134,584 MB","141121581056.0000","36,182 MB","37939736576.0000","51 %","51.0000","98,402 MB","103181844480.0000","96 %","96.0000","0 %","0.0000","100 %","0000010000"
"12/15/2023 11:30:00 PM - 12:30:00 AM","45275.7916666667","134,967 MB","141523627349.3333","36,566 MB","38341782869.3333","52 %","51.5000","98,402 MB","103181844480.0000","96 %","96.0000","0 %","0.0000","100 %","0000010000"
"12/16/2023 12:30:00 AM - 1:30:00 AM","45275.8333333333","135,354 MB","141929334784.0000","36,952 MB","38747490304.0000","52 %","52.0000","98,402 MB","103181844480.0000","96 %","96.0000","0 %","0.0000","100 %","0000010000"
"12/16/2023 1:30:00 AM - 2:30:00 AM","45275.8750000000","135,316 MB","141889157802.6667","36,914 MB","38707313322.6667","52 %","52.0000","98,402 MB","103181844480.0000","96 %","96.0000","0 %","0.0000","100 %","0000010000"
"12/16/2023 2:30:00 AM - 3:30:00 AM","45275.9166666667","135,285 MB","141856819882.6667","36,883 MB","38674975402.6667","52 %","52.0000","98,402 MB","103181844480.0000","96 %","96.0000","0 %","0.0000","100 %","0000010000"
"12/16/2023 3:30:00 AM - 4:30:00 AM","45275.9583333333","135,013 MB","141571289088.0000","36,611 MB","38389444608.0000","52 %","51.5000","98,402 MB","103181844480.0000","96 %","96.0000","0 %","0.0000","100 %","0000010000"
"12/16/2023 4:30:00 AM - 5:30:00 AM","45276.0000000000","136,382 MB","143006674261.3333","37,980 MB","39824829781.3333","53 %","53.0000","98,402 MB","103181844480.0000","96 %","96.0000","0 %","0.0000","100 %","0000010000"
"12/16/2023 5:30:00 AM - 6:30:00 AM","45276.0416666667","136,526 MB","143157586602.6667","38,124 MB","39975742122.6667","54 %","53.8333","98,402 MB","103181844480.0000","96 %","96.0000","0 %","0.0000","100 %","0000010000"
"12/16/2023 6:30:00 AM - 7:30:00 AM","45276.0833333333","136,361 MB","142984947712.0000","37,959 MB","39803103232.0000","53 %","53.0000","98,402 MB","103181844480.0000","96 %","96.0000","0 %","0.0000","100 %","0000010000"
"12/16/2023 7:30:00 AM - 8:30:00 AM","45276.1250000000","136,298 MB","142918436181.3333","37,896 MB","39736591701.3333","53 %","53.0000","98,402 MB","103181844480.0000","96 %","96.0000","0 %","0.0000","100 %","0000010000"
"12/16/2023 8:30:00 AM - 9:30:00 AM","45276.1666666667","136,264 MB","142882676053.3333","37,862 MB","39700831573.3333","53 %","53.0000","98,402 MB","103181844480.0000","96 %","96.0000","0 %","0.0000","100 %","0000010000"
"12/16/2023 9:30:00 AM - 10:30:00 AM","45276.2083333333","136,229 MB","142846669482.6667","37,827 MB","39664825002.6667","53 %","53.0000","98,402 MB","103181844480.0000","96 %","96.0000","0 %","0.0000","100 %","0000010000"
"12/16/2023 10:30:00 AM - 11:30:00 AM","45276.2500000000","136,195 MB","142810454698.6667","37,793 MB","39628610218.6667","53 %","53.0000","98,402 MB","103181844480.0000","96 %","96.0000","0 %","0.0000","100 %","0000010000"
"12/16/2023 11:30:00 AM - 12:30:00 PM","45276.2916666667","136,161 MB","142775255722.6667","37,759 MB","39593411242.6667","53 %","53.0000","98,402 MB","103181844480.0000","96 %","96.0000","0 %","0.0000","100 %","0000010000"
"12/16/2023 12:30:00 PM - 1:30:00 PM","45276.3333333333","136,126 MB","142738886656.0000","37,725 MB","39557042176.0000","53 %","53.0000","98,402 MB","103181844480.0000","96 %","96.0000","0 %","0.0000","100 %","0000010000"
"12/16/2023 1:30:00 PM - 2:30:00 PM","45276.3750000000","136,092 MB","142703094442.6667","37,690 MB","39521249962.6667","53 %","53.0000","98,402 MB","103181844480.0000","96 %","96.0000","0 %","0.0000","100 %","0000010000"
"12/16/2023 2:30:00 PM - 3:30:00 PM","45276.4166666667","136,062 MB","142671739562.6667","37,660 MB","39489895082.6667","53 %","53.0000","98,402 MB","103181844480.0000","96 %","96.0000","0 %","0.0000","100 %","0000010000"
"12/16/2023 3:30:00 PM - 4:30:00 PM","45276.4583333333","136,029 MB","142636705792.0000","37,627 MB","39454861312.0000","53 %","53.0000","98,402 MB","103181844480.0000","96 %","96.0000","0 %","0.0000","100 %","0000010000"
"12/16/2023 4:30:00 PM - 5:30:00 PM","45276.5000000000","135,994 MB","142600123050.6667","37,592 MB","39418278570.6667","53 %","53.0000","98,402 MB","103181844480.0000","96 %","96.0000","0 %","0.0000","100 %","0000010000"
"12/16/2023 5:30:00 PM - 6:30:00 PM","45276.5416666667","135,961 MB","142565274282.6667","37,559 MB","39383429802.6667","53 %","53.0000","98,402 MB","103181844480.0000","96 %","96.0000","0 %","0.0000","100 %","0000010000"
"12/16/2023 6:30:00 PM - 7:30:00 PM","45276.5833333333","135,928 MB","142530493781.3333","37,526 MB","39348649301.3333","53 %","53.0000","98,402 MB","103181844480.0000","96 %","96.0000","0 %","0.0000","100 %","0000010000"
"12/16/2023 7:30:00 PM - 8:30:00 PM","45276.6250000000","135,895 MB","142495747413.3333","37,493 MB","39313902933.3333","53 %","53.0000","98,402 MB","103181844480.0000","96 %","96.0000","0 %","0.0000","100 %","0000010000"
"12/16/2023 8:30:00 PM - 9:30:00 PM","45276.6666666667","135,857 MB","142455899477.3333","37,455 MB","39274054997.3333","53 %","53.0000","98,402 MB","103181844480.0000","96 %","96.0000","0 %","0.0000","100 %","0000010000"
"12/16/2023 9:30:00 PM - 10:30:00 PM","45276.7083333333","135,823 MB","142420547584.0000","37,421 MB","39238703104.0000","53 %","53.0000","98,402 MB","103181844480.0000","96 %","96.0000","0 %","0.0000","100 %","0000010000"
"12/16/2023 10:30:00 PM - 11:30:00 PM","45276.7500000000","135,790 MB","142386144402.2857","37,388 MB","39204299922.2857","53 %","53.0000","98,402 MB","103181844480.0000","96 %","96.0000","0 %","0.0000","100 %","0000010000"
"12/16/2023 11:30:00 PM - 12:30:00 AM","45276.7916666667","136,100 MB","142711669418.6667","37,699 MB","39529824938.6667","53 %","53.0000","98,402 MB","103181844480.0000","96 %","96.0000","0 %","0.0000","100 %","0000010000"
"12/17/2023 12:30:00 AM - 1:30:00 AM","45276.8333333333","136,409 MB","143035335338.6667","38,007 MB","39853490858.6667","53 %","53.0000","98,402 MB","103181844480.0000","96 %","96.0000","0 %","0.0000","100 %","0000010000"
"12/17/2023 1:30:00 AM - 2:30:00 AM","45276.8750000000","136,374 MB","142998858410.6667","37,972 MB","39817013930.6667","53 %","53.0000","98,402 MB","103181844480.0000","96 %","96.0000","0 %","0.0000","100 %","0000010000"
"12/17/2023 2:30:00 AM - 3:30:00 AM","45276.9166666667","136,347 MB","142970411008.0000","37,945 MB","39788566528.0000","53 %","53.0000","98,402 MB","103181844480.0000","96 %","96.0000","0 %","0.0000","100 %","0000010000"
"12/17/2023 3:30:00 AM - 4:30:00 AM","45276.9583333333","136,313 MB","142934340266.6667","37,911 MB","39752495786.6667","53 %","53.0000","98,402 MB","103181844480.0000","96 %","96.0000","0 %","0.0000","100 %","0000010000"
"12/17/2023 4:30:00 AM - 5:30:00 AM","45277.0000000000","136,279 MB","142898735104.0000","37,877 MB","39716890624.0000","53 %","53.0000","98,402 MB","103181844480.0000","96 %","96.0000","0 %","0.0000","100 %","0000010000"
"12/17/2023 5:30:00 AM - 6:30:00 AM","45277.0416666667","136,244 MB","142862459562.6667","37,842 MB","39680615082.6667","53 %","53.0000","98,402 MB","103181844480.0000","96 %","96.0000","0 %","0.0000","100 %","0000010000"
"12/17/2023 6:30:00 AM - 7:30:00 AM","45277.0833333333","136,209 MB","142825493845.3333","37,807 MB","39643649365.3333","53 %","53.0000","98,402 MB","103181844480.0000","96 %","96.0000","0 %","0.0000","100 %","0000010000"
"12/17/2023 7:30:00 AM - 8:30:00 AM","45277.1250000000","136,174 MB","142789055829.3333","37,772 MB","39607211349.3333","53 %","53.0000","98,402 MB","103181844480.0000","96 %","96.0000","0 %","0.0000","100 %","0000010000"
"12/17/2023 8:30:00 AM - 9:30:00 AM","45277.1666666667","136,139 MB","142752563882.6667","37,738 MB","39570719402.6667","53 %","53.0000","98,402 MB","103181844480.0000","96 %","96.0000","0 %","0.0000","100 %","0000010000"
"12/17/2023 9:30:00 AM - 10:30:00 AM","45277.2083333333","136,105 MB","142716169557.3333","37,703 MB","39534325077.3333","53 %","53.0000","98,402 MB","103181844480.0000","96 %","96.0000","0 %","0.0000","100 %","0000010000"
"12/17/2023 10:30:00 AM - 11:30:00 AM","45277.2500000000","136,070 MB","142679600469.3333","37,668 MB","39497755989.3333","53 %","53.0000","98,402 MB","103181844480.0000","96 %","96.0000","0 %","0.0000","100 %","0000010000"
"12/17/2023 11:30:00 AM - 12:30:00 PM","45277.2916666667","136,035 MB","142642838869.3333","37,633 MB","39460994389.3333","53 %","53.0000","98,402 MB","103181844480.0000","96 %","96.0000","0 %","0.0000","100 %","0000010000"
"12/17/2023 12:30:00 PM - 1:30:00 PM","45277.3333333333","136,000 MB","142606246570.6667","37,598 MB","39424402090.6667","53 %","53.0000","98,402 MB","103181844480.0000","96 %","96.0000","0 %","0.0000","100 %","0000010000"
"12/17/2023 1:30:00 PM - 2:30:00 PM","45277.3750000000","135,965 MB","142569614677.3333","37,563 MB","39387770197.3333","53 %","53.0000","98,402 MB","103181844480.0000","96 %","96.0000","0 %","0.0000","100 %","0000010000"
"12/17/2023 2:30:00 PM - 3:30:00 PM","45277.4166666667","135,930 MB","142533382826.6667","37,529 MB","39351538346.6667","53 %","53.0000","98,402 MB","103181844480.0000","96 %","96.0000","0 %","0.0000","100 %","0000010000"
"12/17/2023 3:30:00 PM - 4:30:00 PM","45277.4583333333","135,896 MB","142496771413.3333","37,494 MB","39314926933.3333","53 %","53.0000","98,402 MB","103181844480.0000","96 %","96.0000","0 %","0.0000","100 %","0000010000"
"12/17/2023 4:30:00 PM - 5:30:00 PM","45277.5000000000","135,861 MB","142460497920.0000","37,459 MB","39278653440.0000","53 %","53.0000","98,402 MB","103181844480.0000","96 %","96.0000","0 %","0.0000","100 %","0000010000"
"12/17/2023 5:30:00 PM - 6:30:00 PM","45277.5416666667","135,928 MB","142530336085.3333","37,526 MB","39348491605.3333","53 %","53.0000","98,402 MB","103181844480.0000","96 %","96.0000","0 %","0.0000","100 %","0000010000"
"12/17/2023 6:30:00 PM - 7:30:00 PM","45277.5833333333","136,397 MB","143022409045.3333","37,995 MB","39840564565.3333","53 %","53.0000","98,402 MB","103181844480.0000","96 %","96.0000","0 %","0.0000","100 %","0000010000"
"12/17/2023 7:30:00 PM - 8:30:00 PM","45277.6250000000","136,362 MB","142985986048.0000","37,960 MB","39804141568.0000","53 %","53.0000","98,402 MB","103181844480.0000","96 %","96.0000","0 %","0.0000","100 %","0000010000"
"12/17/2023 8:30:00 PM - 9:30:00 PM","45277.6666666667","136,328 MB","142949918720.0000","37,926 MB","39768074240.0000","53 %","53.0000","98,402 MB","103181844480.0000","96 %","96.0000","0 %","0.0000","100 %","0000010000"
"12/17/2023 9:30:00 PM - 10:30:00 PM","45277.7083333333","136,293 MB","142913317546.6667","37,891 MB","39731473066.6667","53 %","53.0000","98,402 MB","103181844480.0000","96 %","96.0000","0 %","0.0000","100 %","0000010000"
"12/17/2023 10:30:00 PM - 11:30:00 PM","45277.7500000000","136,258 MB","142877199701.3333","37,856 MB","39695355221.3333","53 %","53.0000","98,402 MB","103181844480.0000","96 %","96.0000","0 %","0.0000","100 %","0000010000"
"12/17/2023 11:30:00 PM - 12:30:00 AM","45277.7916666667","136,616 MB","143251811669.3333","38,214 MB","40069967189.3333","54 %","53.5000","98,402 MB","103181844480.0000","96 %","96.0000","0 %","0.0000","100 %","0000010000"
"12/18/2023 12:30:00 AM - 1:30:00 AM","45277.8333333333","136,975 MB","143628463445.3333","38,573 MB","40446618965.3333","54 %","54.0000","98,402 MB","103181844480.0000","96 %","96.0000","0 %","0.0000","100 %","0000010000"
"12/18/2023 1:30:00 AM - 2:30:00 AM","45277.8750000000","136,939 MB","143590672384.0000","38,537 MB","40408827904.0000","54 %","54.0000","98,402 MB","103181844480.0000","96 %","96.0000","0 %","0.0000","100 %","0000010000"
"12/18/2023 2:30:00 AM - 3:30:00 AM","45277.9166666667","136,907 MB","143557351424.0000","38,505 MB","40375506944.0000","54 %","54.0000","98,402 MB","103181844480.0000","96 %","96.0000","0 %","0.0000","100 %","0000010000"
"12/18/2023 3:30:00 AM - 4:30:00 AM","45277.9583333333","136,875 MB","143524284416.0000","38,474 MB","40342439936.0000","54 %","54.0000","98,402 MB","103181844480.0000","96 %","96.0000","0 %","0.0000","100 %","0000010000"
"12/18/2023 4:30:00 AM - 5:30:00 AM","45278.0000000000","136,857 MB","143504842069.3333","38,455 MB","40322997589.3333","54 %","54.0000","98,402 MB","103181844480.0000","96 %","96.0000","0 %","0.0000","100 %","0000010000"
"12/18/2023 5:30:00 AM - 6:30:00 AM","45278.0416666667","136,855 MB","143502564010.6667","38,453 MB","40320719530.6667","54 %","54.0000","98,402 MB","103181844480.0000","96 %","96.0000","0 %","0.0000","100 %","0000010000"
"12/18/2023 6:30:00 AM - 7:30:00 AM","45278.0833333333","136,818 MB","143464519680.0000","38,417 MB","40282675200.0000","54 %","54.0000","98,402 MB","103181844480.0000","96 %","96.0000","0 %","0.0000","100 %","0000010000"
"12/18/2023 7:30:00 AM - 8:30:00 AM","45278.1250000000","136,780 MB","143424225280.0000","38,378 MB","40242380800.0000","54 %","54.0000","98,402 MB","103181844480.0000","96 %","96.0000","0 %","0.0000","100 %","0000010000"
"12/18/2023 8:30:00 AM - 9:30:00 AM","45278.1666666667","136,743 MB","143385060693.3333","38,341 MB","40203216213.3333","54 %","54.0000","98,402 MB","103181844480.0000","96 %","96.0000","0 %","0.0000","100 %","0000010000"
"12/18/2023 9:30:00 AM - 10:30:00 AM","45278.2083333333","136,705 MB","143345853781.3333","38,303 MB","40164009301.3333","54 %","54.0000","98,402 MB","103181844480.0000","96 %","96.0000","0 %","0.0000","100 %","0000010000"
"12/18/2023 10:30:00 AM - 11:30:00 AM","45278.2500000000","136,668 MB","143306308949.3333","38,266 MB","40124464469.3333","54 %","54.0000","98,402 MB","103181844480.0000","96 %","96.0000","0 %","0.0000","100 %","0000010000"
"12/18/2023 11:30:00 AM - 12:30:00 PM","45278.2916666667","136,630 MB","143267394901.3333","38,229 MB","40085550421.3333","54 %","54.0000","98,402 MB","103181844480.0000","96 %","96.0000","0 %","0.0000","100 %","0000010000"
"12/18/2023 12:30:00 PM - 1:30:00 PM","45278.3333333333","136,593 MB","143228148394.6667","38,191 MB","40046303914.6667","54 %","54.0000","98,402 MB","103181844480.0000","96 %","96.0000","0 %","0.0000","100 %","0000010000"
"12/18/2023 1:30:00 PM - 2:30:00 PM","45278.3750000000","136,555 MB","143187960490.6667","38,153 MB","40006116010.6667","54 %","54.0000","98,402 MB","103181844480.0000","96 %","96.0000","0 %","0.0000","100 %","0000010000"
"12/18/2023 2:30:00 PM - 3:30:00 PM","45278.4166666667","136,519 MB","143150735360.0000","38,117 MB","39968890880.0000","54 %","54.0000","98,402 MB","103181844480.0000","96 %","96.0000","0 %","0.0000","100 %","0000010000"
"12/18/2023 3:30:00 PM - 4:30:00 PM","45278.4583333333","136,481 MB","143110986410.6667","38,079 MB","39929141930.6667","54 %","54.0000","98,402 MB","103181844480.0000","96 %","96.0000","0 %","0.0000","100 %","0000010000"
"12/18/2023 4:30:00 PM - 5:30:00 PM","45278.5000000000","136,444 MB","143071823872.0000","38,042 MB","39889979392.0000","53 %","53.1667","98,402 MB","103181844480.0000","96 %","96.0000","0 %","0.0000","100 %","0000010000"
"12/18/2023 5:30:00 PM - 6:30:00 PM","45278.5416666667","136,407 MB","143032725504.0000","38,005 MB","39850881024.0000","53 %","53.0000","98,402 MB","103181844480.0000","96 %","96.0000","0 %","0.0000","100 %","0000010000"
"12/18/2023 6:30:00 PM - 7:30:00 PM","45278.5833333333","136,369 MB","142993039360.0000","37,967 MB","39811194880.0000","53 %","53.0000","98,402 MB","103181844480.0000","96 %","96.0000","0 %","0.0000","100 %","0000010000"
"12/18/2023 7:30:00 PM - 8:30:00 PM","45278.6250000000","136,332 MB","142954145109.3333","37,930 MB","39772300629.3333","53 %","53.0000","98,402 MB","103181844480.0000","96 %","96.0000","0 %","0.0000","100 %","0000010000"
"12/18/2023 8:30:00 PM - 9:30:00 PM","45278.6666666667","136,294 MB","142914108757.3333","37,892 MB","39732264277.3333","53 %","53.0000","98,402 MB","103181844480.0000","96 %","96.0000","0 %","0.0000","100 %","0000010000"
"12/18/2023 9:30:00 PM - 10:30:00 PM","45278.7083333333","136,257 MB","142875304618.6667","37,855 MB","39693460138.6667","53 %","53.0000","98,402 MB","103181844480.0000","96 %","96.0000","0 %","0.0000","100 %","0000010000"
"12/18/2023 10:30:00 PM - 11:30:00 PM","45278.7500000000","136,220 MB","142836802901.3333","37,818 MB","39654958421.3333","53 %","53.0000","98,402 MB","103181844480.0000","96 %","96.0000","0 %","0.0000","100 %","0000010000"
"12/18/2023 11:30:00 PM - 12:30:00 AM","45278.7916666667","136,591 MB","143226047146.6667","38,189 MB","40044202666.6667","54 %","53.5000","98,402 MB","103181844480.0000","96 %","96.0000","0 %","0.0000","100 %","0000010000"
"12/19/2023 12:30:00 AM - 1:30:00 AM","45278.8333333333","136,963 MB","143616558421.3333","38,562 MB","40434713941.3333","54 %","54.0000","98,402 MB","103181844480.0000","96 %","96.0000","0 %","0.0000","100 %","0000010000"
"12/19/2023 1:30:00 AM - 2:30:00 AM","45278.8750000000","136,925 MB","143575926101.3333","38,523 MB","40394081621.3333","54 %","54.0000","98,402 MB","103181844480.0000","96 %","96.0000","0 %","0.0000","100 %","0000010000"
"12/19/2023 2:30:00 AM - 3:30:00 AM","45278.9166666667","136,893 MB","143542919168.0000","38,491 MB","40361074688.0000","54 %","54.0000","98,402 MB","103181844480.0000","96 %","96.0000","0 %","0.0000","100 %","0000010000"
"12/19/2023 3:30:00 AM - 4:30:00 AM","45278.9583333333","136,855 MB","143503152469.3333","38,453 MB","40321307989.3333","54 %","54.0000","98,402 MB","103181844480.0000","96 %","96.0000","0 %","0.0000","100 %","0000010000"
"12/19/2023 4:30:00 AM - 5:30:00 AM","45279.0000000000","136,817 MB","143462942037.3333","38,415 MB","40281097557.3333","54 %","54.0000","98,402 MB","103181844480.0000","96 %","96.0000","0 %","0.0000","100 %","0000010000"
"12/19/2023 5:30:00 AM - 6:30:00 AM","45279.0416666667","136,779 MB","143423086592.0000","38,377 MB","40241242112.0000","54 %","54.0000","98,402 MB","103181844480.0000","96 %","96.0000","0 %","0.0000","100 %","0000010000"
"12/19/2023 6:30:00 AM - 7:30:00 AM","45279.0833333333","136,742 MB","143384767146.6667","38,340 MB","40202922666.6667","54 %","54.0000","98,402 MB","103181844480.0000","96 %","96.0000","0 %","0.0000","100 %","0000010000"
"12/19/2023 7:30:00 AM - 8:30:00 AM","45279.1250000000","136,705 MB","143345167701.3333","38,303 MB","40163323221.3333","54 %","54.0000","98,402 MB","103181844480.0000","96 %","96.0000","0 %","0.0000","100 %","0000010000"
"12/19/2023 8:30:00 AM - 9:30:00 AM","45279.1666666667","136,666 MB","143304266410.6667","38,264 MB","40122421930.6667","54 %","54.0000","98,402 MB","103181844480.0000","96 %","96.0000","0 %","0.0000","100 %","0000010000"
"12/19/2023 9:30:00 AM - 10:30:00 AM","45279.2083333333","136,626 MB","143262724778.6667","38,224 MB","40080880298.6667","54 %","54.0000","98,402 MB","103181844480.0000","96 %","96.0000","0 %","0.0000","100 %","0000010000"
"12/19/2023 10:30:00 AM - 11:30:00 AM","45279.2500000000","136,588 MB","143223345152.0000","38,187 MB","40041500672.0000","54 %","54.0000","98,402 MB","103181844480.0000","96 %","96.0000","0 %","0.0000","100 %","0000010000"
"12/19/2023 11:30:00 AM - 12:30:00 PM","45279.2916666667","136,549 MB","143182362624.0000","38,147 MB","40000518144.0000","54 %","54.0000","98,402 MB","103181844480.0000","96 %","96.0000","0 %","0.0000","100 %","0000010000"
"12/19/2023 12:30:00 PM - 1:30:00 PM","45279.3333333333","136,509 MB","143140466005.3333","38,108 MB","39958621525.3333","54 %","54.0000","98,402 MB","103181844480.0000","96 %","96.0000","0 %","0.0000","100 %","0000010000"
"12/19/2023 1:30:00 PM - 2:30:00 PM","45279.3750000000","136,469 MB","143097989120.0000","38,067 MB","39916144640.0000","54 %","53.8333","98,402 MB","103181844480.0000","96 %","96.0000","0 %","0.0000","100 %","0000010000"
"12/19/2023 2:30:00 PM - 3:30:00 PM","45279.4166666667","136,430 MB","143057164288.0000","38,028 MB","39875319808.0000","53 %","53.0000","98,402 MB","103181844480.0000","96 %","96.0000","0 %","0.0000","100 %","0000010000"
"12/19/2023 3:30:00 PM - 4:30:00 PM","45279.4583333333","136,391 MB","143016632320.0000","37,989 MB","39834787840.0000","53 %","53.0000","98,402 MB","103181844480.0000","96 %","96.0000","0 %","0.0000","100 %","0000010000"
"12/19/2023 4:30:00 PM - 5:30:00 PM","45279.5000000000","136,351 MB","142974879061.3333","37,950 MB","39793034581.3333","53 %","53.0000","98,402 MB","103181844480.0000","96 %","96.0000","0 %","0.0000","100 %","0000010000"
"12/19/2023 5:30:00 PM - 6:30:00 PM","45279.5416666667","136,313 MB","142934743040.0000","37,911 MB","39752898560.0000","53 %","53.0000","98,402 MB","103181844480.0000","96 %","96.0000","0 %","0.0000","100 %","0000010000"
"12/19/2023 6:30:00 PM - 7:30:00 PM","45279.5833333333","136,275 MB","142894841856.0000","37,873 MB","39712997376.0000","53 %","53.0000","98,402 MB","103181844480.0000","96 %","96.0000","0 %","0.0000","100 %","0000010000"
"12/19/2023 7:30:00 PM - 8:30:00 PM","45279.6250000000","136,237 MB","142854369280.0000","37,835 MB","39672524800.0000","53 %","53.0000","98,402 MB","103181844480.0000","96 %","96.0000","0 %","0.0000","100 %","0000010000"
"12/19/2023 8:30:00 PM - 9:30:00 PM","45279.6666666667","136,199 MB","142814678357.3333","37,797 MB","39632833877.3333","53 %","53.0000","98,402 MB","103181844480.0000","96 %","96.0000","0 %","0.0000","100 %","0000010000"
"12/19/2023 9:30:00 PM - 10:30:00 PM","45279.7083333333","136,161 MB","142774997674.6667","37,759 MB","39593153194.6667","53 %","53.0000","98,402 MB","103181844480.0000","96 %","96.0000","0 %","0.0000","100 %","0000010000"
"12/19/2023 10:30:00 PM - 11:30:00 PM","45279.7500000000","136,123 MB","142735656960.0000","37,721 MB","39553812480.0000","53 %","53.0000","98,402 MB","103181844480.0000","96 %","96.0000","0 %","0.0000","100 %","0000010000"
"12/19/2023 11:30:00 PM - 12:30:00 AM","45279.7916666667","136,487 MB","143117147477.3333","38,085 MB","39935302997.3333","54 %","53.5000","98,402 MB","103181844480.0000","96 %","96.0000","0 %","0.0000","100 %","0000010000"
"12/20/2023 12:30:00 AM - 1:30:00 AM","45279.8333333333","136,848 MB","143495719594.6667","38,446 MB","40313875114.6667","54 %","54.0000","98,402 MB","103181844480.0000","96 %","96.0000","0 %","0.0000","100 %","0000010000"
"12/20/2023 1:30:00 AM - 2:30:00 AM","45279.8750000000","136,807 MB","143452493141.3333","38,405 MB","40270648661.3333","54 %","54.0000","98,402 MB","103181844480.0000","96 %","96.0000","0 %","0.0000","100 %","0000010000"
"12/20/2023 2:30:00 AM - 3:30:00 AM","45279.9166666667","136,770 MB","143413844650.6667","38,368 MB","40232000170.6667","54 %","54.0000","98,402 MB","103181844480.0000","96 %","96.0000","0 %","0.0000","100 %","0000010000"
"12/20/2023 3:30:00 AM - 4:30:00 AM","45279.9583333333","136,734 MB","143375731370.6667","38,332 MB","40193886890.6667","54 %","54.0000","98,402 MB","103181844480.0000","96 %","96.0000","0 %","0.0000","100 %","0000010000"
"12/20/2023 4:30:00 AM - 5:30:00 AM","45280.0000000000","136,697 MB","143337464490.6667","38,295 MB","40155620010.6667","54 %","54.0000","98,402 MB","103181844480.0000","96 %","96.0000","0 %","0.0000","100 %","0000010000"
"12/20/2023 5:30:00 AM - 6:30:00 AM","45280.0416666667","136,661 MB","143299003050.6667","38,259 MB","40117158570.6667","54 %","54.0000","98,402 MB","103181844480.0000","96 %","96.0000","0 %","0.0000","100 %","0000010000"
"12/20/2023 6:30:00 AM - 7:30:00 AM","45280.0833333333","136,623 MB","143260050090.6667","38,222 MB","40078205610.6667","54 %","54.0000","98,402 MB","103181844480.0000","96 %","96.0000","0 %","0.0000","100 %","0000010000"
"12/20/2023 7:30:00 AM - 8:30:00 AM","45280.1250000000","136,584 MB","143219138560.0000","38,183 MB","40037294080.0000","54 %","54.0000","98,402 MB","103181844480.0000","96 %","96.0000","0 %","0.0000","100 %","0000010000"
"12/20/2023 8:30:00 AM - 9:30:00 AM","45280.1666666667","136,547 MB","143179411456.0000","38,145 MB","39997566976.0000","54 %","54.0000","98,402 MB","103181844480.0000","96 %","96.0000","0 %","0.0000","100 %","0000010000"
"12/20/2023 9:30:00 AM - 10:30:00 AM","45280.2083333333","136,508 MB","143139046058.6667","38,106 MB","39957201578.6667","54 %","54.0000","98,402 MB","103181844480.0000","96 %","96.0000","0 %","0.0000","100 %","0000010000"
"12/20/2023 10:30:00 AM - 11:30:00 AM","45280.2500000000","136,469 MB","143098387114.6667","38,067 MB","39916542634.6667","54 %","53.8333","98,402 MB","103181844480.0000","96 %","96.0000","0 %","0.0000","100 %","0000010000"
"12/20/2023 11:30:00 AM - 12:30:00 PM","45280.2916666667","136,431 MB","143057932288.0000","38,029 MB","39876087808.0000","53 %","53.0000","98,402 MB","103181844480.0000","96 %","96.0000","0 %","0.0000","100 %","0000010000"
"12/20/2023 12:30:00 PM - 1:30:00 PM","45280.3333333333","136,389 MB","143014127616.0000","37,987 MB","39832283136.0000","53 %","53.0000","98,402 MB","103181844480.0000","96 %","96.0000","0 %","0.0000","100 %","0000010000"
"12/20/2023 1:30:00 PM - 2:30:00 PM","45280.3750000000","136,348 MB","142970788522.6667","37,946 MB","39788944042.6667","53 %","53.0000","98,402 MB","103181844480.0000","96 %","96.0000","0 %","0.0000","100 %","0000010000"
"12/20/2023 2:30:00 PM - 3:30:00 PM","45280.4166666667","136,311 MB","142932598101.3333","37,909 MB","39750753621.3333","53 %","53.0000","98,402 MB","103181844480.0000","96 %","96.0000","0 %","0.0000","100 %","0000010000"
"12/20/2023 3:30:00 PM - 4:30:00 PM","45280.4583333333","136,273 MB","142892401322.6667","37,871 MB","39710556842.6667","53 %","53.0000","98,402 MB","103181844480.0000","96 %","96.0000","0 %","0.0000","100 %","0000010000"
"12/20/2023 4:30:00 PM - 5:30:00 PM","45280.5000000000","136,234 MB","142851401045.3333","37,832 MB","39669556565.3333","53 %","53.0000","98,402 MB","103181844480.0000","96 %","96.0000","0 %","0.0000","100 %","0000010000"
"12/20/2023 5:30:00 PM - 6:30:00 PM","45280.5416666667","136,194 MB","142809972736.0000","37,792 MB","39628128256.0000","53 %","53.0000","98,402 MB","103181844480.0000","96 %","96.0000","0 %","0.0000","100 %","0000010000"
"12/20/2023 6:30:00 PM - 7:30:00 PM","45280.5833333333","136,155 MB","142769035264.0000","37,753 MB","39587190784.0000","53 %","53.0000","98,402 MB","103181844480.0000","96 %","96.0000","0 %","0.0000","100 %","0000010000"
"12/20/2023 7:30:00 PM - 8:30:00 PM","45280.6250000000","136,116 MB","142728192000.0000","37,714 MB","39546347520.0000","53 %","53.0000","98,402 MB","103181844480.0000","96 %","96.0000","0 %","0.0000","100 %","0000010000"
"12/20/2023 8:30:00 PM - 9:30:00 PM","45280.6666666667","136,077 MB","142687422464.0000","37,675 MB","39505577984.0000","53 %","53.0000","98,402 MB","103181844480.0000","96 %","96.0000","0 %","0.0000","100 %","0000010000"
"12/20/2023 9:30:00 PM - 10:30:00 PM","45280.7083333333","136,044 MB","142652343637.3333","37,642 MB","39470499157.3333","53 %","53.0000","98,402 MB","103181844480.0000","96 %","96.0000","0 %","0.0000","100 %","0000010000"
"12/20/2023 10:30:00 PM - 11:30:00 PM","45280.7500000000","136,008 MB","142614807893.3333","37,606 MB","39432963413.3333","53 %","53.0000","98,402 MB","103181844480.0000","96 %","96.0000","0 %","0.0000","100 %","0000010000"
"12/20/2023 11:30:00 PM - 12:30:00 AM","45280.7916666667","136,379 MB","143003863722.6667","37,977 MB","39822019242.6667","54 %","53.5000","98,402 MB","103181844480.0000","96 %","96.0000","0 %","0.0000","100 %","0000010000"
"12/21/2023 12:30:00 AM - 1:30:00 AM","45280.8333333333","136,749 MB","143391244288.0000","38,347 MB","40209399808.0000","54 %","54.0000","98,402 MB","103181844480.0000","96 %","96.0000","0 %","0.0000","100 %","0000010000"
"12/21/2023 1:30:00 AM - 2:30:00 AM","45280.8750000000","136,706 MB","143346982912.0000","38,304 MB","40165138432.0000","54 %","54.0000","98,402 MB","103181844480.0000","96 %","96.0000","0 %","0.0000","100 %","0000010000"
"12/21/2023 2:30:00 AM - 3:30:00 AM","45280.9166666667","136,669 MB","143307994453.3333","38,267 MB","40126149973.3333","54 %","54.0000","98,402 MB","103181844480.0000","96 %","96.0000","0 %","0.0000","100 %","0000010000"
"12/21/2023 3:30:00 AM - 4:30:00 AM","45280.9583333333","136,631 MB","143268090538.6667","38,229 MB","40086246058.6667","54 %","54.0000","98,402 MB","103181844480.0000","96 %","96.0000","0 %","0.0000","100 %","0000010000"
"12/21/2023 4:30:00 AM - 5:30:00 AM","45281.0000000000","136,594 MB","143229703509.3333","38,193 MB","40047859029.3333","54 %","54.0000","98,402 MB","103181844480.0000","96 %","96.0000","0 %","0.0000","100 %","0000010000"
"12/21/2023 5:30:00 AM - 6:30:00 AM","45281.0416666667","136,557 MB","143190282240.0000","38,155 MB","40008437760.0000","54 %","54.0000","98,402 MB","103181844480.0000","96 %","96.0000","0 %","0.0000","100 %","0000010000"
"12/21/2023 6:30:00 AM - 7:30:00 AM","45281.0833333333","136,519 MB","143151026858.6667","38,118 MB","39969182378.6667","54 %","54.0000","98,402 MB","103181844480.0000","96 %","96.0000","0 %","0.0000","100 %","0000010000"
"12/21/2023 7:30:00 AM - 8:30:00 AM","45281.1250000000","136,482 MB","143111865002.6667","38,080 MB","39930020522.6667","54 %","54.0000","98,402 MB","103181844480.0000","96 %","96.0000","0 %","0.0000","100 %","0000010000"
"12/21/2023 8:30:00 AM - 9:30:00 AM","45281.1666666667","136,443 MB","143070598485.3333","38,041 MB","39888754005.3333","53 %","53.1667","98,402 MB","103181844480.0000","96 %","96.0000","0 %","0.0000","100 %","0000010000"
"12/21/2023 9:30:00 AM - 10:30:00 AM","45281.2083333333","136,402 MB","143027369301.3333","38,000 MB","39845524821.3333","53 %","53.0000","98,402 MB","103181844480.0000","96 %","96.0000","0 %","0.0000","100 %","0000010000"
"12/21/2023 10:30:00 AM - 11:30:00 AM","45281.2500000000","136,361 MB","142985120426.6667","37,959 MB","39803275946.6667","53 %","53.0000","98,402 MB","103181844480.0000","96 %","96.0000","0 %","0.0000","100 %","0000010000"
"12/21/2023 11:30:00 AM - 12:30:00 PM","45281.2916666667","136,322 MB","142943455914.6667","37,920 MB","39761611434.6667","53 %","53.0000","98,402 MB","103181844480.0000","96 %","96.0000","0 %","0.0000","100 %","0000010000"
"12/21/2023 12:30:00 PM - 1:30:00 PM","45281.3333333333","136,282 MB","142902518442.6667","37,881 MB","39720673962.6667","53 %","53.0000","98,402 MB","103181844480.0000","96 %","96.0000","0 %","0.0000","100 %","0000010000"
"12/21/2023 1:30:00 PM - 2:30:00 PM","45281.3750000000","136,243 MB","142860836181.3333","37,841 MB","39678991701.3333","53 %","53.0000","98,402 MB","103181844480.0000","96 %","96.0000","0 %","0.0000","100 %","0000010000"
"12/21/2023 2:30:00 PM - 3:30:00 PM","45281.4166666667","136,203 MB","142819004416.0000","37,801 MB","39637159936.0000","53 %","53.0000","98,402 MB","103181844480.0000","96 %","96.0000","0 %","0.0000","100 %","0000010000"
"12/21/2023 3:30:00 PM - 4:30:00 PM","45281.4583333333","136,163 MB","142777660074.6667","37,762 MB","39595815594.6667","53 %","53.0000","98,402 MB","103181844480.0000","96 %","96.0000","0 %","0.0000","100 %","0000010000"
"12/21/2023 4:30:00 PM - 5:30:00 PM","45281.5000000000","136,123 MB","142735310848.0000","37,721 MB","39553466368.0000","53 %","53.0000","98,402 MB","103181844480.0000","96 %","96.0000","0 %","0.0000","100 %","0000010000"
"12/21/2023 5:30:00 PM - 6:30:00 PM","45281.5416666667","136,043 MB","142651727872.0000","37,641 MB","39469883392.0000","53 %","53.0000","98,402 MB","103181844480.0000","96 %","96.0000","0 %","0.0000","100 %","0000010000"
"12/21/2023 6:30:00 PM - 7:30:00 PM","45281.5833333333","136,168 MB","142782758229.3333","37,766 MB","39600913749.3333","54 %","53.5000","98,402 MB","103181844480.0000","96 %","96.0000","0 %","0.0000","100 %","0000010000"
"12/21/2023 7:30:00 PM - 8:30:00 PM","45281.6250000000","136,485 MB","143114954752.0000","38,083 MB","39933110272.0000","54 %","54.0000","98,402 MB","103181844480.0000","96 %","96.0000","0 %","0.0000","100 %","0000010000"
"12/21/2023 8:30:00 PM - 9:30:00 PM","45281.6666666667","136,446 MB","143073559210.6667","38,044 MB","39891714730.6667","53 %","53.1667","98,402 MB","103181844480.0000","96 %","96.0000","0 %","0.0000","100 %","0000010000"
"12/21/2023 9:30:00 PM - 10:30:00 PM","45281.7083333333","136,407 MB","143032873642.6667","38,005 MB","39851029162.6667","53 %","53.0000","98,402 MB","103181844480.0000","96 %","96.0000","0 %","0.0000","100 %","0000010000"
"12/21/2023 10:30:00 PM - 11:30:00 PM","45281.7500000000","136,368 MB","142992313685.3333","37,966 MB","39810469205.3333","53 %","53.0000","98,402 MB","103181844480.0000","96 %","96.0000","0 %","0.0000","100 %","0000010000"
"12/21/2023 11:30:00 PM - 12:30:00 AM","45281.7916666667","136,752 MB","143395231744.0000","38,350 MB","40213387264.0000","54 %","53.6667","98,402 MB","103181844480.0000","96 %","96.0000","0 %","0.0000","100 %","0000010000"
"12/22/2023 12:30:00 AM - 1:30:00 AM","45281.8333333333","137,140 MB","143802221226.6667","38,739 MB","40620376746.6667","54 %","54.0000","98,402 MB","103181844480.0000","96 %","96.0000","0 %","0.0000","100 %","0000010000"
"12/22/2023 1:30:00 AM - 2:30:00 AM","45281.8750000000","137,101 MB","143760582656.0000","38,699 MB","40578738176.0000","54 %","54.0000","98,402 MB","103181844480.0000","96 %","96.0000","0 %","0.0000","100 %","0000010000"
"12/22/2023 2:30:00 AM - 3:30:00 AM","45281.9166666667","137,061 MB","143718485333.3333","38,659 MB","40536640853.3333","54 %","54.0000","98,402 MB","103181844480.0000","96 %","96.0000","0 %","0.0000","100 %","0000010000"
"12/22/2023 3:30:00 AM - 4:30:00 AM","45281.9583333333","137,022 MB","143677461845.3333","38,620 MB","40495617365.3333","54 %","54.0000","98,402 MB","103181844480.0000","96 %","96.0000","0 %","0.0000","100 %","0000010000"
"12/22/2023 4:30:00 AM - 5:30:00 AM","45282.0000000000","136,986 MB","143640421717.3333","38,584 MB","40458577237.3333","54 %","54.0000","98,402 MB","103181844480.0000","96 %","96.0000","0 %","0.0000","100 %","0000010000"
"12/22/2023 5:30:00 AM - 6:30:00 AM","45282.0416666667","136,950 MB","143601967104.0000","38,548 MB","40420122624.0000","54 %","54.0000","98,402 MB","103181844480.0000","96 %","96.0000","0 %","0.0000","100 %","0000010000"
"12/22/2023 6:30:00 AM - 7:30:00 AM","45282.0833333333","136,918 MB","143569093290.6667","38,516 MB","40387248810.6667","54 %","54.0000","98,402 MB","103181844480.0000","96 %","96.0000","0 %","0.0000","100 %","0000010000"
"12/22/2023 7:30:00 AM - 8:30:00 AM","45282.1250000000","136,883 MB","143532688725.3333","38,482 MB","40350844245.3333","54 %","54.0000","98,402 MB","103181844480.0000","96 %","96.0000","0 %","0.0000","100 %","0000010000"
"12/22/2023 8:30:00 AM - 9:30:00 AM","45282.1666666667","136,844 MB","143491451562.6667","38,442 MB","40309607082.6667","54 %","54.0000","98,402 MB","103181844480.0000","96 %","96.0000","0 %","0.0000","100 %","0000010000"
"12/22/2023 9:30:00 AM - 10:30:00 AM","45282.2083333333","136,806 MB","143451951104.0000","38,405 MB","40270106624.0000","54 %","54.0000","98,402 MB","103181844480.0000","96 %","96.0000","0 %","0.0000","100 %","0000010000"
"12/22/2023 10:30:00 AM - 11:30:00 AM","45282.2500000000","136,767 MB","143410910549.3333","38,365 MB","40229066069.3333","54 %","54.0000","98,402 MB","103181844480.0000","96 %","96.0000","0 %","0.0000","100 %","0000010000"
"12/22/2023 11:30:00 AM - 12:30:00 PM","45282.2916666667","136,728 MB","143369848832.0000","38,326 MB","40188004352.0000","54 %","54.0000","98,402 MB","103181844480.0000","96 %","96.0000","0 %","0.0000","100 %","0000010000"
"12/22/2023 12:30:00 PM - 1:30:00 PM","45282.3333333333","136,690 MB","143330327893.3333","38,289 MB","40148483413.3333","54 %","54.0000","98,402 MB","103181844480.0000","96 %","96.0000","0 %","0.0000","100 %","0000010000"
"12/22/2023 1:30:00 PM - 2:30:00 PM","45282.3750000000","136,652 MB","143289961813.3333","38,250 MB","40108117333.3333","54 %","54.0000","98,402 MB","103181844480.0000","96 %","96.0000","0 %","0.0000","100 %","0000010000"
"12/22/2023 2:30:00 PM - 3:30:00 PM","45282.4166666667","136,615 MB","143250845696.0000","38,213 MB","40069001216.0000","54 %","54.0000","98,402 MB","103181844480.0000","96 %","96.0000","0 %","0.0000","100 %","0000010000"
"12/22/2023 3:30:00 PM - 4:30:00 PM","45282.4583333333","136,578 MB","143212509184.0000","38,176 MB","40030664704.0000","54 %","54.0000","98,402 MB","103181844480.0000","96 %","96.0000","0 %","0.0000","100 %","0000010000"
"12/22/2023 4:30:00 PM - 5:30:00 PM","45282.5000000000","136,539 MB","143171349162.6667","38,137 MB","39989504682.6667","54 %","54.0000","98,402 MB","103181844480.0000","96 %","96.0000","0 %","0.0000","100 %","0000010000"
"12/22/2023 5:30:00 PM - 6:30:00 PM","45282.5416666667","136,500 MB","143130903210.6667","38,098 MB","39949058730.6667","54 %","54.0000","98,402 MB","103181844480.0000","96 %","96.0000","0 %","0.0000","100 %","0000010000"
"12/22/2023 6:30:00 PM - 7:30:00 PM","45282.5833333333","136,462 MB","143090884608.0000","38,060 MB","39909040128.0000","54 %","53.6667","98,402 MB","103181844480.0000","96 %","96.0000","0 %","0.0000","100 %","0000010000"
"12/22/2023 7:30:00 PM - 8:30:00 PM","45282.6250000000","136,423 MB","143050206549.3333","38,021 MB","39868362069.3333","53 %","53.0000","98,402 MB","103181844480.0000","96 %","96.0000","0 %","0.0000","100 %","0000010000"
"12/22/2023 8:30:00 PM - 9:30:00 PM","45282.6666666667","136,386 MB","143011066538.6667","37,984 MB","39829222058.6667","53 %","53.0000","98,402 MB","103181844480.0000","96 %","96.0000","0 %","0.0000","100 %","0000010000"
"12/22/2023 9:30:00 PM - 10:30:00 PM","45282.7083333333","136,349 MB","142972055552.0000","37,947 MB","39790211072.0000","53 %","53.0000","98,402 MB","103181844480.0000","96 %","96.0000","0 %","0.0000","100 %","0000010000"
"12/22/2023 10:30:00 PM - 11:30:00 PM","45282.7500000000","136,312 MB","142932981760.0000","37,910 MB","39751137280.0000","53 %","53.0000","98,402 MB","103181844480.0000","96 %","96.0000","0 %","0.0000","100 %","0000010000"
"12/22/2023 11:30:00 PM - 12:30:00 AM","45282.7916666667","136,693 MB","143332515157.3333","38,291 MB","40150670677.3333","54 %","53.5000","98,402 MB","103181844480.0000","96 %","96.0000","0 %","0.0000","100 %","0000010000"
"12/23/2023 12:30:00 AM - 1:30:00 AM","45282.8333333333","137,071 MB","143729846954.6667","38,670 MB","40548002474.6667","54 %","54.0000","98,402 MB","103181844480.0000","96 %","96.0000","0 %","0.0000","100 %","0000010000"
"12/23/2023 1:30:00 AM - 2:30:00 AM","45282.8750000000","137,037 MB","143693698389.3333","38,635 MB","40511853909.3333","54 %","54.0000","98,402 MB","103181844480.0000","96 %","96.0000","0 %","0.0000","100 %","0000010000"
"12/23/2023 2:30:00 AM - 3:30:00 AM","45282.9166666667","137,003 MB","143657549141.3333","38,601 MB","40475704661.3333","54 %","54.0000","98,402 MB","103181844480.0000","96 %","96.0000","0 %","0.0000","100 %","0000010000"
"12/23/2023 3:30:00 AM - 4:30:00 AM","45282.9583333333","136,969 MB","143622427989.3333","38,567 MB","40440583509.3333","54 %","54.0000","98,402 MB","103181844480.0000","96 %","96.0000","0 %","0.0000","100 %","0000010000"
"12/23/2023 4:30:00 AM - 5:30:00 AM","45283.0000000000","136,941 MB","143592852138.6667","38,539 MB","40411007658.6667","54 %","54.0000","98,402 MB","103181844480.0000","96 %","96.0000","0 %","0.0000","100 %","0000010000"
"12/23/2023 5:30:00 AM - 6:30:00 AM","45283.0416666667","136,907 MB","143556999850.6667","38,505 MB","40375155370.6667","54 %","54.0000","98,402 MB","103181844480.0000","96 %","96.0000","0 %","0.0000","100 %","0000010000"
"12/23/2023 6:30:00 AM - 7:30:00 AM","45283.0833333333","136,872 MB","143520176128.0000","38,470 MB","40338331648.0000","54 %","54.0000","98,402 MB","103181844480.0000","96 %","96.0000","0 %","0.0000","100 %","0000010000"
"12/23/2023 7:30:00 AM - 8:30:00 AM","45283.1250000000","136,836 MB","143482459477.3333","38,434 MB","40300614997.3333","54 %","54.0000","98,402 MB","103181844480.0000","96 %","96.0000","0 %","0.0000","100 %","0000010000"
"12/23/2023 8:30:00 AM - 9:30:00 AM","45283.1666666667","136,799 MB","143444567381.3333","38,398 MB","40262722901.3333","54 %","54.0000","98,402 MB","103181844480.0000","96 %","96.0000","0 %","0.0000","100 %","0000010000"
"12/23/2023 9:30:00 AM - 10:30:00 AM","45283.2083333333","136,763 MB","143406231552.0000","38,361 MB","40224387072.0000","54 %","54.0000","98,402 MB","103181844480.0000","96 %","96.0000","0 %","0.0000","100 %","0000010000"
"12/23/2023 10:30:00 AM - 11:30:00 AM","45283.2500000000","136,728 MB","143369525248.0000","38,326 MB","40187680768.0000","54 %","54.0000","98,402 MB","103181844480.0000","96 %","96.0000","0 %","0.0000","100 %","0000010000"
"12/23/2023 11:30:00 AM - 12:30:00 PM","45283.2916666667","136,693 MB","143333318656.0000","38,291 MB","40151474176.0000","54 %","54.0000","98,402 MB","103181844480.0000","96 %","96.0000","0 %","0.0000","100 %","0000010000"
"12/23/2023 12:30:00 PM - 1:30:00 PM","45283.3333333333","136,659 MB","143297866410.6667","38,258 MB","40116021930.6667","54 %","54.0000","98,402 MB","103181844480.0000","96 %","96.0000","0 %","0.0000","100 %","0000010000"
"12/23/2023 1:30:00 PM - 2:30:00 PM","45283.3750000000","136,625 MB","143261896021.3333","38,223 MB","40080051541.3333","54 %","54.0000","98,402 MB","103181844480.0000","96 %","96.0000","0 %","0.0000","100 %","0000010000"
"12/23/2023 2:30:00 PM - 3:30:00 PM","45283.4166666667","136,591 MB","143225974784.0000","38,189 MB","40044130304.0000","54 %","54.0000","98,402 MB","103181844480.0000","96 %","96.0000","0 %","0.0000","100 %","0000010000"
"12/23/2023 3:30:00 PM - 4:30:00 PM","45283.4583333333","136,557 MB","143190260394.6667","38,155 MB","40008415914.6667","54 %","54.0000","98,402 MB","103181844480.0000","96 %","96.0000","0 %","0.0000","100 %","0000010000"
"12/23/2023 4:30:00 PM - 5:30:00 PM","45283.5000000000","136,521 MB","143152515754.6667","38,119 MB","39970671274.6667","54 %","54.0000","98,402 MB","103181844480.0000","96 %","96.0000","0 %","0.0000","100 %","0000010000"
"12/23/2023 5:30:00 PM - 6:30:00 PM","45283.5416666667","136,486 MB","143115960320.0000","38,084 MB","39934115840.0000","54 %","54.0000","98,402 MB","103181844480.0000","96 %","96.0000","0 %","0.0000","100 %","0000010000"
"12/23/2023 6:30:00 PM - 7:30:00 PM","45283.5833333333","136,452 MB","143080448000.0000","38,050 MB","39898603520.0000","53 %","53.3333","98,402 MB","103181844480.0000","96 %","96.0000","0 %","0.0000","100 %","0000010000"
"12/23/2023 7:30:00 PM - 8:30:00 PM","45283.6250000000","136,478 MB","143108072789.3333","38,077 MB","39926228309.3333","54 %","53.5000","98,402 MB","103181844480.0000","96 %","96.0000","0 %","0.0000","100 %","0000010000"
"12/23/2023 8:30:00 PM - 9:30:00 PM","45283.6666666667","136,504 MB","143135256576.0000","38,103 MB","39953412096.0000","54 %","54.0000","98,402 MB","103181844480.0000","96 %","96.0000","0 %","0.0000","100 %","0000010000"
"12/23/2023 9:30:00 PM - 10:30:00 PM","45283.7083333333","136,470 MB","143098995370.6667","38,068 MB","39917150890.6667","54 %","53.8333","98,402 MB","103181844480.0000","96 %","96.0000","0 %","0.0000","100 %","0000010000"
"12/23/2023 10:30:00 PM - 11:30:00 PM","45283.7500000000","136,436 MB","143063067306.6667","38,034 MB","39881222826.6667","53 %","53.0000","98,402 MB","103181844480.0000","96 %","96.0000","0 %","0.0000","100 %","0000010000"
"12/23/2023 11:30:00 PM - 12:30:00 AM","45283.7916666667","136,796 MB","143440544426.6667","38,394 MB","40258699946.6667","54 %","54.0000","98,402 MB","103181844480.0000","96 %","96.0000","0 %","0.0000","100 %","0000010000"
"12/24/2023 12:30:00 AM - 1:30:00 AM","45283.8333333333","137,155 MB","143817525930.6667","38,753 MB","40635681450.6667","54 %","54.1667","98,402 MB","103181844480.0000","96 %","96.0000","0 %","0.0000","100 %","0000010000"
"12/24/2023 1:30:00 AM - 2:30:00 AM","45283.8750000000","137,121 MB","143781380096.0000","38,719 MB","40599535616.0000","54 %","54.0000","98,402 MB","103181844480.0000","96 %","96.0000","0 %","0.0000","100 %","0000010000"
"12/24/2023 2:30:00 AM - 3:30:00 AM","45283.9166666667","137,086 MB","143745175552.0000","38,684 MB","40563331072.0000","54 %","54.0000","98,402 MB","103181844480.0000","96 %","96.0000","0 %","0.0000","100 %","0000010000"
"12/24/2023 3:30:00 AM - 4:30:00 AM","45283.9583333333","137,051 MB","143708507477.3333","38,649 MB","40526662997.3333","54 %","54.0000","98,402 MB","103181844480.0000","96 %","96.0000","0 %","0.0000","100 %","0000010000"
"12/24/2023 4:30:00 AM - 5:30:00 AM","45284.0000000000","137,018 MB","143674088106.6667","38,616 MB","40492243626.6667","54 %","54.0000","98,402 MB","103181844480.0000","96 %","96.0000","0 %","0.0000","100 %","0000010000"
"12/24/2023 5:30:00 AM - 6:30:00 AM","45284.0416666667","136,985 MB","143639176533.3333","38,583 MB","40457332053.3333","54 %","54.0000","98,402 MB","103181844480.0000","96 %","96.0000","0 %","0.0000","100 %","0000010000"
"12/24/2023 6:30:00 AM - 7:30:00 AM","45284.0833333333","136,949 MB","143601650346.6667","38,547 MB","40419805866.6667","54 %","54.0000","98,402 MB","103181844480.0000","96 %","96.0000","0 %","0.0000","100 %","0000010000"
"12/24/2023 7:30:00 AM - 8:30:00 AM","45284.1250000000","136,913 MB","143563681206.8572","38,511 MB","40381836726.8571","54 %","54.0000","98,402 MB","103181844480.0000","96 %","96.0000","0 %","0.0000","100 %","0000010000"
"12/24/2023 8:30:00 AM - 9:30:00 AM","45284.1666666667","136,876 MB","143525283157.3333","38,475 MB","40343438677.3333","54 %","54.0000","98,402 MB","103181844480.0000","96 %","96.0000","0 %","0.0000","100 %","0000010000"
"12/24/2023 9:30:00 AM - 10:30:00 AM","45284.2083333333","136,842 MB","143488771413.3333","38,440 MB","40306926933.3333","54 %","54.0000","98,402 MB","103181844480.0000","96 %","96.0000","0 %","0.0000","100 %","0000010000"
"12/24/2023 10:30:00 AM - 11:30:00 AM","45284.2500000000","136,807 MB","143452691114.6667","38,405 MB","40270846634.6667","54 %","54.0000","98,402 MB","103181844480.0000","96 %","96.0000","0 %","0.0000","100 %","0000010000"
"12/24/2023 11:30:00 AM - 12:30:00 PM","45284.2916666667","136,772 MB","143416200533.3333","38,370 MB","40234356053.3333","54 %","54.0000","98,402 MB","103181844480.0000","96 %","96.0000","0 %","0.0000","100 %","0000010000"
"12/24/2023 12:30:00 PM - 1:30:00 PM","45284.3333333333","136,738 MB","143380268373.3333","38,336 MB","40198423893.3333","54 %","54.0000","98,402 MB","103181844480.0000","96 %","96.0000","0 %","0.0000","100 %","0000010000"
"12/24/2023 1:30:00 PM - 2:30:00 PM","45284.3750000000","136,703 MB","143343942314.6667","38,302 MB","40162097834.6667","54 %","54.0000","98,402 MB","103181844480.0000","96 %","96.0000","0 %","0.0000","100 %","0000010000"
"12/24/2023 2:30:00 PM - 3:30:00 PM","45284.4166666667","136,669 MB","143307365034.6667","38,267 MB","40125520554.6667","54 %","54.0000","98,402 MB","103181844480.0000","96 %","96.0000","0 %","0.0000","100 %","0000010000"
"12/24/2023 3:30:00 PM - 4:30:00 PM","45284.4583333333","136,635 MB","143272131925.3333","38,233 MB","40090287445.3333","54 %","54.0000","98,402 MB","103181844480.0000","96 %","96.0000","0 %","0.0000","100 %","0000010000"
"12/24/2023 4:30:00 PM - 5:30:00 PM","45284.5000000000","136,603 MB","143238302378.6667","38,201 MB","40056457898.6667","54 %","54.0000","98,402 MB","103181844480.0000","96 %","96.0000","0 %","0.0000","100 %","0000010000"
"12/24/2023 5:30:00 PM - 6:30:00 PM","45284.5416666667","136,568 MB","143201970176.0000","38,166 MB","40020125696.0000","54 %","54.0000","98,402 MB","103181844480.0000","96 %","96.0000","0 %","0.0000","100 %","0000010000"
"12/24/2023 6:30:00 PM - 7:30:00 PM","45284.5833333333","136,533 MB","143165489152.0000","38,131 MB","39983644672.0000","54 %","54.0000","98,402 MB","103181844480.0000","96 %","96.0000","0 %","0.0000","100 %","0000010000"
"12/24/2023 7:30:00 PM - 8:30:00 PM","45284.6250000000","136,498 MB","143128530944.0000","38,096 MB","39946686464.0000","54 %","54.0000","98,402 MB","103181844480.0000","96 %","96.0000","0 %","0.0000","100 %","0000010000"
"12/24/2023 8:30:00 PM - 9:30:00 PM","45284.6666666667","136,464 MB","143092692309.3333","38,062 MB","39910847829.3333","54 %","53.6667","98,402 MB","103181844480.0000","96 %","96.0000","0 %","0.0000","100 %","0000010000"
"12/24/2023 9:30:00 PM - 10:30:00 PM","45284.7083333333","136,429 MB","143056362837.3333","38,027 MB","39874518357.3333","53 %","53.0000","98,402 MB","103181844480.0000","96 %","96.0000","0 %","0.0000","100 %","0000010000"
"12/24/2023 10:30:00 PM - 11:30:00 PM","45284.7500000000","136,395 MB","143020253184.0000","37,993 MB","39838408704.0000","53 %","53.0000","98,402 MB","103181844480.0000","96 %","96.0000","0 %","0.0000","100 %","0000010000"
"12/24/2023 11:30:00 PM - 12:30:00 AM","45284.7916666667","136,759 MB","143402140330.6667","38,357 MB","40220295850.6667","54 %","53.5000","98,402 MB","103181844480.0000","96 %","96.0000","0 %","0.0000","100 %","0000010000"
"12/25/2023 12:30:00 AM - 1:30:00 AM","45284.8333333333","137,123 MB","143783415808.0000","38,721 MB","40601571328.0000","54 %","54.0000","98,402 MB","103181844480.0000","96 %","96.0000","0 %","0.0000","100 %","0000010000"
"12/25/2023 1:30:00 AM - 2:30:00 AM","45284.8750000000","137,088 MB","143746747733.3333","38,686 MB","40564903253.3333","54 %","54.0000","98,402 MB","103181844480.0000","96 %","96.0000","0 %","0.0000","100 %","0000010000"
"12/25/2023 2:30:00 AM - 3:30:00 AM","45284.9166666667","137,053 MB","143710134954.6667","38,651 MB","40528290474.6667","54 %","54.0000","98,402 MB","103181844480.0000","96 %","96.0000","0 %","0.0000","100 %","0000010000"
"12/25/2023 3:30:00 AM - 4:30:00 AM","45284.9583333333","137,017 MB","143672834730.6667","38,615 MB","40490990250.6667","54 %","54.0000","98,402 MB","103181844480.0000","96 %","96.0000","0 %","0.0000","100 %","0000010000"
"12/25/2023 4:30:00 AM - 5:30:00 AM","45285.0000000000","136,987 MB","143641257984.0000","38,585 MB","40459413504.0000","54 %","54.0000","98,402 MB","103181844480.0000","96 %","96.0000","0 %","0.0000","100 %","0000010000"
"12/25/2023 5:30:00 AM - 6:30:00 AM","45285.0416666667","136,956 MB","143608590336.0000","38,554 MB","40426745856.0000","54 %","54.0000","98,402 MB","103181844480.0000","96 %","96.0000","0 %","0.0000","100 %","0000010000"
"12/25/2023 6:30:00 AM - 7:30:00 AM","45285.0833333333","136,918 MB","143568871424.0000","38,516 MB","40387026944.0000","54 %","54.0000","98,402 MB","103181844480.0000","96 %","96.0000","0 %","0.0000","100 %","0000010000"
"12/25/2023 7:30:00 AM - 8:30:00 AM","45285.1250000000","136,880 MB","143529058304.0000","38,478 MB","40347213824.0000","54 %","54.0000","98,402 MB","103181844480.0000","96 %","96.0000","0 %","0.0000","100 %","0000010000"
"12/25/2023 8:30:00 AM - 9:30:00 AM","45285.1666666667","136,844 MB","143490832384.0000","38,442 MB","40308987904.0000","54 %","54.0000","98,402 MB","103181844480.0000","96 %","96.0000","0 %","0.0000","100 %","0000010000"
"12/25/2023 9:30:00 AM - 10:30:00 AM","45285.2083333333","136,808 MB","143453947221.3333","38,406 MB","40272102741.3333","54 %","54.0000","98,402 MB","103181844480.0000","96 %","96.0000","0 %","0.0000","100 %","0000010000"
"12/25/2023 10:30:00 AM - 11:30:00 AM","45285.2500000000","136,773 MB","143417199274.6667","38,371 MB","40235354794.6667","54 %","54.0000","98,402 MB","103181844480.0000","96 %","96.0000","0 %","0.0000","100 %","0000010000"
"12/25/2023 11:30:00 AM - 12:30:00 PM","45285.2916666667","136,738 MB","143379750912.0000","38,336 MB","40197906432.0000","54 %","54.0000","98,402 MB","103181844480.0000","96 %","96.0000","0 %","0.0000","100 %","0000010000"
"12/25/2023 12:30:00 PM - 1:30:00 PM","45285.3333333333","136,702 MB","143342837077.3333","38,301 MB","40160992597.3333","54 %","54.0000","98,402 MB","103181844480.0000","96 %","96.0000","0 %","0.0000","100 %","0000010000"
"12/25/2023 1:30:00 PM - 2:30:00 PM","45285.3750000000","136,668 MB","143306270720.0000","38,266 MB","40124426240.0000","54 %","54.0000","98,402 MB","103181844480.0000","96 %","96.0000","0 %","0.0000","100 %","0000010000"
"12/25/2023 2:30:00 PM - 3:30:00 PM","45285.4166666667","136,632 MB","143269208064.0000","38,230 MB","40087363584.0000","54 %","54.0000","98,402 MB","103181844480.0000","96 %","96.0000","0 %","0.0000","100 %","0000010000"
"12/25/2023 3:30:00 PM - 4:30:00 PM","45285.4583333333","136,597 MB","143231934464.0000","38,195 MB","40050089984.0000","54 %","54.0000","98,402 MB","103181844480.0000","96 %","96.0000","0 %","0.0000","100 %","0000010000"
"12/25/2023 4:30:00 PM - 5:30:00 PM","45285.5000000000","136,561 MB","143194427392.0000","38,159 MB","40012582912.0000","54 %","54.0000","98,402 MB","103181844480.0000","96 %","96.0000","0 %","0.0000","100 %","0000010000"
"12/25/2023 5:30:00 PM - 6:30:00 PM","45285.5416666667","136,524 MB","143155967317.3333","38,122 MB","39974122837.3333","54 %","54.0000","98,402 MB","103181844480.0000","96 %","96.0000","0 %","0.0000","100 %","0000010000"
"12/25/2023 6:30:00 PM - 7:30:00 PM","45285.5833333333","136,485 MB","143115364352.0000","38,084 MB","39933519872.0000","54 %","54.0000","98,402 MB","103181844480.0000","96 %","96.0000","0 %","0.0000","100 %","0000010000"
"12/25/2023 7:30:00 PM - 8:30:00 PM","45285.6250000000","136,448 MB","143075585365.3333","38,046 MB","39893740885.3333","53 %","53.1667","98,402 MB","103181844480.0000","96 %","96.0000","0 %","0.0000","100 %","0000010000"
"12/25/2023 8:30:00 PM - 9:30:00 PM","45285.6666666667","136,410 MB","143035911509.3333","38,008 MB","39854067029.3333","53 %","53.0000","98,402 MB","103181844480.0000","96 %","96.0000","0 %","0.0000","100 %","0000010000"
"12/25/2023 9:30:00 PM - 10:30:00 PM","45285.7083333333","136,371 MB","142995231402.6667","37,969 MB","39813386922.6667","53 %","53.0000","98,402 MB","103181844480.0000","96 %","96.0000","0 %","0.0000","100 %","0000010000"
"12/25/2023 10:30:00 PM - 11:30:00 PM","45285.7500000000","136,332 MB","142954346496.0000","37,930 MB","39772502016.0000","53 %","53.0000","98,402 MB","103181844480.0000","96 %","96.0000","0 %","0.0000","100 %","0000010000"
"12/25/2023 11:30:00 PM - 12:30:00 AM","45285.7916666667","136,699 MB","143338939050.6667","38,297 MB","40157094570.6667","54 %","53.5000","98,402 MB","103181844480.0000","96 %","96.0000","0 %","0.0000","100 %","0000010000"
"12/26/2023 12:30:00 AM - 1:30:00 AM","45285.8333333333","137,065 MB","143722729472.0000","38,663 MB","40540884992.0000","54 %","54.0000","98,402 MB","103181844480.0000","96 %","96.0000","0 %","0.0000","100 %","0000010000"
"12/26/2023 1:30:00 AM - 2:30:00 AM","45285.8750000000","137,024 MB","143680409600.0000","38,622 MB","40498565120.0000","54 %","54.0000","98,402 MB","103181844480.0000","96 %","96.0000","0 %","0.0000","100 %","0000010000"
"12/26/2023 2:30:00 AM - 3:30:00 AM","45285.9166666667","136,988 MB","143641937237.3333","38,586 MB","40460092757.3333","54 %","54.0000","98,402 MB","103181844480.0000","96 %","96.0000","0 %","0.0000","100 %","0000010000"
"12/26/2023 3:30:00 AM - 4:30:00 AM","45285.9583333333","136,957 MB","143609565866.6667","38,555 MB","40427721386.6667","54 %","54.0000","98,402 MB","103181844480.0000","96 %","96.0000","0 %","0.0000","100 %","0000010000"
"12/26/2023 4:30:00 AM - 5:30:00 AM","45286.0000000000","136,921 MB","143572545536.0000","38,520 MB","40390701056.0000","54 %","54.0000","98,402 MB","103181844480.0000","96 %","96.0000","0 %","0.0000","100 %","0000010000"
"12/26/2023 5:30:00 AM - 6:30:00 AM","45286.0416666667","136,886 MB","143535049386.6667","38,484 MB","40353204906.6667","54 %","54.0000","98,402 MB","103181844480.0000","96 %","96.0000","0 %","0.0000","100 %","0000010000"
"12/26/2023 6:30:00 AM - 7:30:00 AM","45286.0833333333","136,848 MB","143495709354.6667","38,446 MB","40313864874.6667","54 %","54.0000","98,402 MB","103181844480.0000","96 %","96.0000","0 %","0.0000","100 %","0000010000"
"12/26/2023 7:30:00 AM - 8:30:00 AM","45286.1250000000","136,812 MB","143457298432.0000","38,410 MB","40275453952.0000","54 %","54.0000","98,402 MB","103181844480.0000","96 %","96.0000","0 %","0.0000","100 %","0000010000"
"12/26/2023 8:30:00 AM - 9:30:00 AM","45286.1666666667","136,776 MB","143419751765.3333","38,374 MB","40237907285.3333","54 %","54.0000","98,402 MB","103181844480.0000","96 %","96.0000","0 %","0.0000","100 %","0000010000"
"12/26/2023 9:30:00 AM - 10:30:00 AM","45286.2083333333","136,739 MB","143380755114.6667","38,337 MB","40198910634.6667","54 %","54.0000","98,402 MB","103181844480.0000","96 %","96.0000","0 %","0.0000","100 %","0000010000"
"12/26/2023 10:30:00 AM - 11:30:00 AM","45286.2500000000","136,701 MB","143341596672.0000","38,299 MB","40159752192.0000","54 %","54.0000","98,402 MB","103181844480.0000","96 %","96.0000","0 %","0.0000","100 %","0000010000"
"12/26/2023 11:30:00 AM - 12:30:00 PM","45286.2916666667","136,666 MB","143304540160.0000","38,264 MB","40122695680.0000","54 %","54.0000","98,402 MB","103181844480.0000","96 %","96.0000","0 %","0.0000","100 %","0000010000"
"12/26/2023 12:30:00 PM - 1:30:00 PM","45286.3333333333","136,627 MB","143264264192.0000","38,226 MB","40082419712.0000","54 %","54.0000","98,402 MB","103181844480.0000","96 %","96.0000","0 %","0.0000","100 %","0000010000"
"12/26/2023 1:30:00 PM - 2:30:00 PM","45286.3750000000","136,590 MB","143224938496.0000","38,188 MB","40043094016.0000","54 %","54.0000","98,402 MB","103181844480.0000","96 %","96.0000","0 %","0.0000","100 %","0000010000"
"12/26/2023 2:30:00 PM - 3:30:00 PM","45286.4166666667","136,552 MB","143185241429.3333","38,150 MB","40003396949.3333","54 %","54.0000","98,402 MB","103181844480.0000","96 %","96.0000","0 %","0.0000","100 %","0000010000"
"12/26/2023 3:30:00 PM - 4:30:00 PM","45286.4583333333","136,514 MB","143145298602.6667","38,112 MB","39963454122.6667","54 %","54.0000","98,402 MB","103181844480.0000","96 %","96.0000","0 %","0.0000","100 %","0000010000"
"12/26/2023 4:30:00 PM - 5:30:00 PM","45286.5000000000","136,475 MB","143104481280.0000","38,073 MB","39922636800.0000","54 %","54.0000","98,402 MB","103181844480.0000","96 %","96.0000","0 %","0.0000","100 %","0000010000"
"12/26/2023 5:30:00 PM - 6:30:00 PM","45286.5416666667","136,439 MB","143067036330.6667","38,037 MB","39885191850.6667","53 %","53.0000","98,402 MB","103181844480.0000","96 %","96.0000","0 %","0.0000","100 %","0000010000"
"12/26/2023 6:30:00 PM - 7:30:00 PM","45286.5833333333","136,401 MB","143026591061.3333","37,999 MB","39844746581.3333","53 %","53.0000","98,402 MB","103181844480.0000","96 %","96.0000","0 %","0.0000","100 %","0000010000"
"12/26/2023 7:30:00 PM - 8:30:00 PM","45286.6250000000","136,360 MB","142984180394.6667","37,958 MB","39802335914.6667","53 %","53.0000","98,402 MB","103181844480.0000","96 %","96.0000","0 %","0.0000","100 %","0000010000"
"12/26/2023 8:30:00 PM - 9:30:00 PM","45286.6666666667","136,322 MB","142943586986.6667","37,920 MB","39761742506.6667","53 %","53.0000","98,402 MB","103181844480.0000","96 %","96.0000","0 %","0.0000","100 %","0000010000"
"12/26/2023 9:30:00 PM - 10:30:00 PM","45286.7083333333","136,284 MB","142904231253.3333","37,882 MB","39722386773.3333","53 %","53.0000","98,402 MB","103181844480.0000","96 %","96.0000","0 %","0.0000","100 %","0000010000"
"12/26/2023 10:30:00 PM - 11:30:00 PM","45286.7500000000","136,247 MB","142865090560.0000","37,845 MB","39683246080.0000","53 %","53.0000","98,402 MB","103181844480.0000","96 %","96.0000","0 %","0.0000","100 %","0000010000"
"12/26/2023 11:30:00 PM - 12:30:00 AM","45286.7916666667","136,610 MB","143245475840.0000","38,208 MB","40063631360.0000","54 %","53.5000","98,402 MB","103181844480.0000","96 %","96.0000","0 %","0.0000","100 %","0000010000"
"12/27/2023 12:30:00 AM - 1:30:00 AM","45286.8333333333","136,974 MB","143628150784.0000","38,573 MB","40446306304.0000","54 %","54.0000","98,402 MB","103181844480.0000","96 %","96.0000","0 %","0.0000","100 %","0000010000"
"12/27/2023 1:30:00 AM - 2:30:00 AM","45286.8750000000","136,942 MB","143594529450.6667","38,541 MB","40412684970.6667","54 %","54.0000","98,402 MB","103181844480.0000","96 %","96.0000","0 %","0.0000","100 %","0000010000"
"12/27/2023 2:30:00 AM - 3:30:00 AM","45286.9166666667","136,910 MB","143560077994.6667","38,508 MB","40378233514.6667","54 %","54.0000","98,402 MB","103181844480.0000","96 %","96.0000","0 %","0.0000","100 %","0000010000"
"12/27/2023 3:30:00 AM - 4:30:00 AM","45286.9583333333","136,873 MB","143521388544.0000","38,471 MB","40339544064.0000","54 %","54.0000","98,402 MB","103181844480.0000","96 %","96.0000","0 %","0.0000","100 %","0000010000"
"12/27/2023 4:30:00 AM - 5:30:00 AM","45287.0000000000","136,836 MB","143482622634.6667","38,434 MB","40300778154.6667","54 %","54.0000","98,402 MB","103181844480.0000","96 %","96.0000","0 %","0.0000","100 %","0000010000"
"12/27/2023 5:30:00 AM - 6:30:00 AM","45287.0416666667","136,800 MB","143444712789.3333","38,398 MB","40262868309.3333","54 %","54.0000","98,402 MB","103181844480.0000","96 %","96.0000","0 %","0.0000","100 %","0000010000"
"12/27/2023 6:30:00 AM - 7:30:00 AM","45287.0833333333","136,762 MB","143405595306.6667","38,360 MB","40223750826.6667","54 %","54.0000","98,402 MB","103181844480.0000","96 %","96.0000","0 %","0.0000","100 %","0000010000"
"12/27/2023 7:30:00 AM - 8:30:00 AM","45287.1250000000","136,723 MB","143364896768.0000","38,322 MB","40183052288.0000","54 %","54.0000","98,402 MB","103181844480.0000","96 %","96.0000","0 %","0.0000","100 %","0000010000"
"12/27/2023 8:30:00 AM - 9:30:00 AM","45287.1666666667","136,687 MB","143326582784.0000","38,285 MB","40144738304.0000","54 %","54.0000","98,402 MB","103181844480.0000","96 %","96.0000","0 %","0.0000","100 %","0000010000"
"12/27/2023 9:30:00 AM - 10:30:00 AM","45287.2083333333","136,649 MB","143286952618.6667","38,247 MB","40105108138.6667","54 %","54.0000","98,402 MB","103181844480.0000","96 %","96.0000","0 %","0.0000","100 %","0000010000"
"12/27/2023 10:30:00 AM - 11:30:00 AM","45287.2500000000","136,611 MB","143247061674.6667","38,209 MB","40065217194.6667","54 %","54.0000","98,402 MB","103181844480.0000","96 %","96.0000","0 %","0.0000","100 %","0000010000"
"12/27/2023 11:30:00 AM - 12:30:00 PM","45287.2916666667","136,573 MB","143207262890.6667","38,171 MB","40025418410.6667","54 %","54.0000","98,402 MB","103181844480.0000","96 %","96.0000","0 %","0.0000","100 %","0000010000"
"12/27/2023 12:30:00 PM - 1:30:00 PM","45287.3333333333","136,535 MB","143167523498.6667","38,133 MB","39985679018.6667","54 %","54.0000","98,402 MB","103181844480.0000","96 %","96.0000","0 %","0.0000","100 %","0000010000"
"12/27/2023 1:30:00 PM - 2:30:00 PM","45287.3750000000","136,496 MB","143126740992.0000","38,094 MB","39944896512.0000","54 %","54.0000","98,402 MB","103181844480.0000","96 %","96.0000","0 %","0.0000","100 %","0000010000"
"12/27/2023 2:30:00 PM - 3:30:00 PM","45287.4166666667","136,458 MB","143086213120.0000","38,056 MB","39904368640.0000","54 %","53.5000","98,402 MB","103181844480.0000","96 %","96.0000","0 %","0.0000","100 %","0000010000"
"12/27/2023 3:30:00 PM - 4:30:00 PM","45287.4583333333","136,418 MB","143044694698.6667","38,016 MB","39862850218.6667","53 %","53.0000","98,402 MB","103181844480.0000","96 %","96.0000","0 %","0.0000","100 %","0000010000"
"12/27/2023 4:30:00 PM - 5:30:00 PM","45287.5000000000","136,379 MB","143004169557.3333","37,978 MB","39822325077.3333","53 %","53.0000","98,402 MB","103181844480.0000","96 %","96.0000","0 %","0.0000","100 %","0000010000"
"12/27/2023 5:30:00 PM - 6:30:00 PM","45287.5416666667","136,339 MB","142962001237.3333","37,937 MB","39780156757.3333","53 %","53.0000","98,402 MB","103181844480.0000","96 %","96.0000","0 %","0.0000","100 %","0000010000"
"12/27/2023 6:30:00 PM - 7:30:00 PM","45287.5833333333","136,299 MB","142920174250.6667","37,897 MB","39738329770.6667","53 %","53.0000","98,402 MB","103181844480.0000","96 %","96.0000","0 %","0.0000","100 %","0000010000"
"12/27/2023 7:30:00 PM - 8:30:00 PM","45287.6250000000","136,261 MB","142879932416.0000","37,859 MB","39698087936.0000","53 %","53.0000","98,402 MB","103181844480.0000","96 %","96.0000","0 %","0.0000","100 %","0000010000"
"12/27/2023 8:30:00 PM - 9:30:00 PM","45287.6666666667","136,222 MB","142839326720.0000","37,820 MB","39657482240.0000","53 %","53.0000","98,402 MB","103181844480.0000","96 %","96.0000","0 %","0.0000","100 %","0000010000"
"12/27/2023 9:30:00 PM - 10:30:00 PM","45287.7083333333","136,181 MB","142796601344.0000","37,780 MB","39614756864.0000","53 %","53.0000","98,402 MB","103181844480.0000","96 %","96.0000","0 %","0.0000","100 %","0000010000"
"12/27/2023 10:30:00 PM - 11:30:00 PM","45287.7500000000","136,142 MB","142755175082.6667","37,740 MB","39573330602.6667","53 %","53.0000","98,402 MB","103181844480.0000","96 %","96.0000","0 %","0.0000","100 %","0000010000"
"12/27/2023 11:30:00 PM - 12:30:00 AM","45287.7916666667","136,513 MB","143143930538.6667","38,111 MB","39962086058.6667","54 %","53.5000","98,402 MB","103181844480.0000","96 %","96.0000","0 %","0.0000","100 %","0000010000"
"12/28/2023 12:30:00 AM - 1:30:00 AM","45287.8333333333","136,887 MB","143535944362.6667","38,485 MB","40354099882.6667","54 %","54.0000","98,402 MB","103181844480.0000","96 %","96.0000","0 %","0.0000","100 %","0000010000"
"12/28/2023 1:30:00 AM - 2:30:00 AM","45287.8750000000","136,851 MB","143498965674.6667","38,449 MB","40317121194.6667","54 %","54.0000","98,402 MB","103181844480.0000","96 %","96.0000","0 %","0.0000","100 %","0000010000"
"12/28/2023 2:30:00 AM - 3:30:00 AM","45287.9166666667","136,814 MB","143460319914.6667","38,413 MB","40278475434.6667","54 %","54.0000","98,402 MB","103181844480.0000","96 %","96.0000","0 %","0.0000","100 %","0000010000"
"12/28/2023 3:30:00 AM - 4:30:00 AM","45287.9583333333","136,777 MB","143421397674.6667","38,375 MB","40239553194.6667","54 %","54.0000","98,402 MB","103181844480.0000","96 %","96.0000","0 %","0.0000","100 %","0000010000"
"12/28/2023 4:30:00 AM - 5:30:00 AM","45288.0000000000","136,741 MB","143383803904.0000","38,340 MB","40201959424.0000","54 %","54.0000","98,402 MB","103181844480.0000","96 %","96.0000","0 %","0.0000","100 %","0000010000"
"12/28/2023 5:30:00 AM - 6:30:00 AM","45288.0416666667","136,705 MB","143345913856.0000","38,303 MB","40164069376.0000","54 %","54.0000","98,402 MB","103181844480.0000","96 %","96.0000","0 %","0.0000","100 %","0000010000"
"12/28/2023 6:30:00 AM - 7:30:00 AM","45288.0833333333","136,668 MB","143307214848.0000","38,267 MB","40125370368.0000","54 %","54.0000","98,402 MB","103181844480.0000","96 %","96.0000","0 %","0.0000","100 %","0000010000"
"12/28/2023 7:30:00 AM - 8:30:00 AM","45288.1250000000","136,630 MB","143267047424.0000","38,228 MB","40085202944.0000","54 %","54.0000","98,402 MB","103181844480.0000","96 %","96.0000","0 %","0.0000","100 %","0000010000"
"12/28/2023 8:30:00 AM - 9:30:00 AM","45288.1666666667","136,592 MB","143227179690.6667","38,190 MB","40045335210.6667","54 %","54.0000","98,402 MB","103181844480.0000","96 %","96.0000","0 %","0.0000","100 %","0000010000"
"12/28/2023 9:30:00 AM - 10:30:00 AM","45288.2083333333","136,553 MB","143186313898.6667","38,151 MB","40004469418.6667","54 %","54.0000","98,402 MB","103181844480.0000","96 %","96.0000","0 %","0.0000","100 %","0000010000"
"12/28/2023 10:30:00 AM - 11:30:00 AM","45288.2500000000","136,513 MB","143144728576.0000","38,112 MB","39962884096.0000","54 %","54.0000","98,402 MB","103181844480.0000","96 %","96.0000","0 %","0.0000","100 %","0000010000"
"12/28/2023 11:30:00 AM - 12:30:00 PM","45288.2916666667","136,474 MB","143103367850.6667","38,072 MB","39921523370.6667","54 %","54.0000","98,402 MB","103181844480.0000","96 %","96.0000","0 %","0.0000","100 %","0000010000"
"12/28/2023 12:30:00 PM - 1:30:00 PM","45288.3333333333","136,434 MB","143061605034.6667","38,032 MB","39879760554.6667","53 %","53.0000","98,402 MB","103181844480.0000","96 %","96.0000","0 %","0.0000","100 %","0000010000"
"12/28/2023 1:30:00 PM - 2:30:00 PM","45288.3750000000","136,394 MB","143019937792.0000","37,993 MB","39838093312.0000","53 %","53.0000","98,402 MB","103181844480.0000","96 %","96.0000","0 %","0.0000","100 %","0000010000"
"12/28/2023 2:30:00 PM - 3:30:00 PM","45288.4166666667","136,353 MB","142976970752.0000","37,952 MB","39795126272.0000","53 %","53.0000","98,402 MB","103181844480.0000","96 %","96.0000","0 %","0.0000","100 %","0000010000"
"12/28/2023 3:30:00 PM - 4:30:00 PM","45288.4583333333","136,314 MB","142936068096.0000","37,913 MB","39754223616.0000","53 %","53.0000","98,402 MB","103181844480.0000","96 %","96.0000","0 %","0.0000","100 %","0000010000"
"12/28/2023 4:30:00 PM - 5:30:00 PM","45288.5000000000","136,273 MB","142893055317.3333","37,872 MB","39711210837.3333","53 %","53.0000","98,402 MB","103181844480.0000","96 %","96.0000","0 %","0.0000","100 %","0000010000"
"12/28/2023 5:30:00 PM - 6:30:00 PM","45288.5416666667","136,233 MB","142850426880.0000","37,831 MB","39668582400.0000","53 %","53.0000","98,402 MB","103181844480.0000","96 %","96.0000","0 %","0.0000","100 %","0000010000"
"12/28/2023 6:30:00 PM - 7:30:00 PM","45288.5833333333","136,193 MB","142808218282.6667","37,791 MB","39626373802.6667","53 %","53.0000","98,402 MB","103181844480.0000","96 %","96.0000","0 %","0.0000","100 %","0000010000"
"12/28/2023 7:30:00 PM - 8:30:00 PM","45288.6250000000","136,162 MB","142776508416.0000","37,760 MB","39594663936.0000","53 %","53.0000","98,402 MB","103181844480.0000","96 %","96.0000","0 %","0.0000","100 %","0000010000"
"12/28/2023 8:30:00 PM - 9:30:00 PM","45288.6666666667","136,168 MB","142782769152.0000","37,766 MB","39600924672.0000","53 %","53.0000","98,402 MB","103181844480.0000","96 %","96.0000","0 %","0.0000","100 %","0000010000"
"12/28/2023 9:30:00 PM - 10:30:00 PM","45288.7083333333","136,130 MB","142742937600.0000","37,728 MB","39561093120.0000","53 %","53.0000","98,402 MB","103181844480.0000","96 %","96.0000","0 %","0.0000","100 %","0000010000"
"12/28/2023 10:30:00 PM - 11:30:00 PM","45288.7500000000","136,093 MB","142703437141.3333","37,691 MB","39521592661.3333","53 %","53.0000","98,402 MB","103181844480.0000","96 %","96.0000","0 %","0.0000","100 %","0000010000"
"12/28/2023 11:30:00 PM - 12:30:00 AM","45288.7916666667","136,472 MB","143100960768.0000","38,070 MB","39919116288.0000","54 %","53.5000","98,402 MB","103181844480.0000","96 %","96.0000","0 %","0.0000","100 %","0000010000"
"12/29/2023 12:30:00 AM - 1:30:00 AM","45288.8333333333","136,860 MB","143508289536.0000","38,458 MB","40326445056.0000","54 %","54.0000","98,402 MB","103181844480.0000","96 %","96.0000","0 %","0.0000","100 %","0000010000"
"12/29/2023 1:30:00 AM - 2:30:00 AM","45288.8750000000","136,824 MB","143470820010.6667","38,423 MB","40288975530.6667","54 %","54.0000","98,402 MB","103181844480.0000","96 %","96.0000","0 %","0.0000","100 %","0000010000"
"12/29/2023 2:30:00 AM - 3:30:00 AM","45288.9166666667","136,788 MB","143432919722.6667","38,386 MB","40251075242.6667","54 %","54.0000","98,402 MB","103181844480.0000","96 %","96.0000","0 %","0.0000","100 %","0000010000"
"12/29/2023 3:30:00 AM - 4:30:00 AM","45288.9583333333","136,752 MB","143395049472.0000","38,350 MB","40213204992.0000","54 %","54.0000","98,402 MB","103181844480.0000","96 %","96.0000","0 %","0.0000","100 %","0000010000"
"12/29/2023 4:30:00 AM - 5:30:00 AM","45289.0000000000","136,716 MB","143356705450.6667","38,314 MB","40174860970.6667","54 %","54.0000","98,402 MB","103181844480.0000","96 %","96.0000","0 %","0.0000","100 %","0000010000"
"12/29/2023 5:30:00 AM - 6:30:00 AM","45289.0416666667","136,676 MB","143315484672.0000","38,274 MB","40133640192.0000","54 %","54.0000","98,402 MB","103181844480.0000","96 %","96.0000","0 %","0.0000","100 %","0000010000"
"12/29/2023 6:30:00 AM - 7:30:00 AM","45289.0833333333","136,640 MB","143277101056.0000","38,238 MB","40095256576.0000","54 %","54.0000","98,402 MB","103181844480.0000","96 %","96.0000","0 %","0.0000","100 %","0000010000"
"12/29/2023 7:30:00 AM - 8:30:00 AM","45289.1250000000","136,603 MB","143238176768.0000","38,201 MB","40056332288.0000","54 %","54.0000","98,402 MB","103181844480.0000","96 %","96.0000","0 %","0.0000","100 %","0000010000"
"12/29/2023 8:30:00 AM - 9:30:00 AM","45289.1666666667","136,566 MB","143200130389.3333","38,164 MB","40018285909.3333","54 %","54.0000","98,402 MB","103181844480.0000","96 %","96.0000","0 %","0.0000","100 %","0000010000"
"12/29/2023 9:30:00 AM - 10:30:00 AM","45289.2083333333","136,539 MB","143171499349.3333","38,137 MB","39989654869.3333","54 %","54.0000","98,402 MB","103181844480.0000","96 %","96.0000","0 %","0.0000","100 %","0000010000"
"12/29/2023 10:30:00 AM - 11:30:00 AM","45289.2500000000","136,489 MB","143119223466.6667","38,087 MB","39937378986.6667","54 %","54.0000","98,402 MB","103181844480.0000","96 %","96.0000","0 %","0.0000","100 %","0000010000"
"12/29/2023 11:30:00 AM - 12:30:00 PM","45289.2916666667","136,450 MB","143078691498.6667","38,049 MB","39896847018.6667","53 %","53.3333","98,402 MB","103181844480.0000","96 %","96.0000","0 %","0.0000","100 %","0000010000"
"12/29/2023 12:30:00 PM - 1:30:00 PM","45289.3333333333","136,422 MB","143049342976.0000","38,021 MB","39867498496.0000","53 %","53.0000","98,402 MB","103181844480.0000","96 %","96.0000","0 %","0.0000","100 %","0000010000"
"12/29/2023 1:30:00 PM - 2:30:00 PM","45289.3750000000","136,396 MB","143021714773.3333","37,994 MB","39839870293.3333","53 %","53.0000","98,402 MB","103181844480.0000","96 %","96.0000","0 %","0.0000","100 %","0000010000"
"12/29/2023 2:30:00 PM - 3:30:00 PM","45289.4166666667","136,365 MB","142988694186.6667","37,963 MB","39806849706.6667","53 %","53.0000","98,402 MB","103181844480.0000","96 %","96.0000","0 %","0.0000","100 %","0000010000"
"12/29/2023 3:30:00 PM - 4:30:00 PM","45289.4583333333","136,326 MB","142947732138.6667","37,924 MB","39765887658.6667","53 %","53.0000","98,402 MB","103181844480.0000","96 %","96.0000","0 %","0.0000","100 %","0000010000"
"12/29/2023 4:30:00 PM - 5:30:00 PM","45289.5000000000","136,286 MB","142906510677.3333","37,884 MB","39724666197.3333","53 %","53.0000","98,402 MB","103181844480.0000","96 %","96.0000","0 %","0.0000","100 %","0000010000"
"12/29/2023 5:30:00 PM - 6:30:00 PM","45289.5416666667","136,248 MB","142866003968.0000","37,846 MB","39684159488.0000","53 %","53.0000","98,402 MB","103181844480.0000","96 %","96.0000","0 %","0.0000","100 %","0000010000"
"12/29/2023 6:30:00 PM - 7:30:00 PM","45289.5833333333","136,210 MB","142826782037.3333","37,808 MB","39644937557.3333","53 %","53.0000","98,402 MB","103181844480.0000","96 %","96.0000","0 %","0.0000","100 %","0000010000"
"12/29/2023 7:30:00 PM - 8:30:00 PM","45289.6250000000","136,173 MB","142787259733.3333","37,771 MB","39605415253.3333","53 %","53.0000","98,402 MB","103181844480.0000","96 %","96.0000","0 %","0.0000","100 %","0000010000"
"12/29/2023 8:30:00 PM - 9:30:00 PM","45289.6666666667","136,134 MB","142747339434.6667","37,733 MB","39565494954.6667","53 %","53.0000","98,402 MB","103181844480.0000","96 %","96.0000","0 %","0.0000","100 %","0000010000"
"12/29/2023 9:30:00 PM - 10:30:00 PM","45289.7083333333","136,097 MB","142708137984.0000","37,695 MB","39526293504.0000","53 %","53.0000","98,402 MB","103181844480.0000","96 %","96.0000","0 %","0.0000","100 %","0000010000"
"12/29/2023 10:30:00 PM - 11:30:00 PM","45289.7500000000","136,060 MB","142669531818.6667","37,658 MB","39487687338.6667","53 %","53.0000","98,402 MB","103181844480.0000","96 %","96.0000","0 %","0.0000","100 %","0000010000"
"12/29/2023 11:30:00 PM - 12:30:00 AM","45289.7916666667","136,433 MB","143060854101.3333","38,032 MB","39879009621.3333","54 %","53.5000","98,402 MB","103181844480.0000","96 %","96.0000","0 %","0.0000","100 %","0000010000"
"12/30/2023 12:30:00 AM - 1:30:00 AM","45289.8333333333","136,800 MB","143445324458.6667","38,398 MB","40263479978.6667","54 %","54.0000","98,402 MB","103181844480.0000","96 %","96.0000","0 %","0.0000","100 %","0000010000"
"12/30/2023 1:30:00 AM - 2:30:00 AM","45289.8750000000","136,765 MB","143408350549.3333","38,363 MB","40226506069.3333","54 %","54.0000","98,402 MB","103181844480.0000","96 %","96.0000","0 %","0.0000","100 %","0000010000"
"12/30/2023 2:30:00 AM - 3:30:00 AM","45289.9166666667","136,729 MB","143371251029.3333","38,328 MB","40189406549.3333","54 %","54.0000","98,402 MB","103181844480.0000","96 %","96.0000","0 %","0.0000","100 %","0000010000"
"12/30/2023 3:30:00 AM - 4:30:00 AM","45289.9583333333","136,695 MB","143334852608.0000","38,293 MB","40153008128.0000","54 %","54.0000","98,402 MB","103181844480.0000","96 %","96.0000","0 %","0.0000","100 %","0000010000"
"12/30/2023 4:30:00 AM - 5:30:00 AM","45290.0000000000","136,655 MB","143292689066.6667","38,253 MB","40110844586.6667","54 %","54.0000","98,402 MB","103181844480.0000","96 %","96.0000","0 %","0.0000","100 %","0000010000"
"12/30/2023 5:30:00 AM - 6:30:00 AM","45290.0416666667","136,619 MB","143255259136.0000","38,217 MB","40073414656.0000","54 %","54.0000","98,402 MB","103181844480.0000","96 %","96.0000","0 %","0.0000","100 %","0000010000"
"12/30/2023 6:30:00 AM - 7:30:00 AM","45290.0833333333","136,582 MB","143216441344.0000","38,180 MB","40034596864.0000","54 %","54.0000","98,402 MB","103181844480.0000","96 %","96.0000","0 %","0.0000","100 %","0000010000"
"12/30/2023 7:30:00 AM - 8:30:00 AM","45290.1250000000","136,544 MB","143177274026.6667","38,143 MB","39995429546.6667","54 %","54.0000","98,402 MB","103181844480.0000","96 %","96.0000","0 %","0.0000","100 %","0000010000"
"12/30/2023 8:30:00 AM - 9:30:00 AM","45290.1666666667","136,510 MB","143140852394.6667","38,108 MB","39959007914.6667","54 %","54.0000","98,402 MB","103181844480.0000","96 %","96.0000","0 %","0.0000","100 %","0000010000"
"12/30/2023 9:30:00 AM - 10:30:00 AM","45290.2083333333","136,472 MB","143101046101.3333","38,070 MB","39919201621.3333","54 %","54.0000","98,402 MB","103181844480.0000","96 %","96.0000","0 %","0.0000","100 %","0000010000"
"12/30/2023 10:30:00 AM - 11:30:00 AM","45290.2500000000","136,435 MB","143062081536.0000","38,033 MB","39880237056.0000","53 %","53.0000","98,402 MB","103181844480.0000","96 %","96.0000","0 %","0.0000","100 %","0000010000"
"12/30/2023 11:30:00 AM - 12:30:00 PM","45290.2916666667","136,399 MB","143024764928.0000","37,997 MB","39842920448.0000","53 %","53.0000","98,402 MB","103181844480.0000","96 %","96.0000","0 %","0.0000","100 %","0000010000"
"12/30/2023 12:30:00 PM - 1:30:00 PM","45290.3333333333","136,363 MB","142987459242.6667","37,962 MB","39805614762.6667","53 %","53.0000","98,402 MB","103181844480.0000","96 %","96.0000","0 %","0.0000","100 %","0000010000"
"12/30/2023 1:30:00 PM - 2:30:00 PM","45290.3750000000","136,328 MB","142949776042.6667","37,926 MB","39767931562.6667","53 %","53.0000","98,402 MB","103181844480.0000","96 %","96.0000","0 %","0.0000","100 %","0000010000"
"12/30/2023 2:30:00 PM - 3:30:00 PM","45290.4166666667","136,291 MB","142911452501.3333","37,889 MB","39729608021.3333","53 %","53.0000","98,402 MB","103181844480.0000","96 %","96.0000","0 %","0.0000","100 %","0000010000"
"12/30/2023 3:30:00 PM - 4:30:00 PM","45290.4583333333","136,255 MB","142874086058.6667","37,853 MB","39692241578.6667","53 %","53.0000","98,402 MB","103181844480.0000","96 %","96.0000","0 %","0.0000","100 %","0000010000"
"12/30/2023 4:30:00 PM - 5:30:00 PM","45290.5000000000","136,220 MB","142837156522.6667","37,818 MB","39655312042.6667","53 %","53.0000","98,402 MB","103181844480.0000","96 %","96.0000","0 %","0.0000","100 %","0000010000"
"12/30/2023 5:30:00 PM - 6:30:00 PM","45290.5416666667","136,184 MB","142798799530.6667","37,782 MB","39616955050.6667","53 %","53.0000","98,402 MB","103181844480.0000","96 %","96.0000","0 %","0.0000","100 %","0000010000"
"12/30/2023 6:30:00 PM - 7:30:00 PM","45290.5833333333","136,143 MB","142756422314.6667","37,741 MB","39574577834.6667","53 %","53.0000","98,402 MB","103181844480.0000","96 %","96.0000","0 %","0.0000","100 %","0000010000"
"12/30/2023 7:30:00 PM - 8:30:00 PM","45290.6250000000","136,111 MB","142722764800.0000","37,709 MB","39540920320.0000","53 %","53.0000","98,402 MB","103181844480.0000","96 %","96.0000","0 %","0.0000","100 %","0000010000"
"12/30/2023 8:30:00 PM - 9:30:00 PM","45290.6666666667","136,082 MB","142691966293.3333","37,680 MB","39510121813.3333","53 %","53.0000","98,402 MB","103181844480.0000","96 %","96.0000","0 %","0.0000","100 %","0000010000"
"12/30/2023 9:30:00 PM - 10:30:00 PM","45290.7083333333","136,047 MB","142655716693.3333","37,645 MB","39473872213.3333","53 %","53.0000","98,402 MB","103181844480.0000","96 %","96.0000","0 %","0.0000","100 %","0000010000"
"12/30/2023 10:30:00 PM - 11:30:00 PM","45290.7500000000","136,013 MB","142619497130.6667","37,611 MB","39437652650.6667","53 %","53.0000","98,402 MB","103181844480.0000","96 %","96.0000","0 %","0.0000","100 %","0000010000"
"12/30/2023 11:30:00 PM - 12:30:00 AM","45290.7916666667","136,377 MB","143001162410.6667","37,975 MB","39819317930.6667","54 %","53.5000","98,402 MB","103181844480.0000","96 %","96.0000","0 %","0.0000","100 %","0000010000"
"12/31/2023 12:30:00 AM - 1:30:00 AM","45290.8333333333","136,740 MB","143382637226.6667","38,338 MB","40200792746.6667","54 %","54.0000","98,402 MB","103181844480.0000","96 %","96.0000","0 %","0.0000","100 %","0000010000"
"12/31/2023 1:30:00 AM - 2:30:00 AM","45290.8750000000","136,705 MB","143346068138.6667","38,304 MB","40164223658.6667","54 %","54.0000","98,402 MB","103181844480.0000","96 %","96.0000","0 %","0.0000","100 %","0000010000"
"12/31/2023 2:30:00 AM - 3:30:00 AM","45290.9166666667","136,671 MB","143309423274.6667","38,269 MB","40127578794.6667","54 %","54.0000","98,402 MB","103181844480.0000","96 %","96.0000","0 %","0.0000","100 %","0000010000"
"12/31/2023 3:30:00 AM - 4:30:00 AM","45290.9583333333","136,643 MB","143280637269.3333","38,241 MB","40098792789.3333","54 %","54.0000","98,402 MB","103181844480.0000","96 %","96.0000","0 %","0.0000","100 %","0000010000"
"12/31/2023 4:30:00 AM - 5:30:00 AM","45291.0000000000","136,603 MB","143238856021.3333","38,201 MB","40057011541.3333","54 %","54.0000","98,402 MB","103181844480.0000","96 %","96.0000","0 %","0.0000","100 %","0000010000"
"12/31/2023 5:30:00 AM - 6:30:00 AM","45291.0416666667","136,568 MB","143202292394.6667","38,166 MB","40020447914.6667","54 %","54.0000","98,402 MB","103181844480.0000","96 %","96.0000","0 %","0.0000","100 %","0000010000"
"12/31/2023 6:30:00 AM - 7:30:00 AM","45291.0833333333","136,531 MB","143163232938.6667","38,129 MB","39981388458.6667","54 %","54.0000","98,402 MB","103181844480.0000","96 %","96.0000","0 %","0.0000","100 %","0000010000"
"12/31/2023 7:30:00 AM - 8:30:00 AM","45291.1250000000","136,492 MB","143122475008.0000","38,090 MB","39940630528.0000","54 %","54.0000","98,402 MB","103181844480.0000","96 %","96.0000","0 %","0.0000","100 %","0000010000"
"12/31/2023 8:30:00 AM - 9:30:00 AM","45291.1666666667","136,455 MB","143083463338.6667","38,053 MB","39901618858.6667","54 %","53.5000","98,402 MB","103181844480.0000","96 %","96.0000","0 %","0.0000","100 %","0000010000"
"12/31/2023 9:30:00 AM - 10:30:00 AM","45291.2083333333","136,420 MB","143046296234.6667","38,018 MB","39864451754.6667","53 %","53.0000","98,402 MB","103181844480.0000","96 %","96.0000","0 %","0.0000","100 %","0000010000"
"12/31/2023 10:30:00 AM - 11:30:00 AM","45291.2500000000","136,384 MB","143009354410.6667","37,982 MB","39827509930.6667","53 %","53.0000","98,402 MB","103181844480.0000","96 %","96.0000","0 %","0.0000","100 %","0000010000"
"12/31/2023 11:30:00 AM - 12:30:00 PM","45291.2916666667","136,350 MB","142972877482.6667","37,948 MB","39791033002.6667","53 %","53.0000","98,402 MB","103181844480.0000","96 %","96.0000","0 %","0.0000","100 %","0000010000"
"12/31/2023 12:30:00 PM - 1:30:00 PM","45291.3333333333","136,314 MB","142935936341.3333","37,912 MB","39754091861.3333","53 %","53.0000","98,402 MB","103181844480.0000","96 %","96.0000","0 %","0.0000","100 %","0000010000"
"12/31/2023 1:30:00 PM - 2:30:00 PM","45291.3750000000","136,283 MB","142903407274.6667","37,881 MB","39721562794.6667","53 %","53.0000","98,402 MB","103181844480.0000","96 %","96.0000","0 %","0.0000","100 %","0000010000"
"12/31/2023 2:30:00 PM - 3:30:00 PM","45291.4166666667","136,247 MB","142864949248.0000","37,845 MB","39683104768.0000","53 %","53.0000","98,402 MB","103181844480.0000","96 %","96.0000","0 %","0.0000","100 %","0000010000"
"12/31/2023 3:30:00 PM - 4:30:00 PM","45291.4583333333","136,212 MB","142828535125.3333","37,810 MB","39646690645.3333","53 %","53.0000","98,402 MB","103181844480.0000","96 %","96.0000","0 %","0.0000","100 %","0000010000"
"12/31/2023 4:30:00 PM - 5:30:00 PM","45291.5000000000","136,178 MB","142792516266.6667","37,776 MB","39610671786.6667","53 %","53.0000","98,402 MB","103181844480.0000","96 %","96.0000","0 %","0.0000","100 %","0000010000"
"12/31/2023 5:30:00 PM - 6:30:00 PM","45291.5416666667","136,150 MB","142763142485.3333","37,748 MB","39581298005.3333","53 %","53.0000","98,402 MB","103181844480.0000","96 %","96.0000","0 %","0.0000","100 %","0000010000"
"12/31/2023 6:30:00 PM - 7:30:00 PM","45291.5833333333","136,115 MB","142727184384.0000","37,713 MB","39545339904.0000","53 %","53.0000","98,402 MB","103181844480.0000","96 %","96.0000","0 %","0.0000","100 %","0000010000"
"12/31/2023 7:30:00 PM - 8:30:00 PM","45291.6250000000","136,076 MB","142685931520.0000","37,674 MB","39504087040.0000","53 %","53.0000","98,402 MB","103181844480.0000","96 %","96.0000","0 %","0.0000","100 %","0000010000"
"12/31/2023 8:30:00 PM - 9:30:00 PM","45291.6666666667","136,028 MB","142635528192.0000","37,626 MB","39453683712.0000","53 %","53.0000","98,402 MB","103181844480.0000","96 %","96.0000","0 %","0.0000","100 %","0000010000"
"12/31/2023 9:30:00 PM - 10:30:00 PM","45291.7083333333","135,988 MB","142594024789.3333","37,586 MB","39412180309.3333","53 %","53.0000","98,402 MB","103181844480.0000","96 %","96.0000","0 %","0.0000","100 %","0000010000"
"12/31/2023 10:30:00 PM - 11:30:00 PM","45291.7500000000","135,950 MB","142553965909.3333","37,548 MB","39372121429.3333","53 %","53.0000","98,402 MB","103181844480.0000","96 %","96.0000","0 %","0.0000","100 %","0000010000"
"12/31/2023 11:30:00 PM - 12:30:00 AM","45291.7916666667","136,320 MB","142942201173.3333","37,918 MB","39760356693.3333","54 %","53.5000","98,402 MB","103181844480.0000","96 %","96.0000","0 %","0.0000","100 %","0000010000"
"1/1/2024 12:30:00 AM - 1:30:00 AM","45291.8333333333","136,691 MB","143330444629.3333","38,289 MB","40148600149.3333","54 %","54.0000","98,402 MB","103181844480.0000","96 %","96.0000","0 %","0.0000","100 %","0000010000"
"1/1/2024 1:30:00 AM - 2:30:00 AM","45291.8750000000","136,656 MB","143294145877.3333","38,254 MB","40112301397.3333","54 %","54.0000","98,402 MB","103181844480.0000","96 %","96.0000","0 %","0.0000","100 %","0000010000"
"1/1/2024 2:30:00 AM - 3:30:00 AM","45291.9166666667","136,621 MB","143257389738.6667","38,219 MB","40075545258.6667","54 %","54.0000","98,402 MB","103181844480.0000","96 %","96.0000","0 %","0.0000","100 %","0000010000"
"1/1/2024 3:30:00 AM - 4:30:00 AM","45291.9583333333","136,590 MB","143225306453.3333","38,188 MB","40043461973.3333","54 %","54.0000","98,402 MB","103181844480.0000","96 %","96.0000","0 %","0.0000","100 %","0000010000"
"1/1/2024 4:30:00 AM - 5:30:00 AM","45292.0000000000","136,555 MB","143188527104.0000","38,153 MB","40006682624.0000","54 %","54.0000","98,402 MB","103181844480.0000","96 %","96.0000","0 %","0.0000","100 %","0000010000"
"1/1/2024 5:30:00 AM - 6:30:00 AM","45292.0416666667","136,524 MB","143155776170.6667","38,122 MB","39973931690.6667","54 %","54.0000","98,402 MB","103181844480.0000","96 %","96.0000","0 %","0.0000","100 %","0000010000"
"1/1/2024 6:30:00 AM - 7:30:00 AM","45292.0833333333","136,488 MB","143118159189.3333","38,086 MB","39936314709.3333","54 %","54.0000","98,402 MB","103181844480.0000","96 %","96.0000","0 %","0.0000","100 %","0000010000"
"1/1/2024 7:30:00 AM - 8:30:00 AM","45292.1250000000","136,452 MB","143079787861.3333","38,050 MB","39897943381.3333","54 %","53.5000","98,402 MB","103181844480.0000","96 %","96.0000","0 %","0.0000","100 %","0000010000"
"1/1/2024 8:30:00 AM - 9:30:00 AM","45292.1666666667","136,413 MB","143039575381.3333","38,011 MB","39857730901.3333","53 %","53.0000","98,402 MB","103181844480.0000","96 %","96.0000","0 %","0.0000","100 %","0000010000"
"1/1/2024 9:30:00 AM - 10:30:00 AM","45292.2083333333","136,376 MB","143001083221.3333","37,975 MB","39819238741.3333","53 %","53.0000","98,402 MB","103181844480.0000","96 %","96.0000","0 %","0.0000","100 %","0000010000"
"1/1/2024 10:30:00 AM - 11:30:00 AM","45292.2500000000","136,341 MB","142963409578.6667","37,939 MB","39781565098.6667","53 %","53.0000","98,402 MB","103181844480.0000","96 %","96.0000","0 %","0.0000","100 %","0000010000"
"1/1/2024 11:30:00 AM - 12:30:00 PM","45292.2916666667","136,305 MB","142925790549.3333","37,903 MB","39743946069.3333","53 %","53.0000","98,402 MB","103181844480.0000","96 %","96.0000","0 %","0.0000","100 %","0000010000"
"1/1/2024 12:30:00 PM - 1:30:00 PM","45292.3333333333","136,269 MB","142888471893.3333","37,867 MB","39706627413.3333","53 %","53.0000","98,402 MB","103181844480.0000","96 %","96.0000","0 %","0.0000","100 %","0000010000"
"1/1/2024 1:30:00 PM - 2:30:00 PM","45292.3750000000","136,233 MB","142850682880.0000","37,831 MB","39668838400.0000","53 %","53.0000","98,402 MB","103181844480.0000","96 %","96.0000","0 %","0.0000","100 %","0000010000"
"1/1/2024 2:30:00 PM - 3:30:00 PM","45292.4166666667","136,197 MB","142812516352.0000","37,795 MB","39630671872.0000","53 %","53.0000","98,402 MB","103181844480.0000","96 %","96.0000","0 %","0.0000","100 %","0000010000"
"1/1/2024 3:30:00 PM - 4:30:00 PM","45292.4583333333","136,161 MB","142774969002.6667","37,759 MB","39593124522.6667","53 %","53.0000","98,402 MB","103181844480.0000","96 %","96.0000","0 %","0.0000","100 %","0000010000"
"1/1/2024 4:30:00 PM - 5:30:00 PM","45292.5000000000","136,125 MB","142737346560.0000","37,723 MB","39555502080.0000","53 %","53.0000","98,402 MB","103181844480.0000","96 %","96.0000","0 %","0.0000","100 %","0000010000"
"1/1/2024 5:30:00 PM - 6:30:00 PM","45292.5416666667","136,096 MB","142707081216.0000","37,694 MB","39525236736.0000","53 %","53.0000","98,402 MB","103181844480.0000","96 %","96.0000","0 %","0.0000","100 %","0000010000"
"1/1/2024 6:30:00 PM - 7:30:00 PM","45292.5833333333","136,060 MB","142669547520.0000","37,658 MB","39487703040.0000","53 %","53.0000","98,402 MB","103181844480.0000","96 %","96.0000","0 %","0.0000","100 %","0000010000"
"1/1/2024 7:30:00 PM - 8:30:00 PM","45292.6250000000","136,024 MB","142631200768.0000","37,622 MB","39449356288.0000","53 %","53.0000","98,402 MB","103181844480.0000","96 %","96.0000","0 %","0.0000","100 %","0000010000"
"1/1/2024 8:30:00 PM - 9:30:00 PM","45292.6666666667","135,985 MB","142590681088.0000","37,583 MB","39408836608.0000","53 %","53.0000","98,402 MB","103181844480.0000","96 %","96.0000","0 %","0.0000","100 %","0000010000"
"1/1/2024 9:30:00 PM - 10:30:00 PM","45292.7083333333","135,948 MB","142551779328.0000","37,546 MB","39369934848.0000","53 %","53.0000","98,402 MB","103181844480.0000","96 %","96.0000","0 %","0.0000","100 %","0000010000"
"1/1/2024 10:30:00 PM - 11:30:00 PM","45292.7500000000","135,905 MB","142506243413.3333","37,503 MB","39324398933.3333","53 %","53.0000","98,402 MB","103181844480.0000","96 %","96.0000","0 %","0.0000","100 %","0000010000"
"1/1/2024 11:30:00 PM - 12:30:00 AM","45292.7916666667","136,263 MB","142881795413.3333","37,861 MB","39699950933.3333","54 %","53.5000","98,402 MB","103181844480.0000","96 %","96.0000","0 %","0.0000","100 %","0000010000"
"1/2/2024 12:30:00 AM - 1:30:00 AM","45292.8333333333","136,620 MB","143256922794.6667","38,219 MB","40075078314.6667","54 %","54.0000","98,402 MB","103181844480.0000","96 %","96.0000","0 %","0.0000","100 %","0000010000"
"1/2/2024 1:30:00 AM - 2:30:00 AM","45292.8750000000","136,584 MB","143218589013.3333","38,182 MB","40036744533.3333","54 %","54.0000","98,402 MB","103181844480.0000","96 %","96.0000","0 %","0.0000","100 %","0000010000"
"1/2/2024 2:30:00 AM - 3:30:00 AM","45292.9166666667","136,550 MB","143183388672.0000","38,148 MB","40001544192.0000","54 %","54.0000","98,402 MB","103181844480.0000","96 %","96.0000","0 %","0.0000","100 %","0000010000"
"1/2/2024 3:30:00 AM - 4:30:00 AM","45292.9583333333","136,518 MB","143149785088.0000","38,116 MB","39967940608.0000","54 %","54.0000","98,402 MB","103181844480.0000","96 %","96.0000","0 %","0.0000","100 %","0000010000"
"1/2/2024 4:30:00 AM - 5:30:00 AM","45293.0000000000","136,480 MB","143109283157.3333","38,078 MB","39927438677.3333","54 %","54.0000","98,402 MB","103181844480.0000","96 %","96.0000","0 %","0.0000","100 %","0000010000"
"1/2/2024 5:30:00 AM - 6:30:00 AM","45293.0416666667","136,444 MB","143072331366.4000","38,043 MB","39890486886.4000","53 %","53.0000","98,402 MB","103181844480.0000","96 %","96.0000","0 %","0.0000","100 %","0000010000"
"1/2/2024 6:30:00 AM - 7:30:00 AM","45293.0833333333","136,410 MB","143036162730.6667","38,008 MB","39854318250.6667","53 %","53.0000","98,402 MB","103181844480.0000","96 %","96.0000","0 %","0.0000","100 %","0000010000"
"1/2/2024 7:30:00 AM - 8:30:00 AM","45293.1250000000","136,372 MB","142996118869.3333","37,970 MB","39814274389.3333","53 %","53.0000","98,402 MB","103181844480.0000","96 %","96.0000","0 %","0.0000","100 %","0000010000"
"1/2/2024 8:30:00 AM - 9:30:00 AM","45293.1666666667","136,335 MB","142957387093.3333","37,933 MB","39775542613.3333","53 %","53.0000","98,402 MB","103181844480.0000","96 %","96.0000","0 %","0.0000","100 %","0000010000"
"1/2/2024 9:30:00 AM - 10:30:00 AM","45293.2083333333","136,297 MB","142918000640.0000","37,895 MB","39736156160.0000","53 %","53.0000","98,402 MB","103181844480.0000","96 %","96.0000","0 %","0.0000","100 %","0000010000"
"1/2/2024 10:30:00 AM - 11:30:00 AM","45293.2500000000","136,260 MB","142879421098.6667","37,859 MB","39697576618.6667","53 %","53.0000","98,402 MB","103181844480.0000","96 %","96.0000","0 %","0.0000","100 %","0000010000"
"1/2/2024 11:30:00 AM - 12:30:00 PM","45293.2916666667","136,224 MB","142840733696.0000","37,822 MB","39658889216.0000","53 %","53.0000","98,402 MB","103181844480.0000","96 %","96.0000","0 %","0.0000","100 %","0000010000"
"1/2/2024 12:30:00 PM - 1:30:00 PM","45293.3333333333","136,183 MB","142798714197.3333","37,782 MB","39616869717.3333","53 %","53.0000","98,402 MB","103181844480.0000","96 %","96.0000","0 %","0.0000","100 %","0000010000"
"1/2/2024 1:30:00 PM - 2:30:00 PM","45293.3750000000","136,144 MB","142757246976.0000","37,742 MB","39575402496.0000","53 %","53.0000","98,402 MB","103181844480.0000","96 %","96.0000","0 %","0.0000","100 %","0000010000"
"1/2/2024 2:30:00 PM - 3:30:00 PM","45293.4166666667","136,103 MB","142714247850.6667","37,701 MB","39532403370.6667","53 %","53.0000","98,402 MB","103181844480.0000","96 %","96.0000","0 %","0.0000","100 %","0000010000"
"1/2/2024 3:30:00 PM - 4:30:00 PM","45293.4583333333","136,066 MB","142675904512.0000","37,664 MB","39494060032.0000","53 %","53.0000","98,402 MB","103181844480.0000","96 %","96.0000","0 %","0.0000","100 %","0000010000"
"1/2/2024 4:30:00 PM - 5:30:00 PM","45293.5000000000","136,032 MB","142639472640.0000","37,630 MB","39457628160.0000","53 %","53.0000","98,402 MB","103181844480.0000","96 %","96.0000","0 %","0.0000","100 %","0000010000"
"1/2/2024 5:30:00 PM - 6:30:00 PM","45293.5416666667","135,991 MB","142596512426.6667","37,589 MB","39414667946.6667","53 %","53.0000","98,402 MB","103181844480.0000","96 %","96.0000","0 %","0.0000","100 %","0000010000"
"1/2/2024 6:30:00 PM - 7:30:00 PM","45293.5833333333","135,950 MB","142554045781.3333","37,548 MB","39372201301.3333","53 %","53.0000","98,402 MB","103181844480.0000","96 %","96.0000","0 %","0.0000","100 %","0000010000"
"1/2/2024 7:30:00 PM - 8:30:00 PM","45293.6250000000","135,910 MB","142512030378.6667","37,508 MB","39330185898.6667","53 %","53.0000","98,402 MB","103181844480.0000","96 %","96.0000","0 %","0.0000","100 %","0000010000"
"1/2/2024 8:30:00 PM - 9:30:00 PM","45293.6666666667","135,867 MB","142467127296.0000","37,465 MB","39285282816.0000","53 %","53.0000","98,402 MB","103181844480.0000","96 %","96.0000","0 %","0.0000","100 %","0000010000"
"1/2/2024 9:30:00 PM - 10:30:00 PM","45293.7083333333","135,828 MB","142425836885.3333","37,426 MB","39243992405.3333","53 %","53.0000","98,402 MB","103181844480.0000","96 %","96.0000","0 %","0.0000","100 %","0000010000"
"1/2/2024 10:30:00 PM - 11:30:00 PM","45293.7500000000","135,789 MB","142384806570.6667","37,387 MB","39202962090.6667","53 %","53.0000","98,402 MB","103181844480.0000","96 %","96.0000","0 %","0.0000","100 %","0000010000"
"1/2/2024 11:30:00 PM - 12:30:00 AM","45293.7916666667","136,160 MB","142774601045.3333","37,759 MB","39592756565.3333","54 %","53.5000","98,402 MB","103181844480.0000","96 %","96.0000","0 %","0.0000","100 %","0000010000"
"1/3/2024 12:30:00 AM - 1:30:00 AM","45293.8333333333","136,523 MB","143155026602.6667","38,121 MB","39973182122.6667","54 %","54.0000","98,402 MB","103181844480.0000","96 %","96.0000","0 %","0.0000","100 %","0000010000"
"1/3/2024 1:30:00 AM - 2:30:00 AM","45293.8750000000","136,485 MB","143114829824.0000","38,083 MB","39932985344.0000","54 %","54.0000","98,402 MB","103181844480.0000","96 %","96.0000","0 %","0.0000","100 %","0000010000"
"1/3/2024 2:30:00 AM - 3:30:00 AM","45293.9166666667","136,447 MB","143075493888.0000","38,046 MB","39893649408.0000","53 %","53.1667","98,402 MB","103181844480.0000","96 %","96.0000","0 %","0.0000","100 %","0000010000"
"1/3/2024 3:30:00 AM - 4:30:00 AM","45293.9583333333","136,412 MB","143038668800.0000","38,010 MB","39856824320.0000","53 %","53.0000","98,402 MB","103181844480.0000","96 %","96.0000","0 %","0.0000","100 %","0000010000"
"1/3/2024 4:30:00 AM - 5:30:00 AM","45294.0000000000","136,374 MB","142998856362.6667","37,972 MB","39817011882.6667","53 %","53.0000","98,402 MB","103181844480.0000","96 %","96.0000","0 %","0.0000","100 %","0000010000"
"1/3/2024 5:30:00 AM - 6:30:00 AM","45294.0416666667","136,336 MB","142959157930.6667","37,935 MB","39777313450.6667","53 %","53.0000","98,402 MB","103181844480.0000","96 %","96.0000","0 %","0.0000","100 %","0000010000"
"1/3/2024 6:30:00 AM - 7:30:00 AM","45294.0833333333","136,298 MB","142918964565.3333","37,896 MB","39737120085.3333","53 %","53.0000","98,402 MB","103181844480.0000","96 %","96.0000","0 %","0.0000","100 %","0000010000"
"1/3/2024 7:30:00 AM - 8:30:00 AM","45294.1250000000","136,258 MB","142877007872.0000","37,856 MB","39695163392.0000","53 %","53.0000","98,402 MB","103181844480.0000","96 %","96.0000","0 %","0.0000","100 %","0000010000"
"1/3/2024 8:30:00 AM - 9:30:00 AM","45294.1666666667","136,216 MB","142832656384.0000","37,814 MB","39650811904.0000","53 %","53.0000","98,402 MB","103181844480.0000","96 %","96.0000","0 %","0.0000","100 %","0000010000"
"1/3/2024 9:30:00 AM - 10:30:00 AM","45294.2083333333","136,174 MB","142788555434.6667","37,772 MB","39606710954.6667","53 %","53.0000","98,402 MB","103181844480.0000","96 %","96.0000","0 %","0.0000","100 %","0000010000"
"1/3/2024 10:30:00 AM - 11:30:00 AM","45294.2500000000","136,134 MB","142746490880.0000","37,732 MB","39564646400.0000","53 %","53.0000","98,402 MB","103181844480.0000","96 %","96.0000","0 %","0.0000","100 %","0000010000"
"1/3/2024 11:30:00 AM - 12:30:00 PM","45294.2916666667","136,093 MB","142704067242.6667","37,691 MB","39522222762.6667","53 %","53.0000","98,402 MB","103181844480.0000","96 %","96.0000","0 %","0.0000","100 %","0000010000"
"1/3/2024 12:30:00 PM - 1:30:00 PM","45294.3333333333","136,054 MB","142663372117.3333","37,653 MB","39481527637.3333","53 %","53.0000","98,402 MB","103181844480.0000","96 %","96.0000","0 %","0.0000","100 %","0000010000"
"1/3/2024 1:30:00 PM - 2:30:00 PM","45294.3750000000","136,014 MB","142620679509.3333","37,612 MB","39438835029.3333","53 %","53.0000","98,402 MB","103181844480.0000","96 %","96.0000","0 %","0.0000","100 %","0000010000"
"1/3/2024 2:30:00 PM - 3:30:00 PM","45294.4166666667","135,979 MB","142584759637.3333","37,578 MB","39402915157.3333","53 %","53.0000","98,402 MB","103181844480.0000","96 %","96.0000","0 %","0.0000","100 %","0000010000"
"1/3/2024 3:30:00 PM - 4:30:00 PM","45294.4583333333","135,940 MB","142543351125.3333","37,538 MB","39361506645.3333","53 %","53.0000","98,402 MB","103181844480.0000","96 %","96.0000","0 %","0.0000","100 %","0000010000"
"1/3/2024 4:30:00 PM - 5:30:00 PM","45294.5000000000","135,898 MB","142499505493.3333","37,496 MB","39317661013.3333","53 %","53.0000","98,402 MB","103181844480.0000","96 %","96.0000","0 %","0.0000","100 %","0000010000"
"1/3/2024 5:30:00 PM - 6:30:00 PM","45294.5416666667","135,857 MB","142456366421.3333","37,455 MB","39274521941.3333","53 %","53.0000","98,402 MB","103181844480.0000","96 %","96.0000","0 %","0.0000","100 %","0000010000"
"1/3/2024 6:30:00 PM - 7:30:00 PM","45294.5833333333","135,816 MB","142413154304.0000","37,414 MB","39231309824.0000","53 %","53.0000","98,402 MB","103181844480.0000","96 %","96.0000","0 %","0.0000","100 %","0000010000"
"1/3/2024 7:30:00 PM - 8:30:00 PM","45294.6250000000","135,775 MB","142370407765.3333","37,373 MB","39188563285.3333","53 %","53.0000","98,402 MB","103181844480.0000","96 %","96.0000","0 %","0.0000","100 %","0000010000"
"1/3/2024 8:30:00 PM - 9:30:00 PM","45294.6666666667","135,734 MB","142327050922.6667","37,332 MB","39145206442.6667","52 %","52.1667","98,402 MB","103181844480.0000","96 %","96.0000","0 %","0.0000","100 %","0000010000"
"1/3/2024 9:30:00 PM - 10:30:00 PM","45294.7083333333","135,697 MB","142288153941.3333","37,295 MB","39106309461.3333","52 %","52.0000","98,402 MB","103181844480.0000","96 %","96.0000","0 %","0.0000","100 %","0000010000"
"1/3/2024 10:30:00 PM - 11:30:00 PM","45294.7500000000","135,656 MB","142245998592.0000","37,254 MB","39064154112.0000","52 %","52.0000","98,402 MB","103181844480.0000","96 %","96.0000","0 %","0.0000","100 %","0000010000"
"1/3/2024 11:30:00 PM - 12:30:00 AM","45294.7916666667","136,044 MB","142652516352.0000","37,642 MB","39470671872.0000","53 %","52.8333","98,402 MB","103181844480.0000","96 %","96.0000","0 %","0.0000","100 %","0000010000"
"1/4/2024 12:30:00 AM - 1:30:00 AM","45294.8333333333","136,432 MB","143059683328.0000","38,030 MB","39877838848.0000","53 %","53.0000","98,402 MB","103181844480.0000","96 %","96.0000","0 %","0.0000","100 %","0000010000"
"1/4/2024 1:30:00 AM - 2:30:00 AM","45294.8750000000","136,395 MB","143020072277.3333","37,993 MB","39838227797.3333","53 %","53.0000","98,402 MB","103181844480.0000","96 %","96.0000","0 %","0.0000","100 %","0000010000"
"1/4/2024 2:30:00 AM - 3:30:00 AM","45294.9166666667","136,349 MB","142971808426.6667","37,947 MB","39789963946.6667","53 %","53.0000","98,402 MB","103181844480.0000","96 %","96.0000","0 %","0.0000","100 %","0000010000"
"1/4/2024 3:30:00 AM - 4:30:00 AM","45294.9583333333","136,314 MB","142936051712.0000","37,913 MB","39754207232.0000","53 %","53.0000","98,402 MB","103181844480.0000","96 %","96.0000","0 %","0.0000","100 %","0000010000"
"1/4/2024 4:30:00 AM - 5:30:00 AM","45295.0000000000","136,271 MB","142890163541.3333","37,869 MB","39708319061.3333","53 %","53.0000","98,402 MB","103181844480.0000","96 %","96.0000","0 %","0.0000","100 %","0000010000"
"1/4/2024 5:30:00 AM - 6:30:00 AM","45295.0416666667","136,232 MB","142850020010.6667","37,831 MB","39668175530.6667","53 %","53.0000","98,402 MB","103181844480.0000","96 %","96.0000","0 %","0.0000","100 %","0000010000"
"1/4/2024 6:30:00 AM - 7:30:00 AM","45295.0833333333","136,194 MB","142810213034.6667","37,793 MB","39628368554.6667","53 %","53.0000","98,402 MB","103181844480.0000","96 %","96.0000","0 %","0.0000","100 %","0000010000"
"1/4/2024 7:30:00 AM - 8:30:00 AM","45295.1250000000","136,156 MB","142769422336.0000","37,754 MB","39587577856.0000","53 %","53.0000","98,402 MB","103181844480.0000","96 %","96.0000","0 %","0.0000","100 %","0000010000"
"1/4/2024 8:30:00 AM - 9:30:00 AM","45295.1666666667","136,116 MB","142728259584.0000","37,714 MB","39546415104.0000","53 %","53.0000","98,402 MB","103181844480.0000","96 %","96.0000","0 %","0.0000","100 %","0000010000"
"1/4/2024 9:30:00 AM - 10:30:00 AM","45295.2083333333","136,077 MB","142686744576.0000","37,675 MB","39504900096.0000","53 %","53.0000","98,402 MB","103181844480.0000","96 %","96.0000","0 %","0.0000","100 %","0000010000"
"1/4/2024 10:30:00 AM - 11:30:00 AM","45295.2500000000","136,038 MB","142645813930.6667","37,636 MB","39463969450.6667","53 %","53.0000","98,402 MB","103181844480.0000","96 %","96.0000","0 %","0.0000","100 %","0000010000"
"1/4/2024 11:30:00 AM - 12:30:00 PM","45295.2916666667","135,997 MB","142603625813.3333","37,596 MB","39421781333.3333","53 %","53.0000","98,402 MB","103181844480.0000","96 %","96.0000","0 %","0.0000","100 %","0000010000"
"1/4/2024 12:30:00 PM - 1:30:00 PM","45295.3333333333","135,962 MB","142566623232.0000","37,560 MB","39384778752.0000","53 %","53.0000","98,402 MB","103181844480.0000","96 %","96.0000","0 %","0.0000","100 %","0000010000"
"1/4/2024 1:30:00 PM - 2:30:00 PM","45295.3750000000","135,925 MB","142527675050.6667","37,523 MB","39345830570.6667","53 %","53.0000","98,402 MB","103181844480.0000","96 %","96.0000","0 %","0.0000","100 %","0000010000"
"1/4/2024 2:30:00 PM - 3:30:00 PM","45295.4166666667","135,885 MB","142485596842.6667","37,483 MB","39303752362.6667","53 %","53.0000","98,402 MB","103181844480.0000","96 %","96.0000","0 %","0.0000","100 %","0000010000"
"1/4/2024 3:30:00 PM - 4:30:00 PM","45295.4583333333","135,845 MB","142443892053.3333","37,443 MB","39262047573.3333","53 %","53.0000","98,402 MB","103181844480.0000","96 %","96.0000","0 %","0.0000","100 %","0000010000"
"1/4/2024 4:30:00 PM - 5:30:00 PM","45295.5000000000","135,804 MB","142401190570.6667","37,402 MB","39219346090.6667","53 %","53.0000","98,402 MB","103181844480.0000","96 %","96.0000","0 %","0.0000","100 %","0000010000"
"1/4/2024 5:30:00 PM - 6:30:00 PM","45295.5416666667","135,763 MB","142358026922.6667","37,361 MB","39176182442.6667","53 %","53.0000","98,402 MB","103181844480.0000","96 %","96.0000","0 %","0.0000","100 %","0000010000"
"1/4/2024 6:30:00 PM - 7:30:00 PM","45295.5833333333","135,722 MB","142314786816.0000","37,320 MB","39132942336.0000","52 %","52.0000","98,402 MB","103181844480.0000","96 %","96.0000","0 %","0.0000","100 %","0000010000"
"1/4/2024 7:30:00 PM - 8:30:00 PM","45295.6250000000","135,681 MB","142271920128.0000","37,279 MB","39090075648.0000","52 %","52.0000","98,402 MB","103181844480.0000","96 %","96.0000","0 %","0.0000","100 %","0000010000"
"1/4/2024 8:30:00 PM - 9:30:00 PM","45295.6666666667","135,642 MB","142230773077.3333","37,240 MB","39048928597.3333","52 %","52.0000","98,402 MB","103181844480.0000","96 %","96.0000","0 %","0.0000","100 %","0000010000"
"1/4/2024 9:30:00 PM - 10:30:00 PM","45295.7083333333","135,602 MB","142189472426.6667","37,201 MB","39007627946.6667","52 %","52.0000","98,402 MB","103181844480.0000","96 %","96.0000","0 %","0.0000","100 %","0000010000"
"1/4/2024 10:30:00 PM - 11:30:00 PM","45295.7500000000","135,564 MB","142148772522.6667","37,162 MB","38966928042.6667","52 %","52.0000","98,402 MB","103181844480.0000","96 %","96.0000","0 %","0.0000","100 %","0000010000"
"1/4/2024 11:30:00 PM - 12:30:00 AM","45295.7916666667","135,946 MB","142549267114.6667","37,544 MB","39367422634.6667","52 %","52.5000","98,402 MB","103181844480.0000","96 %","96.0000","0 %","0.0000","100 %","0000010000"
"1/5/2024 12:30:00 AM - 1:30:00 AM","45295.8333333333","136,330 MB","142952123733.3333","37,928 MB","39770279253.3333","53 %","53.0000","98,402 MB","103181844480.0000","96 %","96.0000","0 %","0.0000","100 %","0000010000"
"1/5/2024 1:30:00 AM - 2:30:00 AM","45295.8750000000","136,291 MB","142911760384.0000","37,889 MB","39729915904.0000","53 %","53.0000","98,402 MB","103181844480.0000","96 %","96.0000","0 %","0.0000","100 %","0000010000"
"1/5/2024 2:30:00 AM - 3:30:00 AM","45295.9166666667","136,249 MB","142867857408.0000","37,848 MB","39686012928.0000","53 %","53.0000","98,402 MB","103181844480.0000","96 %","96.0000","0 %","0.0000","100 %","0000010000"
"1/5/2024 3:30:00 AM - 4:30:00 AM","45295.9583333333","136,210 MB","142826423637.3333","37,808 MB","39644579157.3333","53 %","53.0000","98,402 MB","103181844480.0000","96 %","96.0000","0 %","0.0000","100 %","0000010000"
"1/5/2024 4:30:00 AM - 5:30:00 AM","45296.0000000000","136,176 MB","142790934528.0000","37,774 MB","39609090048.0000","53 %","53.0000","98,402 MB","103181844480.0000","96 %","96.0000","0 %","0.0000","100 %","0000010000"
"1/5/2024 5:30:00 AM - 6:30:00 AM","45296.0416666667","136,139 MB","142752609621.3333","37,738 MB","39570765141.3333","53 %","53.0000","98,402 MB","103181844480.0000","96 %","96.0000","0 %","0.0000","100 %","0000010000"
"1/5/2024 6:30:00 AM - 7:30:00 AM","45296.0833333333","136,104 MB","142714871125.3333","37,702 MB","39533026645.3333","53 %","53.0000","98,402 MB","103181844480.0000","96 %","96.0000","0 %","0.0000","100 %","0000010000"
"1/5/2024 7:30:00 AM - 8:30:00 AM","45296.1250000000","136,066 MB","142675346090.6667","37,664 MB","39493501610.6667","53 %","53.0000","98,402 MB","103181844480.0000","96 %","96.0000","0 %","0.0000","100 %","0000010000"
"1/5/2024 8:30:00 AM - 9:30:00 AM","45296.1666666667","136,028 MB","142635684522.6667","37,626 MB","39453840042.6667","53 %","53.0000","98,402 MB","103181844480.0000","96 %","96.0000","0 %","0.0000","100 %","0000010000"
"1/5/2024 9:30:00 AM - 10:30:00 AM","45296.2083333333","135,984 MB","142589726037.3333","37,582 MB","39407881557.3333","53 %","53.0000","98,402 MB","103181844480.0000","96 %","96.0000","0 %","0.0000","100 %","0000010000"
"1/5/2024 10:30:00 AM - 11:30:00 AM","45296.2500000000","135,946 MB","142550142976.0000","37,545 MB","39368298496.0000","53 %","53.0000","98,402 MB","103181844480.0000","96 %","96.0000","0 %","0.0000","100 %","0000010000"
"1/5/2024 11:30:00 AM - 12:30:00 PM","45296.2916666667","135,912 MB","142513700864.0000","37,510 MB","39331856384.0000","53 %","53.0000","98,402 MB","103181844480.0000","96 %","96.0000","0 %","0.0000","100 %","0000010000"
"1/5/2024 12:30:00 PM - 1:30:00 PM","45296.3333333333","135,871 MB","142471056042.6667","37,469 MB","39289211562.6667","53 %","53.0000","98,402 MB","103181844480.0000","96 %","96.0000","0 %","0.0000","100 %","0000010000"
"1/5/2024 1:30:00 PM - 2:30:00 PM","45296.3750000000","135,831 MB","142428821504.0000","37,429 MB","39246977024.0000","53 %","53.0000","98,402 MB","103181844480.0000","96 %","96.0000","0 %","0.0000","100 %","0000010000"
"1/5/2024 2:30:00 PM - 3:30:00 PM","45296.4166666667","135,791 MB","142386951509.3333","37,389 MB","39205107029.3333","53 %","53.0000","98,402 MB","103181844480.0000","96 %","96.0000","0 %","0.0000","100 %","0000010000"
"1/5/2024 3:30:00 PM - 4:30:00 PM","45296.4583333333","135,751 MB","142345384618.6667","37,349 MB","39163540138.6667","53 %","52.6667","98,402 MB","103181844480.0000","96 %","96.0000","0 %","0.0000","100 %","0000010000"
"1/5/2024 4:30:00 PM - 5:30:00 PM","45296.5000000000","135,711 MB","142303542613.3333","37,309 MB","39121698133.3333","52 %","52.0000","98,402 MB","103181844480.0000","96 %","96.0000","0 %","0.0000","100 %","0000010000"
"1/5/2024 5:30:00 PM - 6:30:00 PM","45296.5416666667","135,671 MB","142261654186.6667","37,269 MB","39079809706.6667","52 %","52.0000","98,402 MB","103181844480.0000","96 %","96.0000","0 %","0.0000","100 %","0000010000"
"1/5/2024 6:30:00 PM - 7:30:00 PM","45296.5833333333","135,632 MB","142220198570.6667","37,230 MB","39038354090.6667","52 %","52.0000","98,402 MB","103181844480.0000","96 %","96.0000","0 %","0.0000","100 %","0000010000"
"1/5/2024 7:30:00 PM - 8:30:00 PM","45296.6250000000","135,590 MB","142176490154.6667","37,188 MB","38994645674.6667","52 %","52.0000","98,402 MB","103181844480.0000","96 %","96.0000","0 %","0.0000","100 %","0000010000"
"1/5/2024 8:30:00 PM - 9:30:00 PM","45296.6666666667","135,547 MB","142131488768.0000","37,145 MB","38949644288.0000","52 %","52.0000","98,402 MB","103181844480.0000","96 %","96.0000","0 %","0.0000","100 %","0000010000"
"1/5/2024 9:30:00 PM - 10:30:00 PM","45296.7083333333","135,508 MB","142090844842.6667","37,107 MB","38909000362.6667","52 %","52.0000","98,402 MB","103181844480.0000","96 %","96.0000","0 %","0.0000","100 %","0000010000"
"1/5/2024 10:30:00 PM - 11:30:00 PM","45296.7500000000","135,472 MB","142052788224.0000","37,070 MB","38870943744.0000","52 %","52.0000","98,402 MB","103181844480.0000","96 %","96.0000","0 %","0.0000","100 %","0000010000"
"1/5/2024 11:30:00 PM - 12:30:00 AM","45296.7916666667","135,863 MB","142463042901.3333","37,461 MB","39281198421.3333","52 %","52.5000","98,402 MB","103181844480.0000","96 %","96.0000","0 %","0.0000","100 %","0000010000"
"1/6/2024 12:30:00 AM - 1:30:00 AM","45296.8333333333","136,257 MB","142875544917.3333","37,855 MB","39693700437.3333","53 %","53.0000","98,402 MB","103181844480.0000","96 %","96.0000","0 %","0.0000","100 %","0000010000"
"1/6/2024 1:30:00 AM - 2:30:00 AM","45296.8750000000","136,221 MB","142838104746.6667","37,819 MB","39656260266.6667","53 %","53.0000","98,402 MB","103181844480.0000","96 %","96.0000","0 %","0.0000","100 %","0000010000"
"1/6/2024 2:30:00 AM - 3:30:00 AM","45296.9166666667","136,185 MB","142800630442.6667","37,783 MB","39618785962.6667","53 %","53.0000","98,402 MB","103181844480.0000","96 %","96.0000","0 %","0.0000","100 %","0000010000"
"1/6/2024 3:30:00 AM - 4:30:00 AM","45296.9583333333","136,154 MB","142767327232.0000","37,752 MB","39585482752.0000","53 %","53.0000","98,402 MB","103181844480.0000","96 %","96.0000","0 %","0.0000","100 %","0000010000"
"1/6/2024 4:30:00 AM - 5:30:00 AM","45297.0000000000","136,118 MB","142729978538.6667","37,716 MB","39548134058.6667","53 %","53.0000","98,402 MB","103181844480.0000","96 %","96.0000","0 %","0.0000","100 %","0000010000"
"1/6/2024 5:30:00 AM - 6:30:00 AM","45297.0416666667","136,080 MB","142690684928.0000","37,679 MB","39508840448.0000","53 %","53.0000","98,402 MB","103181844480.0000","96 %","96.0000","0 %","0.0000","100 %","0000010000"
"1/6/2024 6:30:00 AM - 7:30:00 AM","45297.0833333333","136,041 MB","142649725610.6667","37,640 MB","39467881130.6667","53 %","53.0000","98,402 MB","103181844480.0000","96 %","96.0000","0 %","0.0000","100 %","0000010000"
"1/6/2024 7:30:00 AM - 8:30:00 AM","45297.1250000000","136,008 MB","142614525952.0000","37,606 MB","39432681472.0000","53 %","53.0000","98,402 MB","103181844480.0000","96 %","96.0000","0 %","0.0000","100 %","0000010000"
"1/6/2024 8:30:00 AM - 9:30:00 AM","45297.1666666667","135,970 MB","142575387306.6667","37,569 MB","39393542826.6667","53 %","53.0000","98,402 MB","103181844480.0000","96 %","96.0000","0 %","0.0000","100 %","0000010000"
"1/6/2024 9:30:00 AM - 10:30:00 AM","45297.2083333333","135,934 MB","142537292458.6667","37,532 MB","39355447978.6667","53 %","53.0000","98,402 MB","103181844480.0000","96 %","96.0000","0 %","0.0000","100 %","0000010000"
"1/6/2024 10:30:00 AM - 11:30:00 AM","45297.2500000000","135,907 MB","142508331690.6667","37,505 MB","39326487210.6667","53 %","53.0000","98,402 MB","103181844480.0000","96 %","96.0000","0 %","0.0000","100 %","0000010000"
"1/6/2024 11:30:00 AM - 12:30:00 PM","45297.2916666667","135,871 MB","142470651221.3333","37,469 MB","39288806741.3333","53 %","53.0000","98,402 MB","103181844480.0000","96 %","96.0000","0 %","0.0000","100 %","0000010000"
"1/6/2024 12:30:00 PM - 1:30:00 PM","45297.3333333333","135,832 MB","142430272170.6667","37,430 MB","39248427690.6667","53 %","53.0000","98,402 MB","103181844480.0000","96 %","96.0000","0 %","0.0000","100 %","0000010000"
"1/6/2024 1:30:00 PM - 2:30:00 PM","45297.3750000000","135,795 MB","142391024298.6667","37,393 MB","39209179818.6667","53 %","53.0000","98,402 MB","103181844480.0000","96 %","96.0000","0 %","0.0000","100 %","0000010000"
"1/6/2024 2:30:00 PM - 3:30:00 PM","45297.4166666667","135,757 MB","142351082154.6667","37,355 MB","39169237674.6667","53 %","52.8333","98,402 MB","103181844480.0000","96 %","96.0000","0 %","0.0000","100 %","0000010000"
"1/6/2024 3:30:00 PM - 4:30:00 PM","45297.4583333333","135,721 MB","142314274133.3333","37,320 MB","39132429653.3333","52 %","52.0000","98,402 MB","103181844480.0000","96 %","96.0000","0 %","0.0000","100 %","0000010000"
"1/6/2024 4:30:00 PM - 5:30:00 PM","45297.5000000000","135,688 MB","142279307946.6667","37,286 MB","39097463466.6667","52 %","52.0000","98,402 MB","103181844480.0000","96 %","96.0000","0 %","0.0000","100 %","0000010000"
"1/6/2024 5:30:00 PM - 6:30:00 PM","45297.5416666667","135,654 MB","142243112960.0000","37,252 MB","39061268480.0000","52 %","52.0000","98,402 MB","103181844480.0000","96 %","96.0000","0 %","0.0000","100 %","0000010000"
"1/6/2024 6:30:00 PM - 7:30:00 PM","45297.5833333333","135,618 MB","142206198442.6667","37,217 MB","39024353962.6667","52 %","52.0000","98,402 MB","103181844480.0000","96 %","96.0000","0 %","0.0000","100 %","0000010000"
"1/6/2024 7:30:00 PM - 8:30:00 PM","45297.6250000000","135,583 MB","142168655189.3333","37,181 MB","38986810709.3333","52 %","52.0000","98,402 MB","103181844480.0000","96 %","96.0000","0 %","0.0000","100 %","0000010000"
"1/6/2024 8:30:00 PM - 9:30:00 PM","45297.6666666667","135,545 MB","142128976554.6667","37,143 MB","38947132074.6667","52 %","52.0000","98,402 MB","103181844480.0000","96 %","96.0000","0 %","0.0000","100 %","0000010000"
"1/6/2024 9:30:00 PM - 10:30:00 PM","45297.7083333333","135,510 MB","142092491434.6667","37,108 MB","38910646954.6667","52 %","52.0000","98,402 MB","103181844480.0000","96 %","96.0000","0 %","0.0000","100 %","0000010000"
"1/6/2024 10:30:00 PM - 11:30:00 PM","45297.7500000000","135,475 MB","142055378944.0000","37,073 MB","38873534464.0000","52 %","52.0000","98,402 MB","103181844480.0000","96 %","96.0000","0 %","0.0000","100 %","0000010000"
"1/6/2024 11:30:00 PM - 12:30:00 AM","45297.7916666667","135,849 MB","142448381269.3333","37,447 MB","39266536789.3333","52 %","52.5000","98,402 MB","103181844480.0000","96 %","96.0000","0 %","0.0000","100 %","0000010000"
"1/7/2024 12:30:00 AM - 1:30:00 AM","45297.8333333333","136,223 MB","142840089941.3333","37,821 MB","39658245461.3333","53 %","53.0000","98,402 MB","103181844480.0000","96 %","96.0000","0 %","0.0000","100 %","0000010000"
"1/7/2024 1:30:00 AM - 2:30:00 AM","45297.8750000000","136,185 MB","142800248832.0000","37,783 MB","39618404352.0000","53 %","53.0000","98,402 MB","103181844480.0000","96 %","96.0000","0 %","0.0000","100 %","0000010000"
"1/7/2024 2:30:00 AM - 3:30:00 AM","45297.9166666667","136,148 MB","142761004373.3333","37,746 MB","39579159893.3333","53 %","53.0000","98,402 MB","103181844480.0000","96 %","96.0000","0 %","0.0000","100 %","0000010000"
"1/7/2024 3:30:00 AM - 4:30:00 AM","45297.9583333333","136,109 MB","142720400725.3333","37,707 MB","39538556245.3333","53 %","53.0000","98,402 MB","103181844480.0000","96 %","96.0000","0 %","0.0000","100 %","0000010000"
"1/7/2024 4:30:00 AM - 5:30:00 AM","45298.0000000000","136,068 MB","142677206357.3333","37,666 MB","39495361877.3333","53 %","53.0000","98,402 MB","103181844480.0000","96 %","96.0000","0 %","0.0000","100 %","0000010000"
"1/7/2024 5:30:00 AM - 6:30:00 AM","45298.0416666667","136,030 MB","142637370709.3333","37,628 MB","39455526229.3333","53 %","53.0000","98,402 MB","103181844480.0000","96 %","96.0000","0 %","0.0000","100 %","0000010000"
"1/7/2024 6:30:00 AM - 7:30:00 AM","45298.0833333333","135,992 MB","142597578069.3333","37,590 MB","39415733589.3333","53 %","53.0000","98,402 MB","103181844480.0000","96 %","96.0000","0 %","0.0000","100 %","0000010000"
"1/7/2024 7:30:00 AM - 8:30:00 AM","45298.1250000000","135,952 MB","142556498602.6667","37,551 MB","39374654122.6667","53 %","53.0000","98,402 MB","103181844480.0000","96 %","96.0000","0 %","0.0000","100 %","0000010000"
"1/7/2024 8:30:00 AM - 9:30:00 AM","45298.1666666667","135,907 MB","142508784298.6667","37,505 MB","39326939818.6667","53 %","53.0000","98,402 MB","103181844480.0000","96 %","96.0000","0 %","0.0000","100 %","0000010000"
"1/7/2024 9:30:00 AM - 10:30:00 AM","45298.2083333333","135,875 MB","142474906282.6667","37,473 MB","39293061802.6667","53 %","53.0000","98,402 MB","103181844480.0000","96 %","96.0000","0 %","0.0000","100 %","0000010000"
"1/7/2024 10:30:00 AM - 11:30:00 AM","45298.2500000000","135,836 MB","142434203648.0000","37,434 MB","39252359168.0000","53 %","53.0000","98,402 MB","103181844480.0000","96 %","96.0000","0 %","0.0000","100 %","0000010000"
"1/7/2024 11:30:00 AM - 12:30:00 PM","45298.2916666667","135,796 MB","142392408064.0000","37,394 MB","39210563584.0000","53 %","53.0000","98,402 MB","103181844480.0000","96 %","96.0000","0 %","0.0000","100 %","0000010000"
"1/7/2024 12:30:00 PM - 1:30:00 PM","45298.3333333333","135,759 MB","142353188864.0000","37,357 MB","39171344384.0000","53 %","52.8333","98,402 MB","103181844480.0000","96 %","96.0000","0 %","0.0000","100 %","0000010000"
"1/7/2024 1:30:00 PM - 2:30:00 PM","45298.3750000000","135,722 MB","142314743808.0000","37,320 MB","39132899328.0000","52 %","52.0000","98,402 MB","103181844480.0000","96 %","96.0000","0 %","0.0000","100 %","0000010000"
"1/7/2024 2:30:00 PM - 3:30:00 PM","45298.4166666667","135,690 MB","142281725952.0000","37,289 MB","39099881472.0000","52 %","52.0000","98,402 MB","103181844480.0000","96 %","96.0000","0 %","0.0000","100 %","0000010000"
"1/7/2024 3:30:00 PM - 4:30:00 PM","45298.4583333333","135,654 MB","142243499349.3333","37,252 MB","39061654869.3333","52 %","52.0000","98,402 MB","103181844480.0000","96 %","96.0000","0 %","0.0000","100 %","0000010000"
"1/7/2024 4:30:00 PM - 5:30:00 PM","45298.5000000000","135,616 MB","142204168192.0000","37,215 MB","39022323712.0000","52 %","52.0000","98,402 MB","103181844480.0000","96 %","96.0000","0 %","0.0000","100 %","0000010000"
"1/7/2024 5:30:00 PM - 6:30:00 PM","45298.5416666667","135,579 MB","142164811093.3333","37,177 MB","38982966613.3333","52 %","52.0000","98,402 MB","103181844480.0000","96 %","96.0000","0 %","0.0000","100 %","0000010000"
"1/7/2024 6:30:00 PM - 7:30:00 PM","45298.5833333333","135,539 MB","142122967722.6667","37,137 MB","38941123242.6667","52 %","52.0000","98,402 MB","103181844480.0000","96 %","96.0000","0 %","0.0000","100 %","0000010000"
"1/7/2024 7:30:00 PM - 8:30:00 PM","45298.6250000000","135,500 MB","142081529856.0000","37,098 MB","38899685376.0000","52 %","52.0000","98,402 MB","103181844480.0000","96 %","96.0000","0 %","0.0000","100 %","0000010000"
"1/7/2024 8:30:00 PM - 9:30:00 PM","45298.6666666667","135,462 MB","142042221226.6667","37,060 MB","38860376746.6667","52 %","52.0000","98,402 MB","103181844480.0000","96 %","96.0000","0 %","0.0000","100 %","0000010000"
"1/7/2024 9:30:00 PM - 10:30:00 PM","45298.7083333333","135,424 MB","142002756266.6667","37,023 MB","38820911786.6667","52 %","52.0000","98,402 MB","103181844480.0000","96 %","96.0000","0 %","0.0000","100 %","0000010000"
"1/7/2024 10:30:00 PM - 11:30:00 PM","45298.7500000000","135,387 MB","141964061354.6667","36,986 MB","38782216874.6667","52 %","52.0000","98,402 MB","103181844480.0000","96 %","96.0000","0 %","0.0000","100 %","0000010000"
"1/7/2024 11:30:00 PM - 12:30:00 AM","45298.7916666667","135,776 MB","142371730090.6667","37,374 MB","39189885610.6667","52 %","52.5000","98,402 MB","103181844480.0000","96 %","96.0000","0 %","0.0000","100 %","0000010000"
"1/8/2024 12:30:00 AM - 1:30:00 AM","45298.8333333333","136,163 MB","142776765098.6667","37,761 MB","39594920618.6667","53 %","53.0000","98,402 MB","103181844480.0000","96 %","96.0000","0 %","0.0000","100 %","0000010000"
"1/8/2024 1:30:00 AM - 2:30:00 AM","45298.8750000000","136,124 MB","142736201728.0000","37,722 MB","39554357248.0000","53 %","53.0000","98,402 MB","103181844480.0000","96 %","96.0000","0 %","0.0000","100 %","0000010000"
"1/8/2024 2:30:00 AM - 3:30:00 AM","45298.9166666667","136,091 MB","142702163968.0000","37,690 MB","39520319488.0000","53 %","53.0000","98,402 MB","103181844480.0000","96 %","96.0000","0 %","0.0000","100 %","0000010000"
"1/8/2024 3:30:00 AM - 4:30:00 AM","45298.9583333333","136,058 MB","142667060838.4000","37,656 MB","39485216358.4000","53 %","53.0000","98,402 MB","103181844480.0000","96 %","96.0000","0 %","0.0000","100 %","0000010000"
"1/8/2024 4:30:00 AM - 5:30:00 AM","45299.0000000000","136,018 MB","142624853333.3333","37,616 MB","39443008853.3333","53 %","53.0000","98,402 MB","103181844480.0000","96 %","96.0000","0 %","0.0000","100 %","0000010000"
"1/8/2024 5:30:00 AM - 6:30:00 AM","45299.0416666667","135,977 MB","142581858304.0000","37,575 MB","39400013824.0000","53 %","53.0000","98,402 MB","103181844480.0000","96 %","96.0000","0 %","0.0000","100 %","0000010000"
"1/8/2024 6:30:00 AM - 7:30:00 AM","45299.0833333333","135,938 MB","142541478297.6000","37,536 MB","39359633817.6000","53 %","53.0000","98,402 MB","103181844480.0000","96 %","96.0000","0 %","0.0000","100 %","0000010000"
"1/8/2024 7:30:00 AM - 8:30:00 AM","45299.1250000000","135,899 MB","142500025002.6667","37,497 MB","39318180522.6667","53 %","53.0000","98,402 MB","103181844480.0000","96 %","96.0000","0 %","0.0000","100 %","0000010000"
"1/8/2024 8:30:00 AM - 9:30:00 AM","45299.1666666667","135,858 MB","142457860096.0000","37,457 MB","39276015616.0000","53 %","53.0000","98,402 MB","103181844480.0000","96 %","96.0000","0 %","0.0000","100 %","0000010000"
"1/8/2024 9:30:00 AM - 10:30:00 AM","45299.2083333333","135,822 MB","142419438250.6667","37,420 MB","39237593770.6667","53 %","53.0000","98,402 MB","103181844480.0000","96 %","96.0000","0 %","0.0000","100 %","0000010000"
"1/8/2024 10:30:00 AM - 11:30:00 AM","45299.2500000000","135,772 MB","142367417139.2000","37,370 MB","39185572659.2000","53 %","53.0000","98,402 MB","103181844480.0000","96 %","96.0000","0 %","0.0000","100 %","0000010000"
"1/8/2024 11:30:00 AM - 12:30:00 PM","45299.2916666667","135,731 MB","142323948202.6667","37,329 MB","39142103722.6667","52 %","52.1667","98,402 MB","103181844480.0000","96 %","96.0000","0 %","0.0000","100 %","0000010000"
"1/8/2024 12:30:00 PM - 1:30:00 PM","45299.3333333333","135,687 MB","142278011562.6667","37,285 MB","39096167082.6667","52 %","52.0000","98,402 MB","103181844480.0000","96 %","96.0000","0 %","0.0000","100 %","0000010000"
"1/8/2024 1:30:00 PM - 2:30:00 PM","45299.3750000000","135,644 MB","142233509205.3333","37,243 MB","39051664725.3333","52 %","52.0000","98,402 MB","103181844480.0000","96 %","96.0000","0 %","0.0000","100 %","0000010000"
"1/8/2024 2:30:00 PM - 3:30:00 PM","45299.4166666667","135,601 MB","142187703637.3333","37,199 MB","39005859157.3333","52 %","52.0000","98,402 MB","103181844480.0000","96 %","96.0000","0 %","0.0000","100 %","0000010000"
"1/8/2024 3:30:00 PM - 4:30:00 PM","45299.4583333333","135,557 MB","142142317226.6667","37,156 MB","38960472746.6667","52 %","52.0000","98,402 MB","103181844480.0000","96 %","96.0000","0 %","0.0000","100 %","0000010000"
"1/8/2024 4:30:00 PM - 5:30:00 PM","45299.5000000000","135,514 MB","142097239381.3333","37,113 MB","38915394901.3333","52 %","52.0000","98,402 MB","103181844480.0000","96 %","96.0000","0 %","0.0000","100 %","0000010000"
"1/8/2024 5:30:00 PM - 6:30:00 PM","45299.5416666667","135,471 MB","142051654314.6667","37,069 MB","38869809834.6667","52 %","52.0000","98,402 MB","103181844480.0000","96 %","96.0000","0 %","0.0000","100 %","0000010000"
"1/8/2024 6:30:00 PM - 7:30:00 PM","45299.5833333333","135,428 MB","142006426965.3333","37,026 MB","38824582485.3333","52 %","52.0000","98,402 MB","103181844480.0000","96 %","96.0000","0 %","0.0000","100 %","0000010000"
"1/8/2024 7:30:00 PM - 8:30:00 PM","45299.6250000000","135,386 MB","141962343765.3333","36,984 MB","38780499285.3333","52 %","52.0000","98,402 MB","103181844480.0000","96 %","96.0000","0 %","0.0000","100 %","0000010000"
"1/8/2024 8:30:00 PM - 9:30:00 PM","45299.6666666667","135,344 MB","141918451712.0000","36,942 MB","38736607232.0000","52 %","52.0000","98,402 MB","103181844480.0000","96 %","96.0000","0 %","0.0000","100 %","0000010000"
"1/8/2024 9:30:00 PM - 10:30:00 PM","45299.7083333333","135,303 MB","141875630762.6667","36,901 MB","38693786282.6667","52 %","52.0000","98,402 MB","103181844480.0000","96 %","96.0000","0 %","0.0000","100 %","0000010000"
"1/8/2024 10:30:00 PM - 11:30:00 PM","45299.7500000000","135,261 MB","141831669077.3333","36,859 MB","38649824597.3333","52 %","52.0000","98,402 MB","103181844480.0000","96 %","96.0000","0 %","0.0000","100 %","0000010000"
"1/8/2024 11:30:00 PM - 12:30:00 AM","45299.7916666667","135,666 MB","142256432469.3333","37,264 MB","39074587989.3333","52 %","52.5000","98,402 MB","103181844480.0000","96 %","96.0000","0 %","0.0000","100 %","0000010000"
"1/9/2024 12:30:00 AM - 1:30:00 AM","45299.8333333333","136,075 MB","142684872704.0000","37,673 MB","39503028224.0000","53 %","53.0000","98,402 MB","103181844480.0000","96 %","96.0000","0 %","0.0000","100 %","0000010000"
"1/9/2024 1:30:00 AM - 2:30:00 AM","45299.8750000000","136,035 MB","142642983594.6667","37,633 MB","39461139114.6667","53 %","53.0000","98,402 MB","103181844480.0000","96 %","96.0000","0 %","0.0000","100 %","0000010000"
"1/9/2024 2:30:00 AM - 3:30:00 AM","45299.9166666667","135,997 MB","142603286937.6000","37,595 MB","39421442457.6000","53 %","53.0000","98,402 MB","103181844480.0000","96 %","96.0000","0 %","0.0000","100 %","0000010000"
"1/9/2024 3:30:00 AM - 4:30:00 AM","45299.9583333333","135,961 MB","142565285888.0000","37,559 MB","39383441408.0000","53 %","53.0000","98,402 MB","103181844480.0000","96 %","96.0000","0 %","0.0000","100 %","0000010000"
"1/9/2024 4:30:00 AM - 5:30:00 AM","45300.0000000000","135,925 MB","142527716693.3333","37,523 MB","39345872213.3333","53 %","53.0000","98,402 MB","103181844480.0000","96 %","96.0000","0 %","0.0000","100 %","0000010000"
"1/9/2024 5:30:00 AM - 6:30:00 AM","45300.0416666667","135,884 MB","142485212501.3333","37,483 MB","39303368021.3333","53 %","53.0000","98,402 MB","103181844480.0000","96 %","96.0000","0 %","0.0000","100 %","0000010000"
"1/9/2024 6:30:00 AM - 7:30:00 AM","45300.0833333333","135,847 MB","142446310195.2000","37,446 MB","39264465715.2000","53 %","53.0000","98,402 MB","103181844480.0000","96 %","96.0000","0 %","0.0000","100 %","0000010000"
"1/9/2024 7:30:00 AM - 8:30:00 AM","45300.1250000000","135,811 MB","142408170154.6667","37,409 MB","39226325674.6667","53 %","53.0000","98,402 MB","103181844480.0000","96 %","96.0000","0 %","0.0000","100 %","0000010000"
"1/9/2024 8:30:00 AM - 9:30:00 AM","45300.1666666667","135,774 MB","142369159168.0000","37,372 MB","39187314688.0000","53 %","53.0000","98,402 MB","103181844480.0000","96 %","96.0000","0 %","0.0000","100 %","0000010000"
"1/9/2024 9:30:00 AM - 10:30:00 AM","45300.2083333333","135,733 MB","142326211379.2000","37,331 MB","39144366899.2000","52 %","52.2000","98,402 MB","103181844480.0000","96 %","96.0000","0 %","0.0000","100 %","0000010000"
"1/9/2024 10:30:00 AM - 11:30:00 AM","45300.2500000000","135,692 MB","142283349333.3333","37,290 MB","39101504853.3333","52 %","52.0000","98,402 MB","103181844480.0000","96 %","96.0000","0 %","0.0000","100 %","0000010000"
"1/9/2024 11:30:00 AM - 12:30:00 PM","45300.2916666667","135,646 MB","142235339434.6667","37,244 MB","39053494954.6667","52 %","52.0000","98,402 MB","103181844480.0000","96 %","96.0000","0 %","0.0000","100 %","0000010000"
"1/9/2024 12:30:00 PM - 1:30:00 PM","45300.3333333333","135,595 MB","142181498880.0000","37,193 MB","38999654400.0000","52 %","52.0000","98,402 MB","103181844480.0000","96 %","96.0000","0 %","0.0000","100 %","0000010000"
"1/9/2024 1:30:00 PM - 2:30:00 PM","45300.3750000000","135,552 MB","142136536405.3333","37,150 MB","38954691925.3333","52 %","52.0000","98,402 MB","103181844480.0000","96 %","96.0000","0 %","0.0000","100 %","0000010000"
"1/9/2024 2:30:00 PM - 3:30:00 PM","45300.4166666667","135,510 MB","142092778154.6667","37,108 MB","38910933674.6667","52 %","52.0000","98,402 MB","103181844480.0000","96 %","96.0000","0 %","0.0000","100 %","0000010000"
"1/9/2024 3:30:00 PM - 4:30:00 PM","45300.4583333333","135,468 MB","142048710656.0000","37,066 MB","38866866176.0000","52 %","52.0000","98,402 MB","103181844480.0000","96 %","96.0000","0 %","0.0000","100 %","0000010000"
"1/9/2024 4:30:00 PM - 5:30:00 PM","45300.5000000000","135,425 MB","142003186346.6667","37,023 MB","38821341866.6667","52 %","52.0000","98,402 MB","103181844480.0000","96 %","96.0000","0 %","0.0000","100 %","0000010000"
"1/9/2024 5:30:00 PM - 6:30:00 PM","45300.5416666667","135,382 MB","141957796522.6667","36,980 MB","38775952042.6667","52 %","52.0000","98,402 MB","103181844480.0000","96 %","96.0000","0 %","0.0000","100 %","0000010000"
"1/9/2024 6:30:00 PM - 7:30:00 PM","45300.5833333333","135,339 MB","141913200640.0000","36,937 MB","38731356160.0000","52 %","52.0000","98,402 MB","103181844480.0000","96 %","96.0000","0 %","0.0000","100 %","0000010000"
"1/9/2024 7:30:00 PM - 8:30:00 PM","45300.6250000000","135,296 MB","141867645610.6667","36,894 MB","38685801130.6667","52 %","52.0000","98,402 MB","103181844480.0000","96 %","96.0000","0 %","0.0000","100 %","0000010000"
"1/9/2024 8:30:00 PM - 9:30:00 PM","45300.6666666667","135,254 MB","141824316074.6667","36,852 MB","38642471594.6667","52 %","52.0000","98,402 MB","103181844480.0000","96 %","96.0000","0 %","0.0000","100 %","0000010000"
"1/9/2024 9:30:00 PM - 10:30:00 PM","45300.7083333333","135,212 MB","141780144128.0000","36,810 MB","38598299648.0000","52 %","52.0000","98,402 MB","103181844480.0000","96 %","96.0000","0 %","0.0000","100 %","0000010000"
"1/9/2024 10:30:00 PM - 11:30:00 PM","45300.7500000000","135,171 MB","141737170944.0000","36,769 MB","38555326464.0000","52 %","52.0000","98,402 MB","103181844480.0000","96 %","96.0000","0 %","0.0000","100 %","0000010000"
"1/9/2024 11:30:00 PM - 12:30:00 AM","45300.7916666667","135,567 MB","142152703317.3333","37,166 MB","38970858837.3333","52 %","52.5000","98,402 MB","103181844480.0000","96 %","96.0000","0 %","0.0000","100 %","0000010000"
"1/10/2024 12:30:00 AM - 1:30:00 AM","45300.8333333333","135,963 MB","142567725738.6667","37,561 MB","39385881258.6667","53 %","53.0000","98,402 MB","103181844480.0000","96 %","96.0000","0 %","0.0000","100 %","0000010000"
"1/10/2024 1:30:00 AM - 2:30:00 AM","45300.8750000000","135,920 MB","142522032128.0000","37,518 MB","39340187648.0000","53 %","53.0000","98,402 MB","103181844480.0000","96 %","96.0000","0 %","0.0000","100 %","0000010000"
"1/10/2024 2:30:00 AM - 3:30:00 AM","45300.9166666667","135,880 MB","142480097280.0000","37,478 MB","39298252800.0000","53 %","53.0000","98,402 MB","103181844480.0000","96 %","96.0000","0 %","0.0000","100 %","0000010000"
"1/10/2024 3:30:00 AM - 4:30:00 AM","45300.9583333333","135,850 MB","142448712362.6667","37,448 MB","39266867882.6667","53 %","53.0000","98,402 MB","103181844480.0000","96 %","96.0000","0 %","0.0000","100 %","0000010000"
"1/10/2024 4:30:00 AM - 5:30:00 AM","45301.0000000000","135,809 MB","142406500352.0000","37,408 MB","39224655872.0000","53 %","53.0000","98,402 MB","103181844480.0000","96 %","96.0000","0 %","0.0000","100 %","0000010000"
"1/10/2024 5:30:00 AM - 6:30:00 AM","45301.0416666667","135,768 MB","142362925056.0000","37,366 MB","39181080576.0000","53 %","53.0000","98,402 MB","103181844480.0000","96 %","96.0000","0 %","0.0000","100 %","0000010000"
"1/10/2024 6:30:00 AM - 7:30:00 AM","45301.0833333333","135,735 MB","142328170086.4000","37,333 MB","39146325606.4000","52 %","52.2000","98,402 MB","103181844480.0000","96 %","96.0000","0 %","0.0000","100 %","0000010000"
"1/10/2024 7:30:00 AM - 8:30:00 AM","45301.1250000000","135,697 MB","142289134250.6667","37,296 MB","39107289770.6667","52 %","52.0000","98,402 MB","103181844480.0000","96 %","96.0000","0 %","0.0000","100 %","0000010000"
"1/10/2024 8:30:00 AM - 9:30:00 AM","45301.1666666667","135,654 MB","142243762176.0000","37,252 MB","39061917696.0000","52 %","52.0000","98,402 MB","103181844480.0000","96 %","96.0000","0 %","0.0000","100 %","0000010000"
"1/10/2024 9:30:00 AM - 10:30:00 AM","45301.2083333333","135,612 MB","142199040000.0000","37,210 MB","39017195520.0000","52 %","52.0000","98,402 MB","103181844480.0000","96 %","96.0000","0 %","0.0000","100 %","0000010000"
"1/10/2024 10:30:00 AM - 11:30:00 AM","45301.2500000000","135,568 MB","142152898560.0000","37,166 MB","38971054080.0000","52 %","52.0000","98,402 MB","103181844480.0000","96 %","96.0000","0 %","0.0000","100 %","0000010000"
"1/10/2024 11:30:00 AM - 12:30:00 PM","45301.2916666667","135,475 MB","142055311360.0000","37,073 MB","38873466880.0000","52 %","52.0000","98,402 MB","103181844480.0000","96 %","96.0000","0 %","0.0000","100 %","0000010000"
"1/10/2024 12:30:00 PM - 1:30:00 PM","45301.3333333333","135,427 MB","142005827584.0000","37,025 MB","38823983104.0000","52 %","52.0000","98,402 MB","103181844480.0000","96 %","96.0000","0 %","0.0000","100 %","0000010000"
"1/10/2024 1:30:00 PM - 2:30:00 PM","45301.3750000000","135,383 MB","141959318186.6667","36,981 MB","38777473706.6667","52 %","52.0000","98,402 MB","103181844480.0000","96 %","96.0000","0 %","0.0000","100 %","0000010000"
"1/10/2024 2:30:00 PM - 3:30:00 PM","45301.4166666667","135,332 MB","141906338474.6667","36,931 MB","38724493994.6667","52 %","52.0000","98,402 MB","103181844480.0000","96 %","96.0000","0 %","0.0000","100 %","0000010000"
"1/10/2024 3:30:00 PM - 4:30:00 PM","45301.4583333333","135,291 MB","141862522197.3333","36,889 MB","38680677717.3333","52 %","52.0000","98,402 MB","103181844480.0000","96 %","96.0000","0 %","0.0000","100 %","0000010000"
"1/10/2024 4:30:00 PM - 5:30:00 PM","45301.5000000000","135,248 MB","141817828693.3333","36,846 MB","38635984213.3333","52 %","52.0000","98,402 MB","103181844480.0000","96 %","96.0000","0 %","0.0000","100 %","0000010000"
"1/10/2024 5:30:00 PM - 6:30:00 PM","45301.5416666667","135,206 MB","141773539328.0000","36,804 MB","38591694848.0000","52 %","52.0000","98,402 MB","103181844480.0000","96 %","96.0000","0 %","0.0000","100 %","0000010000"
"1/10/2024 6:30:00 PM - 7:30:00 PM","45301.5833333333","135,164 MB","141729510058.6667","36,762 MB","38547665578.6667","52 %","52.0000","98,402 MB","103181844480.0000","96 %","96.0000","0 %","0.0000","100 %","0000010000"
"1/10/2024 7:30:00 PM - 8:30:00 PM","45301.6250000000","135,124 MB","141687263232.0000","36,722 MB","38505418752.0000","52 %","52.0000","98,402 MB","103181844480.0000","96 %","96.0000","0 %","0.0000","100 %","0000010000"
"1/10/2024 8:30:00 PM - 9:30:00 PM","45301.6666666667","135,080 MB","141641359360.0000","36,678 MB","38459514880.0000","52 %","52.0000","98,402 MB","103181844480.0000","96 %","96.0000","0 %","0.0000","100 %","0000010000"
"1/10/2024 9:30:00 PM - 10:30:00 PM","45301.7083333333","135,038 MB","141597911722.6667","36,636 MB","38416067242.6667","52 %","51.6667","98,402 MB","103181844480.0000","96 %","96.0000","0 %","0.0000","100 %","0000010000"
"1/10/2024 10:30:00 PM - 11:30:00 PM","45301.7500000000","134,998 MB","141555420501.3333","36,596 MB","38373576021.3333","51 %","51.0000","98,402 MB","103181844480.0000","96 %","96.0000","0 %","0.0000","100 %","0000010000"
"1/10/2024 11:30:00 PM - 12:30:00 AM","45301.7916666667","135,403 MB","141980080128.0000","37,001 MB","38798235648.0000","52 %","52.0000","98,402 MB","103181844480.0000","96 %","96.0000","0 %","0.0000","100 %","0000010000"
"1/11/2024 12:30:00 AM - 1:30:00 AM","45301.8333333333","135,810 MB","142406770688.0000","37,408 MB","39224926208.0000","53 %","53.0000","98,402 MB","103181844480.0000","96 %","96.0000","0 %","0.0000","100 %","0000010000"
"1/11/2024 1:30:00 AM - 2:30:00 AM","45301.8750000000","135,768 MB","142362745514.6667","37,366 MB","39180901034.6667","53 %","53.0000","98,402 MB","103181844480.0000","96 %","96.0000","0 %","0.0000","100 %","0000010000"
"1/11/2024 2:30:00 AM - 3:30:00 AM","45301.9166666667","135,731 MB","142323800746.6667","37,329 MB","39141956266.6667","52 %","52.1667","98,402 MB","103181844480.0000","96 %","96.0000","0 %","0.0000","100 %","0000010000"
"1/11/2024 3:30:00 AM - 4:30:00 AM","45301.9583333333","135,697 MB","142288768341.3333","37,295 MB","39106923861.3333","52 %","52.0000","98,402 MB","103181844480.0000","96 %","96.0000","0 %","0.0000","100 %","0000010000"
"1/11/2024 4:30:00 AM - 5:30:00 AM","45302.0000000000","135,658 MB","142247253333.3333","37,256 MB","39065408853.3333","52 %","52.0000","98,402 MB","103181844480.0000","96 %","96.0000","0 %","0.0000","100 %","0000010000"
"1/11/2024 5:30:00 AM - 6:30:00 AM","45302.0416666667","135,625 MB","142213177344.0000","37,223 MB","39031332864.0000","52 %","52.0000","98,402 MB","103181844480.0000","96 %","96.0000","0 %","0.0000","100 %","0000010000"
"1/11/2024 6:30:00 AM - 7:30:00 AM","45302.0833333333","135,585 MB","142171234304.0000","37,183 MB","38989389824.0000","52 %","52.0000","98,402 MB","103181844480.0000","96 %","96.0000","0 %","0.0000","100 %","0000010000"
"1/11/2024 7:30:00 AM - 8:30:00 AM","45302.1250000000","135,543 MB","142126697813.3333","37,141 MB","38944853333.3333","52 %","52.0000","98,402 MB","103181844480.0000","96 %","96.0000","0 %","0.0000","100 %","0000010000"
"1/11/2024 8:30:00 AM - 9:30:00 AM","45302.1666666667","135,503 MB","142085145941.3333","37,101 MB","38903301461.3333","52 %","52.0000","98,402 MB","103181844480.0000","96 %","96.0000","0 %","0.0000","100 %","0000010000"
"1/11/2024 9:30:00 AM - 10:30:00 AM","45302.2083333333","135,463 MB","142043243861.3333","37,061 MB","38861399381.3333","52 %","52.0000","98,402 MB","103181844480.0000","96 %","96.0000","0 %","0.0000","100 %","0000010000"
"1/11/2024 10:30:00 AM - 11:30:00 AM","45302.2500000000","135,426 MB","142004557824.0000","37,024 MB","38822713344.0000","52 %","52.0000","98,402 MB","103181844480.0000","96 %","96.0000","0 %","0.0000","100 %","0000010000"
"1/11/2024 11:30:00 AM - 12:30:00 PM","45302.2916666667","135,384 MB","141960145578.6667","36,982 MB","38778301098.6667","52 %","52.0000","98,402 MB","103181844480.0000","96 %","96.0000","0 %","0.0000","100 %","0000010000"
"1/11/2024 12:30:00 PM - 1:30:00 PM","45302.3333333333","135,341 MB","141915138048.0000","36,939 MB","38733293568.0000","52 %","52.0000","98,402 MB","103181844480.0000","96 %","96.0000","0 %","0.0000","100 %","0000010000"
"1/11/2024 1:30:00 PM - 2:30:00 PM","45302.3750000000","135,299 MB","141871269205.3333","36,897 MB","38689424725.3333","52 %","52.0000","98,402 MB","103181844480.0000","96 %","96.0000","0 %","0.0000","100 %","0000010000"
"1/11/2024 2:30:00 PM - 3:30:00 PM","45302.4166666667","135,257 MB","141827604480.0000","36,855 MB","38645760000.0000","52 %","52.0000","98,402 MB","103181844480.0000","96 %","96.0000","0 %","0.0000","100 %","0000010000"
"1/11/2024 3:30:00 PM - 4:30:00 PM","45302.4583333333","135,218 MB","141786473267.2000","36,816 MB","38604628787.2000","52 %","52.0000","98,402 MB","103181844480.0000","96 %","96.0000","0 %","0.0000","100 %","0000010000"
"1/11/2024 4:30:00 PM - 5:30:00 PM","45302.5000000000","135,170 MB","141735912789.3333","36,768 MB","38554068309.3333","52 %","52.0000","98,402 MB","103181844480.0000","96 %","96.0000","0 %","0.0000","100 %","0000010000"
"1/11/2024 5:30:00 PM - 6:30:00 PM","45302.5416666667","135,128 MB","141691718997.3333","36,726 MB","38509874517.3333","52 %","52.0000","98,402 MB","103181844480.0000","96 %","96.0000","0 %","0.0000","100 %","0000010000"
"1/11/2024 6:30:00 PM - 7:30:00 PM","45302.5833333333","135,085 MB","141647402325.3333","36,684 MB","38465557845.3333","52 %","52.0000","98,402 MB","103181844480.0000","96 %","96.0000","0 %","0.0000","100 %","0000010000"
"1/11/2024 7:30:00 PM - 8:30:00 PM","45302.6250000000","135,043 MB","141602785280.0000","36,641 MB","38420940800.0000","52 %","51.8333","98,402 MB","103181844480.0000","96 %","96.0000","0 %","0.0000","100 %","0000010000"
"1/11/2024 8:30:00 PM - 9:30:00 PM","45302.6666666667","134,998 MB","141555922944.0000","36,596 MB","38374078464.0000","51 %","51.0000","98,402 MB","103181844480.0000","96 %","96.0000","0 %","0.0000","100 %","0000010000"
"1/11/2024 9:30:00 PM - 10:30:00 PM","45302.7083333333","134,957 MB","141513140906.6667","36,556 MB","38331296426.6667","51 %","51.0000","98,402 MB","103181844480.0000","96 %","96.0000","0 %","0.0000","100 %","0000010000"
"1/11/2024 10:30:00 PM - 11:30:00 PM","45302.7500000000","134,954 MB","141509120682.6667","36,552 MB","38327276202.6667","51 %","51.0000","98,402 MB","103181844480.0000","96 %","96.0000","0 %","0.0000","100 %","0000010000"
"1/11/2024 11:30:00 PM - 12:30:00 AM","45302.7916666667","135,367 MB","141942948522.6667","36,965 MB","38761104042.6667","52 %","52.0000","98,402 MB","103181844480.0000","96 %","96.0000","0 %","0.0000","100 %","0000010000"
"1/12/2024 12:30:00 AM - 1:30:00 AM","45302.8333333333","135,791 MB","142386804736.0000","37,389 MB","39204960256.0000","53 %","53.0000","98,402 MB","103181844480.0000","96 %","96.0000","0 %","0.0000","100 %","0000010000"
"1/12/2024 1:30:00 AM - 2:30:00 AM","45302.8750000000","135,755 MB","142349447168.0000","37,353 MB","39167602688.0000","53 %","52.8333","98,402 MB","103181844480.0000","96 %","96.0000","0 %","0.0000","100 %","0000010000"
"1/12/2024 2:30:00 AM - 3:30:00 AM","45302.9166666667","135,717 MB","142309436757.3333","37,315 MB","39127592277.3333","52 %","52.0000","98,402 MB","103181844480.0000","96 %","96.0000","0 %","0.0000","100 %","0000010000"
"1/12/2024 3:30:00 AM - 4:30:00 AM","45302.9583333333","135,683 MB","142274136064.0000","37,281 MB","39092291584.0000","52 %","52.0000","98,402 MB","103181844480.0000","96 %","96.0000","0 %","0.0000","100 %","0000010000"
"1/12/2024 4:30:00 AM - 5:30:00 AM","45303.0000000000","135,649 MB","142238626474.6667","37,247 MB","39056781994.6667","52 %","52.0000","98,402 MB","103181844480.0000","96 %","96.0000","0 %","0.0000","100 %","0000010000"
"1/12/2024 5:30:00 AM - 6:30:00 AM","45303.0416666667","135,611 MB","142198808576.0000","37,209 MB","39016964096.0000","52 %","52.0000","98,402 MB","103181844480.0000","96 %","96.0000","0 %","0.0000","100 %","0000010000"
"1/12/2024 6:30:00 AM - 7:30:00 AM","45303.0833333333","135,574 MB","142159184554.6667","37,172 MB","38977340074.6667","52 %","52.0000","98,402 MB","103181844480.0000","96 %","96.0000","0 %","0.0000","100 %","0000010000"
"1/12/2024 7:30:00 AM - 8:30:00 AM","45303.1250000000","135,535 MB","142118718122.6667","37,133 MB","38936873642.6667","52 %","52.0000","98,402 MB","103181844480.0000","96 %","96.0000","0 %","0.0000","100 %","0000010000"
"1/12/2024 8:30:00 AM - 9:30:00 AM","45303.1666666667","135,497 MB","142078955520.0000","37,095 MB","38897111040.0000","52 %","52.0000","98,402 MB","103181844480.0000","96 %","96.0000","0 %","0.0000","100 %","0000010000"
"1/12/2024 9:30:00 AM - 10:30:00 AM","45303.2083333333","135,458 MB","142038253568.0000","37,056 MB","38856409088.0000","52 %","52.0000","98,402 MB","103181844480.0000","96 %","96.0000","0 %","0.0000","100 %","0000010000"
"1/12/2024 10:30:00 AM - 11:30:00 AM","45303.2500000000","135,420 MB","141998151680.0000","37,018 MB","38816307200.0000","52 %","52.0000","98,402 MB","103181844480.0000","96 %","96.0000","0 %","0.0000","100 %","0000010000"
"1/12/2024 11:30:00 AM - 12:30:00 PM","45303.2916666667","135,034 MB","141593803434.6667","36,632 MB","38411958954.6667","52 %","51.5000","98,402 MB","103181844480.0000","96 %","96.0000","0 %","0.0000","100 %","0000010000"
"1/12/2024 12:30:00 PM - 1:30:00 PM","45303.3333333333","134,645 MB","141185196714.6667","36,243 MB","38003352234.6667","51 %","51.0000","98,402 MB","103181844480.0000","96 %","96.0000","0 %","0.0000","100 %","0000010000"
"1/12/2024 1:30:00 PM - 2:30:00 PM","45303.3750000000","134,598 MB","141136616106.6667","36,196 MB","37954771626.6667","51 %","51.0000","98,402 MB","103181844480.0000","96 %","96.0000","0 %","0.0000","100 %","0000010000"
"1/12/2024 2:30:00 PM - 3:30:00 PM","45303.4166666667","134,550 MB","141085743786.6667","36,148 MB","37903899306.6667","51 %","51.0000","98,402 MB","103181844480.0000","96 %","96.0000","0 %","0.0000","100 %","0000010000"
"1/12/2024 3:30:00 PM - 4:30:00 PM","45303.4583333333","134,453 MB","140983788885.3333","36,051 MB","37801944405.3333","51 %","51.0000","98,402 MB","103181844480.0000","96 %","96.0000","0 %","0.0000","100 %","0000010000"
"1/12/2024 4:30:00 PM - 5:30:00 PM","45303.5000000000","134,318 MB","140842106880.0000","35,916 MB","37660262400.0000","50 %","50.5000","98,402 MB","103181844480.0000","96 %","96.0000","0 %","0.0000","100 %","0000010000"
"1/12/2024 5:30:00 PM - 6:30:00 PM","45303.5416666667","134,183 MB","140700616021.3333","35,781 MB","37518771541.3333","50 %","50.0000","98,402 MB","103181844480.0000","96 %","96.0000","0 %","0.0000","100 %","0000010000"
"1/12/2024 6:30:00 PM - 7:30:00 PM","45303.5833333333","134,062 MB","140574356821.3333","35,660 MB","37392512341.3333","50 %","50.0000","98,402 MB","103181844480.0000","96 %","96.0000","0 %","0.0000","100 %","0000010000"
"1/12/2024 7:30:00 PM - 8:30:00 PM","45303.6250000000","134,017 MB","140526599509.3333","35,615 MB","37344755029.3333","50 %","50.0000","98,402 MB","103181844480.0000","96 %","96.0000","0 %","0.0000","100 %","0000010000"
"1/12/2024 8:30:00 PM - 9:30:00 PM","45303.6666666667","133,977 MB","140485261994.6667","35,575 MB","37303417514.6667","50 %","50.0000","98,402 MB","103181844480.0000","96 %","96.0000","0 %","0.0000","100 %","0000010000"
"1/12/2024 9:30:00 PM - 10:30:00 PM","45303.7083333333","133,938 MB","140444140885.3333","35,536 MB","37262296405.3333","50 %","50.0000","98,402 MB","103181844480.0000","96 %","96.0000","0 %","0.0000","100 %","0000010000"
"1/12/2024 10:30:00 PM - 11:30:00 PM","45303.7500000000","133,898 MB","140401902250.6667","35,496 MB","37220057770.6667","50 %","50.0000","98,402 MB","103181844480.0000","96 %","96.0000","0 %","0.0000","100 %","0000010000"
"1/12/2024 11:30:00 PM - 12:30:00 AM","45303.7916666667","134,429 MB","140959434069.3333","36,028 MB","37777589589.3333","50 %","50.5000","98,402 MB","103181844480.0000","96 %","96.0000","0 %","0.0000","100 %","0000010000"
"1/13/2024 12:30:00 AM - 1:30:00 AM","45303.8333333333","134,962 MB","141518202880.0000","36,560 MB","38336358400.0000","51 %","51.0000","98,402 MB","103181844480.0000","96 %","96.0000","0 %","0.0000","100 %","0000010000"
"1/13/2024 1:30:00 AM - 2:30:00 AM","45303.8750000000","134,928 MB","141482747904.0000","36,527 MB","38300903424.0000","51 %","51.0000","98,402 MB","103181844480.0000","96 %","96.0000","0 %","0.0000","100 %","0000010000"
"1/13/2024 2:30:00 AM - 3:30:00 AM","45303.9166666667","134,897 MB","141449650858.6667","36,495 MB","38267806378.6667","51 %","51.0000","98,402 MB","103181844480.0000","96 %","96.0000","0 %","0.0000","100 %","0000010000"
"1/13/2024 3:30:00 AM - 4:30:00 AM","45303.9583333333","134,863 MB","141413633365.3333","36,461 MB","38231788885.3333","51 %","51.0000","98,402 MB","103181844480.0000","96 %","96.0000","0 %","0.0000","100 %","0000010000"
"1/13/2024 4:30:00 AM - 5:30:00 AM","45304.0000000000","134,829 MB","141378878122.6667","36,428 MB","38197033642.6667","51 %","51.0000","98,402 MB","103181844480.0000","96 %","96.0000","0 %","0.0000","100 %","0000010000"
"1/13/2024 5:30:00 AM - 6:30:00 AM","45304.0416666667","134,794 MB","141341237930.6667","36,392 MB","38159393450.6667","51 %","51.0000","98,402 MB","103181844480.0000","96 %","96.0000","0 %","0.0000","100 %","0000010000"
"1/13/2024 6:30:00 AM - 7:30:00 AM","45304.0833333333","134,757 MB","141302986069.3333","36,355 MB","38121141589.3333","51 %","51.0000","98,402 MB","103181844480.0000","96 %","96.0000","0 %","0.0000","100 %","0000010000"
"1/13/2024 7:30:00 AM - 8:30:00 AM","45304.1250000000","134,718 MB","141262467072.0000","36,317 MB","38080622592.0000","51 %","51.0000","98,402 MB","103181844480.0000","96 %","96.0000","0 %","0.0000","100 %","0000010000"
"1/13/2024 8:30:00 AM - 9:30:00 AM","45304.1666666667","134,678 MB","141220481024.0000","36,276 MB","38038636544.0000","51 %","51.0000","98,402 MB","103181844480.0000","96 %","96.0000","0 %","0.0000","100 %","0000010000"
"1/13/2024 9:30:00 AM - 10:30:00 AM","45304.2083333333","134,643 MB","141182996480.0000","36,241 MB","38001152000.0000","51 %","51.0000","98,402 MB","103181844480.0000","96 %","96.0000","0 %","0.0000","100 %","0000010000"
"1/13/2024 10:30:00 AM - 11:30:00 AM","45304.2500000000","134,607 MB","141145214293.3333","36,205 MB","37963369813.3333","51 %","51.0000","98,402 MB","103181844480.0000","96 %","96.0000","0 %","0.0000","100 %","0000010000"
"1/13/2024 11:30:00 AM - 12:30:00 PM","45304.2916666667","134,570 MB","141107046400.0000","36,168 MB","37925201920.0000","51 %","51.0000","98,402 MB","103181844480.0000","96 %","96.0000","0 %","0.0000","100 %","0000010000"
"1/13/2024 12:30:00 PM - 1:30:00 PM","45304.3333333333","134,534 MB","141069547520.0000","36,133 MB","37887703040.0000","51 %","51.0000","98,402 MB","103181844480.0000","96 %","96.0000","0 %","0.0000","100 %","0000010000"
"1/13/2024 1:30:00 PM - 2:30:00 PM","45304.3750000000","134,499 MB","141032017920.0000","36,097 MB","37850173440.0000","51 %","51.0000","98,402 MB","103181844480.0000","96 %","96.0000","0 %","0.0000","100 %","0000010000"
"1/13/2024 2:30:00 PM - 3:30:00 PM","45304.4166666667","134,466 MB","140998032042.6667","36,064 MB","37816187562.6667","51 %","51.0000","98,402 MB","103181844480.0000","96 %","96.0000","0 %","0.0000","100 %","0000010000"
"1/13/2024 3:30:00 PM - 4:30:00 PM","45304.4583333333","134,445 MB","140975964160.0000","36,043 MB","37794119680.0000","51 %","51.0000","98,402 MB","103181844480.0000","96 %","96.0000","0 %","0.0000","100 %","0000010000"
"1/13/2024 4:30:00 PM - 5:30:00 PM","45304.5000000000","134,407 MB","140935785130.6667","36,005 MB","37753940650.6667","51 %","51.0000","98,402 MB","103181844480.0000","96 %","96.0000","0 %","0.0000","100 %","0000010000"
"1/13/2024 5:30:00 PM - 6:30:00 PM","45304.5416666667","134,368 MB","140894861312.0000","35,966 MB","37713016832.0000","51 %","51.0000","98,402 MB","103181844480.0000","96 %","96.0000","0 %","0.0000","100 %","0000010000"
"1/13/2024 6:30:00 PM - 7:30:00 PM","45304.5833333333","134,328 MB","140852743509.3333","35,926 MB","37670899029.3333","51 %","50.6667","98,402 MB","103181844480.0000","96 %","96.0000","0 %","0.0000","100 %","0000010000"
"1/13/2024 7:30:00 PM - 8:30:00 PM","45304.6250000000","134,285 MB","140808380416.0000","35,883 MB","37626535936.0000","50 %","50.0000","98,402 MB","103181844480.0000","96 %","96.0000","0 %","0.0000","100 %","0000010000"
"1/13/2024 8:30:00 PM - 9:30:00 PM","45304.6666666667","134,236 MB","140756722346.6667","35,834 MB","37574877866.6667","50 %","50.0000","98,402 MB","103181844480.0000","96 %","96.0000","0 %","0.0000","100 %","0000010000"
"1/13/2024 9:30:00 PM - 10:30:00 PM","45304.7083333333","134,194 MB","140712803669.3333","35,792 MB","37530959189.3333","50 %","50.0000","98,402 MB","103181844480.0000","96 %","96.0000","0 %","0.0000","100 %","0000010000"
"1/13/2024 10:30:00 PM - 11:30:00 PM","45304.7500000000","134,152 MB","140669002410.6667","35,751 MB","37487157930.6667","50 %","50.0000","98,402 MB","103181844480.0000","96 %","96.0000","0 %","0.0000","100 %","0000010000"
"1/13/2024 11:30:00 PM - 12:30:00 AM","45304.7916666667","134,552 MB","141087697578.6667","36,150 MB","37905853098.6667","50 %","50.5000","98,402 MB","103181844480.0000","96 %","96.0000","0 %","0.0000","100 %","0000010000"
"1/14/2024 12:30:00 AM - 1:30:00 AM","45304.8333333333","134,946 MB","141501429077.3333","36,544 MB","38319584597.3333","51 %","51.0000","98,402 MB","103181844480.0000","96 %","96.0000","0 %","0.0000","100 %","0000010000"
"1/14/2024 1:30:00 AM - 2:30:00 AM","45304.8750000000","134,895 MB","141447287466.6667","36,493 MB","38265442986.6667","51 %","51.0000","98,402 MB","103181844480.0000","96 %","96.0000","0 %","0.0000","100 %","0000010000"
"1/14/2024 2:30:00 AM - 3:30:00 AM","45304.9166666667","134,842 MB","141392492544.0000","36,441 MB","38210648064.0000","51 %","51.0000","98,402 MB","103181844480.0000","96 %","96.0000","0 %","0.0000","100 %","0000010000"
"1/14/2024 3:30:00 AM - 4:30:00 AM","45304.9583333333","134,796 MB","141343647061.3333","36,394 MB","38161802581.3333","51 %","51.0000","98,402 MB","103181844480.0000","96 %","96.0000","0 %","0.0000","100 %","0000010000"
"1/14/2024 4:30:00 AM - 5:30:00 AM","45305.0000000000","134,738 MB","141283323904.0000","36,336 MB","38101479424.0000","51 %","51.0000","98,402 MB","103181844480.0000","96 %","96.0000","0 %","0.0000","100 %","0000010000"
"1/14/2024 5:30:00 AM - 6:30:00 AM","45305.0416666667","134,687 MB","141229407573.3333","36,285 MB","38047563093.3333","51 %","51.0000","98,402 MB","103181844480.0000","96 %","96.0000","0 %","0.0000","100 %","0000010000"
"1/14/2024 6:30:00 AM - 7:30:00 AM","45305.0833333333","134,632 MB","141171901098.6667","36,230 MB","37990056618.6667","51 %","51.0000","98,402 MB","103181844480.0000","96 %","96.0000","0 %","0.0000","100 %","0000010000"
"1/14/2024 7:30:00 AM - 8:30:00 AM","45305.1250000000","134,583 MB","141120409600.0000","36,181 MB","37938565120.0000","51 %","51.0000","98,402 MB","103181844480.0000","96 %","96.0000","0 %","0.0000","100 %","0000010000"
"1/14/2024 8:30:00 AM - 9:30:00 AM","45305.1666666667","134,535 MB","141069960533.3333","36,133 MB","37888116053.3333","51 %","51.0000","98,402 MB","103181844480.0000","96 %","96.0000","0 %","0.0000","100 %","0000010000"
"1/14/2024 9:30:00 AM - 10:30:00 AM","45305.2083333333","134,491 MB","141023649792.0000","36,089 MB","37841805312.0000","51 %","51.0000","98,402 MB","103181844480.0000","96 %","96.0000","0 %","0.0000","100 %","0000010000"
"1/14/2024 10:30:00 AM - 11:30:00 AM","45305.2500000000","134,452 MB","140982738944.0000","36,050 MB","37800894464.0000","51 %","51.0000","98,402 MB","103181844480.0000","96 %","96.0000","0 %","0.0000","100 %","0000010000"
"1/14/2024 11:30:00 AM - 12:30:00 PM","45305.2916666667","134,414 MB","140943347029.3333","36,012 MB","37761502549.3333","51 %","51.0000","98,402 MB","103181844480.0000","96 %","96.0000","0 %","0.0000","100 %","0000010000"
"1/14/2024 12:30:00 PM - 1:30:00 PM","45305.3333333333","134,351 MB","140877705898.6667","35,950 MB","37695861418.6667","51 %","50.8333","98,402 MB","103181844480.0000","96 %","96.0000","0 %","0.0000","100 %","0000010000"
"1/14/2024 1:30:00 PM - 2:30:00 PM","45305.3750000000","134,263 MB","140784811349.3333","35,861 MB","37602966869.3333","50 %","50.0000","98,402 MB","103181844480.0000","96 %","96.0000","0 %","0.0000","100 %","0000010000"
"1/14/2024 2:30:00 PM - 3:30:00 PM","45305.4166666667","134,179 MB","140696569173.3333","35,777 MB","37514724693.3333","50 %","50.0000","98,402 MB","103181844480.0000","96 %","96.0000","0 %","0.0000","100 %","0000010000"
"1/14/2024 3:30:00 PM - 4:30:00 PM","45305.4583333333","134,111 MB","140625353386.6667","35,709 MB","37443508906.6667","50 %","50.0000","98,402 MB","103181844480.0000","96 %","96.0000","0 %","0.0000","100 %","0000010000"
"1/14/2024 4:30:00 PM - 5:30:00 PM","45305.5000000000","134,046 MB","140557243733.3333","35,644 MB","37375399253.3333","50 %","50.0000","98,402 MB","103181844480.0000","96 %","96.0000","0 %","0.0000","100 %","0000010000"
"1/14/2024 5:30:00 PM - 6:30:00 PM","45305.5416666667","133,978 MB","140486347434.6667","35,576 MB","37304502954.6667","50 %","50.0000","98,402 MB","103181844480.0000","96 %","96.0000","0 %","0.0000","100 %","0000010000"
"1/14/2024 6:30:00 PM - 7:30:00 PM","45305.5833333333","133,895 MB","140398661632.0000","35,493 MB","37216817152.0000","50 %","50.0000","98,402 MB","103181844480.0000","96 %","96.0000","0 %","0.0000","100 %","0000010000"
"1/14/2024 7:30:00 PM - 8:30:00 PM","45305.6250000000","133,796 MB","140294770005.3333","35,394 MB","37112925525.3333","50 %","50.0000","98,402 MB","103181844480.0000","96 %","96.0000","0 %","0.0000","100 %","0000010000"
"1/14/2024 8:30:00 PM - 9:30:00 PM","45305.6666666667","133,691 MB","140185174698.6667","35,289 MB","37003330218.6667","50 %","50.0000","98,402 MB","103181844480.0000","96 %","96.0000","0 %","0.0000","100 %","0000010000"
"1/14/2024 9:30:00 PM - 10:30:00 PM","45305.7083333333","133,553 MB","140040253440.0000","35,151 MB","36858408960.0000","49 %","49.1667","98,402 MB","103181844480.0000","96 %","96.0000","0 %","0.0000","100 %","0000010000"
"1/14/2024 10:30:00 PM - 11:30:00 PM","45305.7500000000","133,403 MB","139882815488.0000","35,001 MB","36700971008.0000","49 %","49.0000","98,402 MB","103181844480.0000","96 %","96.0000","0 %","0.0000","100 %","0000010000"
"1/14/2024 11:30:00 PM - 12:30:00 AM","45305.7916666667","134,006 MB","140515542357.3333","35,604 MB","37333697877.3333","50 %","50.0000","98,402 MB","103181844480.0000","96 %","96.0000","0 %","0.0000","100 %","0000010000"
"1/15/2024 12:30:00 AM - 1:30:00 AM","45305.8333333333","134,606 MB","141145047040.0000","36,205 MB","37963202560.0000","51 %","51.0000","98,402 MB","103181844480.0000","96 %","96.0000","0 %","0.0000","100 %","0000010000"
"1/15/2024 1:30:00 AM - 2:30:00 AM","45305.8750000000","134,463 MB","140994302634.6667","36,061 MB","37812458154.6667","51 %","51.0000","98,402 MB","103181844480.0000","96 %","96.0000","0 %","0.0000","100 %","0000010000"
"1/15/2024 2:30:00 AM - 3:30:00 AM","45305.9166666667","134,308 MB","140832366592.0000","35,906 MB","37650522112.0000","50 %","50.5000","98,402 MB","103181844480.0000","96 %","96.0000","0 %","0.0000","100 %","0000010000"
"1/15/2024 3:30:00 AM - 4:30:00 AM","45305.9583333333","134,165 MB","140682660249.6000","35,764 MB","37500815769.6000","50 %","50.0000","98,402 MB","103181844480.0000","96 %","96.0000","0 %","0.0000","100 %","0000010000"
"1/15/2024 4:30:00 AM - 5:30:00 AM","45306.0000000000","134,026 MB","140536218965.3333","35,624 MB","37354374485.3333","50 %","50.0000","98,402 MB","103181844480.0000","96 %","96.0000","0 %","0.0000","100 %","0000010000"
"1/15/2024 5:30:00 AM - 6:30:00 AM","45306.0416666667","133,867 MB","140369595733.3333","35,465 MB","37187751253.3333","50 %","50.0000","98,402 MB","103181844480.0000","96 %","96.0000","0 %","0.0000","100 %","0000010000"
"1/15/2024 6:30:00 AM - 7:30:00 AM","45306.0833333333","133,709 MB","140204255914.6667","35,307 MB","37022411434.6667","50 %","50.0000","98,402 MB","103181844480.0000","96 %","96.0000","0 %","0.0000","100 %","0000010000"
"1/15/2024 7:30:00 AM - 8:30:00 AM","45306.1250000000","133,552 MB","140039340714.6667","35,150 MB","36857496234.6667","49 %","49.1667","98,402 MB","103181844480.0000","96 %","96.0000","0 %","0.0000","100 %","0000010000"
"1/15/2024 8:30:00 AM - 9:30:00 AM","45306.1666666667","133,396 MB","139875636565.3333","34,994 MB","36693792085.3333","49 %","49.0000","98,402 MB","103181844480.0000","96 %","96.0000","0 %","0.0000","100 %","0000010000"
"1/15/2024 9:30:00 AM - 10:30:00 AM","45306.2083333333","133,239 MB","139711354197.3333","34,837 MB","36529509717.3333","49 %","49.0000","98,402 MB","103181844480.0000","96 %","96.0000","0 %","0.0000","100 %","0000010000"
"1/15/2024 10:30:00 AM - 11:30:00 AM","45306.2500000000","133,084 MB","139548909568.0000","34,682 MB","36367065088.0000","49 %","49.0000","98,402 MB","103181844480.0000","96 %","96.0000","0 %","0.0000","100 %","0000010000"
"1/15/2024 11:30:00 AM - 12:30:00 PM","45306.2916666667","132,939 MB","139396879701.3333","34,537 MB","36215035221.3333","49 %","48.8333","98,402 MB","103181844480.0000","96 %","96.0000","0 %","0.0000","100 %","0000010000"
"1/15/2024 12:30:00 PM - 1:30:00 PM","45306.3333333333","132,818 MB","139270043648.0000","34,416 MB","36088199168.0000","48 %","48.0000","98,402 MB","103181844480.0000","96 %","96.0000","0 %","0.0000","100 %","0000010000"
"1/15/2024 1:30:00 PM - 2:30:00 PM","45306.3750000000","132,693 MB","139138878122.6667","34,291 MB","35957033642.6667","48 %","48.0000","98,402 MB","103181844480.0000","96 %","96.0000","0 %","0.0000","100 %","0000010000"
"1/15/2024 2:30:00 PM - 3:30:00 PM","45306.4166666667","132,576 MB","139015658837.3333","34,174 MB","35833814357.3333","48 %","48.0000","98,402 MB","103181844480.0000","96 %","96.0000","0 %","0.0000","100 %","0000010000"
"1/15/2024 3:30:00 PM - 4:30:00 PM","45306.4583333333","132,468 MB","138902319786.6667","34,066 MB","35720475306.6667","48 %","48.0000","98,402 MB","103181844480.0000","96 %","96.0000","0 %","0.0000","100 %","0000010000"
"1/15/2024 4:30:00 PM - 5:30:00 PM","45306.5000000000","132,357 MB","138786665130.6667","33,955 MB","35604820650.6667","48 %","48.0000","98,402 MB","103181844480.0000","96 %","96.0000","0 %","0.0000","100 %","0000010000"
"1/15/2024 5:30:00 PM - 6:30:00 PM","45306.5416666667","132,233 MB","138656044373.3333","33,831 MB","35474199893.3333","48 %","48.0000","98,402 MB","103181844480.0000","96 %","96.0000","0 %","0.0000","100 %","0000010000"
"1/15/2024 6:30:00 PM - 7:30:00 PM","45306.5833333333","132,122 MB","138540426581.3333","33,721 MB","35358582101.3333","47 %","47.0000","98,402 MB","103181844480.0000","96 %","96.0000","0 %","0.0000","100 %","0000010000"
"1/15/2024 7:30:00 PM - 8:30:00 PM","45306.6250000000","132,002 MB","138413855402.6667","33,600 MB","35232010922.6667","47 %","47.0000","98,402 MB","103181844480.0000","96 %","96.0000","0 %","0.0000","100 %","0000010000"
"1/15/2024 8:30:00 PM - 9:30:00 PM","45306.6666666667","131,906 MB","138313932117.3333","33,505 MB","35132087637.3333","47 %","47.0000","98,402 MB","103181844480.0000","96 %","96.0000","0 %","0.0000","100 %","0000010000"
"1/15/2024 9:30:00 PM - 10:30:00 PM","45306.7083333333","131,824 MB","138227458048.0000","33,422 MB","35045613568.0000","47 %","47.0000","98,402 MB","103181844480.0000","96 %","96.0000","0 %","0.0000","100 %","0000010000"
"1/15/2024 10:30:00 PM - 11:30:00 PM","45306.7500000000","131,732 MB","138130918741.3333","33,330 MB","34949074261.3333","47 %","47.0000","98,402 MB","103181844480.0000","96 %","96.0000","0 %","0.0000","100 %","0000010000"
"1/15/2024 11:30:00 PM - 12:30:00 AM","45306.7916666667","132,939 MB","139396797098.6667","34,537 MB","36214952618.6667","48 %","48.5000","98,402 MB","103181844480.0000","96 %","96.0000","0 %","0.0000","100 %","0000010000"
"1/16/2024 12:30:00 AM - 1:30:00 AM","45306.8333333333","134,128 MB","140643351893.3333","35,726 MB","37461507413.3333","50 %","50.0000","98,402 MB","103181844480.0000","96 %","96.0000","0 %","0.0000","100 %","0000010000"
"1/16/2024 1:30:00 AM - 2:30:00 AM","45306.8750000000","134,008 MB","140517621077.3333","35,606 MB","37335776597.3333","50 %","50.0000","98,402 MB","103181844480.0000","96 %","96.0000","0 %","0.0000","100 %","0000010000"
"1/16/2024 2:30:00 AM - 3:30:00 AM","45306.9166666667","133,875 MB","140377761109.3333","35,473 MB","37195916629.3333","50 %","50.0000","98,402 MB","103181844480.0000","96 %","96.0000","0 %","0.0000","100 %","0000010000"
"1/16/2024 3:30:00 AM - 4:30:00 AM","45306.9583333333","133,744 MB","140240820224.0000","35,342 MB","37058975744.0000","50 %","50.0000","98,402 MB","103181844480.0000","96 %","96.0000","0 %","0.0000","100 %","0000010000"
"1/16/2024 4:30:00 AM - 5:30:00 AM","45307.0000000000","133,610 MB","140100195669.3333","35,208 MB","36918351189.3333","50 %","49.5000","98,402 MB","103181844480.0000","96 %","96.0000","0 %","0.0000","100 %","0000010000"
"1/16/2024 5:30:00 AM - 6:30:00 AM","45307.0416666667","133,479 MB","139962481868.8000","35,077 MB","36780637388.8000","49 %","49.0000","98,402 MB","103181844480.0000","96 %","96.0000","0 %","0.0000","100 %","0000010000"
"1/16/2024 6:30:00 AM - 7:30:00 AM","45307.0833333333","133,353 MB","139830728704.0000","34,951 MB","36648884224.0000","49 %","49.0000","98,402 MB","103181844480.0000","96 %","96.0000","0 %","0.0000","100 %","0000010000"
"1/16/2024 7:30:00 AM - 8:30:00 AM","45307.1250000000","133,222 MB","139693373440.0000","34,820 MB","36511528960.0000","49 %","49.0000","98,402 MB","103181844480.0000","96 %","96.0000","0 %","0.0000","100 %","0000010000"
"1/16/2024 8:30:00 AM - 9:30:00 AM","45307.1666666667","133,096 MB","139561438549.3333","34,694 MB","36379594069.3333","49 %","49.0000","98,402 MB","103181844480.0000","96 %","96.0000","0 %","0.0000","100 %","0000010000"
"1/16/2024 9:30:00 AM - 10:30:00 AM","45307.2083333333","132,972 MB","139431320917.3333","34,570 MB","36249476437.3333","49 %","49.0000","98,402 MB","103181844480.0000","96 %","96.0000","0 %","0.0000","100 %","0000010000"
"1/16/2024 10:30:00 AM - 11:30:00 AM","45307.2500000000","132,859 MB","139312261802.6667","34,457 MB","36130417322.6667","48 %","48.1667","98,402 MB","103181844480.0000","96 %","96.0000","0 %","0.0000","100 %","0000010000"
"1/16/2024 11:30:00 AM - 12:30:00 PM","45307.2916666667","132,745 MB","139193441621.3333","34,343 MB","36011597141.3333","48 %","48.0000","98,402 MB","103181844480.0000","96 %","96.0000","0 %","0.0000","100 %","0000010000"
"1/16/2024 12:30:00 PM - 1:30:00 PM","45307.3333333333","132,649 MB","139092430165.3333","34,247 MB","35910585685.3333","48 %","48.0000","98,402 MB","103181844480.0000","96 %","96.0000","0 %","0.0000","100 %","0000010000"
"1/16/2024 1:30:00 PM - 2:30:00 PM","45307.3750000000","132,602 MB","139043523242.6667","34,200 MB","35861678762.6667","48 %","48.0000","98,402 MB","103181844480.0000","96 %","96.0000","0 %","0.0000","100 %","0000010000"
"1/16/2024 2:30:00 PM - 3:30:00 PM","45307.4166666667","132,552 MB","138990974976.0000","34,150 MB","35809130496.0000","48 %","48.0000","98,402 MB","103181844480.0000","96 %","96.0000","0 %","0.0000","100 %","0000010000"
"1/16/2024 3:30:00 PM - 4:30:00 PM","45307.4583333333","132,478 MB","138913011029.3333","34,076 MB","35731166549.3333","48 %","48.0000","98,402 MB","103181844480.0000","96 %","96.0000","0 %","0.0000","100 %","0000010000"
"1/16/2024 4:30:00 PM - 5:30:00 PM","45307.5000000000","132,352 MB","138781149184.0000","33,950 MB","35599304704.0000","48 %","48.0000","98,402 MB","103181844480.0000","96 %","96.0000","0 %","0.0000","100 %","0000010000"
"1/16/2024 5:30:00 PM - 6:30:00 PM","45307.5416666667","132,215 MB","138637025280.0000","33,813 MB","35455180800.0000","48 %","47.6667","98,402 MB","103181844480.0000","96 %","96.0000","0 %","0.0000","100 %","0000010000"
"1/16/2024 6:30:00 PM - 7:30:00 PM","45307.5833333333","132,066 MB","138481745920.0000","33,665 MB","35299901440.0000","47 %","47.0000","98,402 MB","103181844480.0000","96 %","96.0000","0 %","0.0000","100 %","0000010000"
"1/16/2024 7:30:00 PM - 8:30:00 PM","45307.6250000000","131,920 MB","138327850325.3333","33,518 MB","35146005845.3333","47 %","47.0000","98,402 MB","103181844480.0000","96 %","96.0000","0 %","0.0000","100 %","0000010000"
"1/16/2024 8:30:00 PM - 9:30:00 PM","45307.6666666667","131,814 MB","138217095168.0000","33,412 MB","35035250688.0000","47 %","47.0000","98,402 MB","103181844480.0000","96 %","96.0000","0 %","0.0000","100 %","0000010000"
"1/16/2024 9:30:00 PM - 10:30:00 PM","45307.7083333333","131,716 MB","138114204330.6667","33,314 MB","34932359850.6667","47 %","47.0000","98,402 MB","103181844480.0000","96 %","96.0000","0 %","0.0000","100 %","0000010000"
"1/16/2024 10:30:00 PM - 11:30:00 PM","45307.7500000000","131,601 MB","137993566208.0000","33,199 MB","34811721728.0000","47 %","47.0000","98,402 MB","103181844480.0000","96 %","96.0000","0 %","0.0000","100 %","0000010000"
"1/16/2024 11:30:00 PM - 12:30:00 AM","45307.7916666667","132,609 MB","139050121216.0000","34,207 MB","35868276736.0000","48 %","48.5000","98,402 MB","103181844480.0000","96 %","96.0000","0 %","0.0000","100 %","0000010000"
"1/17/2024 12:30:00 AM - 1:30:00 AM","45307.8333333333","133,589 MB","140078662314.6667","35,188 MB","36896817834.6667","49 %","49.3333","98,402 MB","103181844480.0000","96 %","96.0000","0 %","0.0000","100 %","0000010000"
"1/17/2024 1:30:00 AM - 2:30:00 AM","45307.8750000000","133,439 MB","139920870058.6667","35,037 MB","36739025578.6667","49 %","49.0000","98,402 MB","103181844480.0000","96 %","96.0000","0 %","0.0000","100 %","0000010000"
"1/17/2024 2:30:00 AM - 3:30:00 AM","45307.9166666667","133,272 MB","139746237781.3333","34,871 MB","36564393301.3333","49 %","49.0000","98,402 MB","103181844480.0000","96 %","96.0000","0 %","0.0000","100 %","0000010000"
"1/17/2024 3:30:00 AM - 4:30:00 AM","45307.9583333333","133,113 MB","139579179690.6667","34,711 MB","36397335210.6667","49 %","49.0000","98,402 MB","103181844480.0000","96 %","96.0000","0 %","0.0000","100 %","0000010000"
"1/17/2024 4:30:00 AM - 5:30:00 AM","45308.0000000000","132,959 MB","139417689429.3333","34,557 MB","36235844949.3333","49 %","48.8333","98,402 MB","103181844480.0000","96 %","96.0000","0 %","0.0000","100 %","0000010000"
"1/17/2024 5:30:00 AM - 6:30:00 AM","45308.0416666667","132,800 MB","139250564437.3333","34,398 MB","36068719957.3333","48 %","48.0000","98,402 MB","103181844480.0000","96 %","96.0000","0 %","0.0000","100 %","0000010000"
"1/17/2024 6:30:00 AM - 7:30:00 AM","45308.0833333333","132,634 MB","139076768426.6667","34,232 MB","35894923946.6667","48 %","48.0000","98,402 MB","103181844480.0000","96 %","96.0000","0 %","0.0000","100 %","0000010000"
"1/17/2024 7:30:00 AM - 8:30:00 AM","45308.1250000000","132,473 MB","138908060330.6667","34,071 MB","35726215850.6667","48 %","48.0000","98,402 MB","103181844480.0000","96 %","96.0000","0 %","0.0000","100 %","0000010000"
"1/17/2024 8:30:00 AM - 9:30:00 AM","45308.1666666667","132,316 MB","138743476906.6667","33,914 MB","35561632426.6667","48 %","48.0000","98,402 MB","103181844480.0000","96 %","96.0000","0 %","0.0000","100 %","0000010000"
"1/17/2024 9:30:00 AM - 10:30:00 AM","45308.2083333333","132,185 MB","138606058154.6667","33,783 MB","35424213674.6667","48 %","47.5000","98,402 MB","103181844480.0000","96 %","96.0000","0 %","0.0000","100 %","0000010000"
"1/17/2024 10:30:00 AM - 11:30:00 AM","45308.2500000000","132,061 MB","138476329642.6667","33,659 MB","35294485162.6667","47 %","47.0000","98,402 MB","103181844480.0000","96 %","96.0000","0 %","0.0000","100 %","0000010000"
"1/17/2024 11:30:00 AM - 12:30:00 PM","45308.2916666667","131,960 MB","138370426880.0000","33,558 MB","35188582400.0000","47 %","47.0000","98,402 MB","103181844480.0000","96 %","96.0000","0 %","0.0000","100 %","0000010000"
"1/17/2024 12:30:00 PM - 1:30:00 PM","45308.3333333333","131,864 MB","138269459114.6667","33,462 MB","35087614634.6667","47 %","47.0000","98,402 MB","103181844480.0000","96 %","96.0000","0 %","0.0000","100 %","0000010000"
"1/17/2024 1:30:00 PM - 2:30:00 PM","45308.3750000000","131,744 MB","138143363754.6667","33,342 MB","34961519274.6667","47 %","47.0000","98,402 MB","103181844480.0000","96 %","96.0000","0 %","0.0000","100 %","0000010000"
"1/17/2024 2:30:00 PM - 3:30:00 PM","45308.4166666667","131,610 MB","138003546112.0000","33,209 MB","34821701632.0000","47 %","47.0000","98,402 MB","103181844480.0000","96 %","96.0000","0 %","0.0000","100 %","0000010000"
"1/17/2024 3:30:00 PM - 4:30:00 PM","45308.4583333333","131,534 MB","137923688448.0000","33,132 MB","34741843968.0000","47 %","47.0000","98,402 MB","103181844480.0000","96 %","96.0000","0 %","0.0000","100 %","0000010000"
"1/17/2024 4:30:00 PM - 5:30:00 PM","45308.5000000000","131,483 MB","137869779626.6667","33,081 MB","34687935146.6667","47 %","46.6667","98,402 MB","103181844480.0000","96 %","96.0000","0 %","0.0000","100 %","0000010000"
"1/17/2024 5:30:00 PM - 6:30:00 PM","45308.5416666667","131,433 MB","137817677824.0000","33,031 MB","34635833344.0000","46 %","46.0000","98,402 MB","103181844480.0000","96 %","96.0000","0 %","0.0000","100 %","0000010000"
"1/17/2024 6:30:00 PM - 7:30:00 PM","45308.5833333333","131,382 MB","137763804501.3333","32,980 MB","34581960021.3333","46 %","46.0000","98,402 MB","103181844480.0000","96 %","96.0000","0 %","0.0000","100 %","0000010000"
"1/17/2024 7:30:00 PM - 8:30:00 PM","45308.6250000000","131,318 MB","137697092949.3333","32,916 MB","34515248469.3333","46 %","46.0000","98,402 MB","103181844480.0000","96 %","96.0000","0 %","0.0000","100 %","0000010000"
"1/17/2024 8:30:00 PM - 9:30:00 PM","45308.6666666667","131,249 MB","137624427861.3333","32,847 MB","34442583381.3333","46 %","46.0000","98,402 MB","103181844480.0000","96 %","96.0000","0 %","0.0000","100 %","0000010000"
"1/17/2024 9:30:00 PM - 10:30:00 PM","45308.7083333333","131,195 MB","137568236202.6667","32,793 MB","34386391722.6667","46 %","46.0000","98,402 MB","103181844480.0000","96 %","96.0000","0 %","0.0000","100 %","0000010000"
"1/17/2024 10:30:00 PM - 11:30:00 PM","45308.7500000000","131,138 MB","137508321280.0000","32,736 MB","34326476800.0000","46 %","46.0000","98,402 MB","103181844480.0000","96 %","96.0000","0 %","0.0000","100 %","0000010000"
"1/17/2024 11:30:00 PM - 12:30:00 AM","45308.7916666667","131,979 MB","138389884928.0000","33,577 MB","35208040448.0000","47 %","47.2000","98,402 MB","103181844480.0000","96 %","96.0000","0 %","0.0000","100 %","0000010000"
"1/18/2024 12:30:00 AM - 1:30:00 AM","45308.8333333333","133,248 MB","139720325120.0000","34,846 MB","36538480640.0000","49 %","49.0000","98,402 MB","103181844480.0000","96 %","96.0000","0 %","0.0000","100 %","0000010000"
"1/18/2024 1:30:00 AM - 2:30:00 AM","45308.8750000000","133,093 MB","139557778773.3333","34,691 MB","36375934293.3333","49 %","49.0000","98,402 MB","103181844480.0000","96 %","96.0000","0 %","0.0000","100 %","0000010000"
"1/18/2024 2:30:00 AM - 3:30:00 AM","45308.9166666667","132,918 MB","139374713709.7143","34,516 MB","36192869229.7143","49 %","48.7143","98,402 MB","103181844480.0000","96 %","96.0000","0 %","0.0000","100 %","0000010000"
"1/18/2024 3:30:00 AM - 4:30:00 AM","45308.9583333333","132,754 MB","139202835114.6667","34,352 MB","36020990634.6667","48 %","48.0000","98,402 MB","103181844480.0000","96 %","96.0000","0 %","0.0000","100 %","0000010000"
"1/18/2024 4:30:00 AM - 5:30:00 AM","45309.0000000000","131,560 MB","137951150762.6667","33,159 MB","34769306282.6667","46 %","46.5000","98,402 MB","103181844480.0000","96 %","96.0000","0 %","0.0000","100 %","0000010000"
"1/18/2024 5:30:00 AM - 6:30:00 AM","45309.0416666667","131,933 MB","138341944661.3333","33,531 MB","35160100181.3333","47 %","47.0000","98,402 MB","103181844480.0000","96 %","96.0000","0 %","0.0000","100 %","0000010000"
"1/18/2024 6:30:00 AM - 7:30:00 AM","45309.0833333333","131,787 MB","138188231338.6667","33,385 MB","35006386858.6667","47 %","47.0000","98,402 MB","103181844480.0000","96 %","96.0000","0 %","0.0000","100 %","0000010000"
"1/18/2024 7:30:00 AM - 8:30:00 AM","45309.1250000000","131,630 MB","138024205653.3333","33,228 MB","34842361173.3333","47 %","47.0000","98,402 MB","103181844480.0000","96 %","96.0000","0 %","0.0000","100 %","0000010000"
"1/18/2024 8:30:00 AM - 9:30:00 AM","45309.1666666667","131,534 MB","137923691861.3333","33,132 MB","34741847381.3333","47 %","47.0000","98,402 MB","103181844480.0000","96 %","96.0000","0 %","0.0000","100 %","0000010000"
"1/18/2024 9:30:00 AM - 10:30:00 AM","45309.2083333333","131,446 MB","137830708565.3333","33,044 MB","34648864085.3333","46 %","46.3333","98,402 MB","103181844480.0000","96 %","96.0000","0 %","0.0000","100 %","0000010000"
"1/18/2024 10:30:00 AM - 11:30:00 AM","45309.2500000000","131,322 MB","137700818261.3333","32,920 MB","34518973781.3333","46 %","46.0000","98,402 MB","103181844480.0000","96 %","96.0000","0 %","0.0000","100 %","0000010000"
"1/18/2024 11:30:00 AM - 12:30:00 PM","45309.2916666667","131,208 MB","137581661525.3333","32,806 MB","34399817045.3333","46 %","46.0000","98,402 MB","103181844480.0000","96 %","96.0000","0 %","0.0000","100 %","0000010000"
"1/18/2024 12:30:00 PM - 1:30:00 PM","45309.3333333333","131,079 MB","137446796629.3333","32,678 MB","34264952149.3333","46 %","46.0000","98,402 MB","103181844480.0000","96 %","96.0000","0 %","0.0000","100 %","0000010000"
"1/18/2024 1:30:00 PM - 2:30:00 PM","45309.3750000000","130,944 MB","137304907776.0000","32,542 MB","34123063296.0000","46 %","46.0000","98,402 MB","103181844480.0000","96 %","96.0000","0 %","0.0000","100 %","0000010000"
"1/18/2024 2:30:00 PM - 3:30:00 PM","45309.4166666667","130,809 MB","137162851669.3333","32,407 MB","33981007189.3333","46 %","45.8333","98,402 MB","103181844480.0000","96 %","96.0000","0 %","0.0000","100 %","0000010000"
"1/18/2024 3:30:00 PM - 4:30:00 PM","45309.4583333333","130,649 MB","136995355989.3333","32,247 MB","33813511509.3333","45 %","45.0000","98,402 MB","103181844480.0000","96 %","96.0000","0 %","0.0000","100 %","0000010000"
"1/18/2024 4:30:00 PM - 5:30:00 PM","45309.5000000000","130,490 MB","136828246016.0000","32,088 MB","33646401536.0000","45 %","45.0000","98,402 MB","103181844480.0000","96 %","96.0000","0 %","0.0000","100 %","0000010000"
"1/18/2024 5:30:00 PM - 6:30:00 PM","45309.5416666667","130,330 MB","136660546218.6667","31,928 MB","33478701738.6667","45 %","45.0000","98,402 MB","103181844480.0000","96 %","96.0000","0 %","0.0000","100 %","0000010000"
"1/18/2024 6:30:00 PM - 7:30:00 PM","45309.5833333333","130,175 MB","136497859242.6667","31,773 MB","33316014762.6667","45 %","45.0000","98,402 MB","103181844480.0000","96 %","96.0000","0 %","0.0000","100 %","0000010000"
"1/18/2024 7:30:00 PM - 8:30:00 PM","45309.6250000000","130,069 MB","136387672064.0000","31,668 MB","33205827584.0000","45 %","44.6667","98,402 MB","103181844480.0000","96 %","96.0000","0 %","0.0000","100 %","0000010000"
"1/18/2024 8:30:00 PM - 9:30:00 PM","45309.6666666667","129,927 MB","136238389930.6667","31,525 MB","33056545450.6667","44 %","44.0000","98,402 MB","103181844480.0000","96 %","96.0000","0 %","0.0000","100 %","0000010000"
"1/18/2024 9:30:00 PM - 10:30:00 PM","45309.7083333333","129,767 MB","136070281898.6667","31,365 MB","32888437418.6667","44 %","44.0000","98,402 MB","103181844480.0000","96 %","96.0000","0 %","0.0000","100 %","0000010000"
"1/18/2024 10:30:00 PM - 11:30:00 PM","45309.7500000000","129,564 MB","135857682432.0000","31,162 MB","32675837952.0000","44 %","44.0000","98,402 MB","103181844480.0000","96 %","96.0000","0 %","0.0000","100 %","0000010000"
"1/18/2024 11:30:00 PM - 12:30:00 AM","45309.7916666667","131,078 MB","137445191680.0000","32,676 MB","34263347200.0000","46 %","46.0000","98,402 MB","103181844480.0000","96 %","96.0000","0 %","0.0000","100 %","0000010000"
"1/19/2024 12:30:00 AM - 1:30:00 AM","45309.8333333333","132,454 MB","138888572245.3333","34,053 MB","35706727765.3333","48 %","48.0000","98,402 MB","103181844480.0000","96 %","96.0000","0 %","0.0000","100 %","0000010000"
"1/19/2024 1:30:00 AM - 2:30:00 AM","45309.8750000000","132,309 MB","138736422229.3333","33,907 MB","35554577749.3333","48 %","48.0000","98,402 MB","103181844480.0000","96 %","96.0000","0 %","0.0000","100 %","0000010000"
"1/19/2024 2:30:00 AM - 3:30:00 AM","45309.9166666667","132,172 MB","138592550912.0000","33,770 MB","35410706432.0000","47 %","47.3333","98,402 MB","103181844480.0000","96 %","96.0000","0 %","0.0000","100 %","0000010000"
"1/19/2024 3:30:00 AM - 4:30:00 AM","45309.9583333333","132,171 MB","138590873600.0000","33,769 MB","35409029120.0000","47 %","47.3333","98,402 MB","103181844480.0000","96 %","96.0000","0 %","0.0000","100 %","0000010000"
"1/19/2024 4:30:00 AM - 5:30:00 AM","45310.0000000000","132,287 MB","138713494869.3333","33,886 MB","35531650389.3333","47 %","47.3333","98,402 MB","103181844480.0000","96 %","96.0000","0 %","0.0000","100 %","0000010000"
"1/19/2024 5:30:00 AM - 6:30:00 AM","45310.0416666667","132,637 MB","139080261632.0000","34,235 MB","35898417152.0000","48 %","48.0000","98,402 MB","103181844480.0000","96 %","96.0000","0 %","0.0000","100 %","0000010000"
"1/19/2024 6:30:00 AM - 7:30:00 AM","45310.0833333333","132,539 MB","138976847189.3333","34,137 MB","35795002709.3333","48 %","48.0000","98,402 MB","103181844480.0000","96 %","96.0000","0 %","0.0000","100 %","0000010000"
"1/19/2024 7:30:00 AM - 8:30:00 AM","45310.1250000000","132,446 MB","138879834794.6667","34,044 MB","35697990314.6667","48 %","48.0000","98,402 MB","103181844480.0000","96 %","96.0000","0 %","0.0000","100 %","0000010000"
"1/19/2024 8:30:00 AM - 9:30:00 AM","45310.1666666667","132,386 MB","138816469674.6667","33,984 MB","35634625194.6667","48 %","48.0000","98,402 MB","103181844480.0000","96 %","96.0000","0 %","0.0000","100 %","0000010000"
"1/19/2024 9:30:00 AM - 10:30:00 AM","45310.2083333333","132,318 MB","138744984917.3333","33,916 MB","35563140437.3333","48 %","48.0000","98,402 MB","103181844480.0000","96 %","96.0000","0 %","0.0000","100 %","0000010000"
"1/19/2024 10:30:00 AM - 11:30:00 AM","45310.2500000000","132,242 MB","138665442645.3333","33,840 MB","35483598165.3333","48 %","48.0000","98,402 MB","103181844480.0000","96 %","96.0000","0 %","0.0000","100 %","0000010000"
"1/19/2024 11:30:00 AM - 12:30:00 PM","45310.2916666667","132,167 MB","138587428181.3333","33,765 MB","35405583701.3333","47 %","47.3333","98,402 MB","103181844480.0000","96 %","96.0000","0 %","0.0000","100 %","0000010000"
"1/19/2024 12:30:00 PM - 1:30:00 PM","45310.3333333333","132,086 MB","138501979477.3333","33,684 MB","35320134997.3333","47 %","47.0000","98,402 MB","103181844480.0000","96 %","96.0000","0 %","0.0000","100 %","0000010000"
"1/19/2024 1:30:00 PM - 2:30:00 PM","45310.3750000000","132,009 MB","138421895850.6667","33,608 MB","35240051370.6667","47 %","47.0000","98,402 MB","103181844480.0000","96 %","96.0000","0 %","0.0000","100 %","0000010000"
"1/19/2024 2:30:00 PM - 3:30:00 PM","45310.4166666667","131,936 MB","138344543573.3333","33,534 MB","35162699093.3333","47 %","47.0000","98,402 MB","103181844480.0000","96 %","96.0000","0 %","0.0000","100 %","0000010000"
"1/19/2024 3:30:00 PM - 4:30:00 PM","45310.4583333333","131,858 MB","138262625621.3333","33,456 MB","35080781141.3333","47 %","47.0000","98,402 MB","103181844480.0000","96 %","96.0000","0 %","0.0000","100 %","0000010000"
"1/19/2024 4:30:00 PM - 5:30:00 PM","45310.5000000000","131,790 MB","138191688362.6667","33,388 MB","35009843882.6667","47 %","47.0000","98,402 MB","103181844480.0000","96 %","96.0000","0 %","0.0000","100 %","0000010000"
"1/19/2024 5:30:00 PM - 6:30:00 PM","45310.5416666667","131,721 MB","138119843157.3333","33,319 MB","34937998677.3333","47 %","47.0000","98,402 MB","103181844480.0000","96 %","96.0000","0 %","0.0000","100 %","0000010000"
"1/19/2024 6:30:00 PM - 7:30:00 PM","45310.5833333333","131,645 MB","138039782741.3333","33,243 MB","34857938261.3333","47 %","47.0000","98,402 MB","103181844480.0000","96 %","96.0000","0 %","0.0000","100 %","0000010000"
"1/19/2024 7:30:00 PM - 8:30:00 PM","45310.6250000000","131,540 MB","137929845418.6667","33,138 MB","34748000938.6667","47 %","47.0000","98,402 MB","103181844480.0000","96 %","96.0000","0 %","0.0000","100 %","0000010000"
"1/19/2024 8:30:00 PM - 9:30:00 PM","45310.6666666667","131,420 MB","137803769173.3333","33,018 MB","34621924693.3333","46 %","46.0000","98,402 MB","103181844480.0000","96 %","96.0000","0 %","0.0000","100 %","0000010000"
"1/19/2024 9:30:00 PM - 10:30:00 PM","45310.7083333333","131,268 MB","137644674389.3333","32,866 MB","34462829909.3333","46 %","46.0000","98,402 MB","103181844480.0000","96 %","96.0000","0 %","0.0000","100 %","0000010000"
"1/19/2024 10:30:00 PM - 11:30:00 PM","45310.7500000000","131,142 MB","137512680789.3333","32,740 MB","34330836309.3333","46 %","46.0000","98,402 MB","103181844480.0000","96 %","96.0000","0 %","0.0000","100 %","0000010000"
"1/19/2024 11:30:00 PM - 12:30:00 AM","45310.7916666667","132,253 MB","138677383168.0000","33,851 MB","35495538688.0000","48 %","47.5000","98,402 MB","103181844480.0000","96 %","96.0000","0 %","0.0000","100 %","0000010000"
"1/20/2024 12:30:00 AM - 1:30:00 AM","45310.8333333333","133,369 MB","139847023274.6667","34,967 MB","36665178794.6667","49 %","49.0000","98,402 MB","103181844480.0000","96 %","96.0000","0 %","0.0000","100 %","0000010000"
"1/20/2024 1:30:00 AM - 2:30:00 AM","45310.8750000000","133,300 MB","139774763008.0000","34,898 MB","36592918528.0000","49 %","49.0000","98,402 MB","103181844480.0000","96 %","96.0000","0 %","0.0000","100 %","0000010000"
"1/20/2024 2:30:00 AM - 3:30:00 AM","45310.9166666667","133,226 MB","139697443498.6667","34,824 MB","36515599018.6667","49 %","49.0000","98,402 MB","103181844480.0000","96 %","96.0000","0 %","0.0000","100 %","0000010000"
"1/20/2024 3:30:00 AM - 4:30:00 AM","45310.9583333333","133,165 MB","139633157461.3333","34,763 MB","36451312981.3333","49 %","49.0000","98,402 MB","103181844480.0000","96 %","96.0000","0 %","0.0000","100 %","0000010000"
"1/20/2024 4:30:00 AM - 5:30:00 AM","45311.0000000000","133,115 MB","139581271381.3333","34,713 MB","36399426901.3333","49 %","49.0000","98,402 MB","103181844480.0000","96 %","96.0000","0 %","0.0000","100 %","0000010000"
"1/20/2024 5:30:00 AM - 6:30:00 AM","45311.0416666667","133,071 MB","139534994773.3333","34,669 MB","36353150293.3333","49 %","49.0000","98,402 MB","103181844480.0000","96 %","96.0000","0 %","0.0000","100 %","0000010000"
"1/20/2024 6:30:00 AM - 7:30:00 AM","45311.0833333333","133,028 MB","139490180437.3333","34,626 MB","36308335957.3333","49 %","49.0000","98,402 MB","103181844480.0000","96 %","96.0000","0 %","0.0000","100 %","0000010000"
"1/20/2024 7:30:00 AM - 8:30:00 AM","45311.1250000000","132,987 MB","139447343104.0000","34,585 MB","36265498624.0000","49 %","49.0000","98,402 MB","103181844480.0000","96 %","96.0000","0 %","0.0000","100 %","0000010000"
"1/20/2024 8:30:00 AM - 9:30:00 AM","45311.1666666667","132,946 MB","139404476416.0000","34,545 MB","36222631936.0000","49 %","49.0000","98,402 MB","103181844480.0000","96 %","96.0000","0 %","0.0000","100 %","0000010000"
"1/20/2024 9:30:00 AM - 10:30:00 AM","45311.2083333333","132,901 MB","139356322474.6667","34,499 MB","36174477994.6667","48 %","48.5000","98,402 MB","103181844480.0000","96 %","96.0000","0 %","0.0000","100 %","0000010000"
"1/20/2024 10:30:00 AM - 11:30:00 AM","45311.2500000000","132,850 MB","139303779669.3333","34,449 MB","36121935189.3333","48 %","48.0000","98,402 MB","103181844480.0000","96 %","96.0000","0 %","0.0000","100 %","0000010000"
"1/20/2024 11:30:00 AM - 12:30:00 PM","45311.2916666667","132,791 MB","139241373013.3333","34,389 MB","36059528533.3333","48 %","48.0000","98,402 MB","103181844480.0000","96 %","96.0000","0 %","0.0000","100 %","0000010000"
"1/20/2024 12:30:00 PM - 1:30:00 PM","45311.3333333333","132,722 MB","139168622592.0000","34,320 MB","35986778112.0000","48 %","48.0000","98,402 MB","103181844480.0000","96 %","96.0000","0 %","0.0000","100 %","0000010000"
"1/20/2024 1:30:00 PM - 2:30:00 PM","45311.3750000000","132,642 MB","139085021866.6667","34,240 MB","35903177386.6667","48 %","48.0000","98,402 MB","103181844480.0000","96 %","96.0000","0 %","0.0000","100 %","0000010000"
"1/20/2024 2:30:00 PM - 3:30:00 PM","45311.4166666667","132,588 MB","139028786517.3333","34,186 MB","35846942037.3333","48 %","48.0000","98,402 MB","103181844480.0000","96 %","96.0000","0 %","0.0000","100 %","0000010000"
"1/20/2024 3:30:00 PM - 4:30:00 PM","45311.4583333333","132,539 MB","138977514837.3333","34,137 MB","35795670357.3333","48 %","48.0000","98,402 MB","103181844480.0000","96 %","96.0000","0 %","0.0000","100 %","0000010000"
"1/20/2024 4:30:00 PM - 5:30:00 PM","45311.5000000000","132,507 MB","138943864149.3333","34,105 MB","35762019669.3333","48 %","48.0000","98,402 MB","103181844480.0000","96 %","96.0000","0 %","0.0000","100 %","0000010000"
"1/20/2024 5:30:00 PM - 6:30:00 PM","45311.5416666667","132,470 MB","138904449024.0000","34,068 MB","35722604544.0000","48 %","48.0000","98,402 MB","103181844480.0000","96 %","96.0000","0 %","0.0000","100 %","0000010000"
"1/20/2024 6:30:00 PM - 7:30:00 PM","45311.5833333333","132,383 MB","138813659818.6667","33,981 MB","35631815338.6667","48 %","48.0000","98,402 MB","103181844480.0000","96 %","96.0000","0 %","0.0000","100 %","0000010000"
"1/20/2024 7:30:00 PM - 8:30:00 PM","45311.6250000000","132,234 MB","138657174869.3333","33,832 MB","35475330389.3333","48 %","47.8333","98,402 MB","103181844480.0000","96 %","96.0000","0 %","0.0000","100 %","0000010000"
"1/20/2024 8:30:00 PM - 9:30:00 PM","45311.6666666667","132,135 MB","138553390421.3333","33,733 MB","35371545941.3333","47 %","47.0000","98,402 MB","103181844480.0000","96 %","96.0000","0 %","0.0000","100 %","0000010000"
"1/20/2024 9:30:00 PM - 10:30:00 PM","45311.7083333333","132,072 MB","138487236608.0000","33,670 MB","35305392128.0000","47 %","47.0000","98,402 MB","103181844480.0000","96 %","96.0000","0 %","0.0000","100 %","0000010000"
"1/20/2024 10:30:00 PM - 11:30:00 PM","45311.7500000000","132,006 MB","138417889280.0000","33,604 MB","35236044800.0000","47 %","47.0000","98,402 MB","103181844480.0000","96 %","96.0000","0 %","0.0000","100 %","0000010000"
"1/20/2024 11:30:00 PM - 12:30:00 AM","45311.7916666667","132,809 MB","139260562090.6667","34,407 MB","36078717610.6667","48 %","48.5000","98,402 MB","103181844480.0000","96 %","96.0000","0 %","0.0000","100 %","0000010000"
"1/21/2024 12:30:00 AM - 1:30:00 AM","45311.8333333333","133,609 MB","140098968234.6667","35,207 MB","36917123754.6667","50 %","49.5000","98,402 MB","103181844480.0000","96 %","96.0000","0 %","0.0000","100 %","0000010000"
"1/21/2024 1:30:00 AM - 2:30:00 AM","45311.8750000000","133,546 MB","140033654101.3333","35,145 MB","36851809621.3333","49 %","49.0000","98,402 MB","103181844480.0000","96 %","96.0000","0 %","0.0000","100 %","0000010000"
"1/21/2024 2:30:00 AM - 3:30:00 AM","45311.9166666667","133,485 MB","139969391274.6667","35,083 MB","36787546794.6667","49 %","49.0000","98,402 MB","103181844480.0000","96 %","96.0000","0 %","0.0000","100 %","0000010000"
"1/21/2024 3:30:00 AM - 4:30:00 AM","45311.9583333333","133,425 MB","139905736021.3333","35,023 MB","36723891541.3333","49 %","49.0000","98,402 MB","103181844480.0000","96 %","96.0000","0 %","0.0000","100 %","0000010000"
"1/21/2024 4:30:00 AM - 5:30:00 AM","45312.0000000000","133,367 MB","139845088597.3333","34,965 MB","36663244117.3333","49 %","49.0000","98,402 MB","103181844480.0000","96 %","96.0000","0 %","0.0000","100 %","0000010000"
"1/21/2024 5:30:00 AM - 6:30:00 AM","45312.0416666667","133,310 MB","139785647445.3333","34,908 MB","36603802965.3333","49 %","49.0000","98,402 MB","103181844480.0000","96 %","96.0000","0 %","0.0000","100 %","0000010000"
"1/21/2024 6:30:00 AM - 7:30:00 AM","45312.0833333333","133,256 MB","139729515861.3333","34,855 MB","36547671381.3333","49 %","49.0000","98,402 MB","103181844480.0000","96 %","96.0000","0 %","0.0000","100 %","0000010000"
"1/21/2024 7:30:00 AM - 8:30:00 AM","45312.1250000000","133,197 MB","139667670357.3333","34,796 MB","36485825877.3333","49 %","49.0000","98,402 MB","103181844480.0000","96 %","96.0000","0 %","0.0000","100 %","0000010000"
"1/21/2024 8:30:00 AM - 9:30:00 AM","45312.1666666667","133,133 MB","139599747754.6667","34,731 MB","36417903274.6667","49 %","49.0000","98,402 MB","103181844480.0000","96 %","96.0000","0 %","0.0000","100 %","0000010000"
"1/21/2024 9:30:00 AM - 10:30:00 AM","45312.2083333333","133,063 MB","139526912000.0000","34,661 MB","36345067520.0000","49 %","49.0000","98,402 MB","103181844480.0000","96 %","96.0000","0 %","0.0000","100 %","0000010000"
"1/21/2024 10:30:00 AM - 11:30:00 AM","45312.2500000000","132,995 MB","139455733760.0000","34,593 MB","36273889280.0000","49 %","49.0000","98,402 MB","103181844480.0000","96 %","96.0000","0 %","0.0000","100 %","0000010000"
"1/21/2024 11:30:00 AM - 12:30:00 PM","45312.2916666667","132,923 MB","139379505834.6667","34,521 MB","36197661354.6667","49 %","48.8333","98,402 MB","103181844480.0000","96 %","96.0000","0 %","0.0000","100 %","0000010000"
"1/21/2024 12:30:00 PM - 1:30:00 PM","45312.3333333333","132,842 MB","139294430549.3333","34,440 MB","36112586069.3333","48 %","48.0000","98,402 MB","103181844480.0000","96 %","96.0000","0 %","0.0000","100 %","0000010000"
"1/21/2024 1:30:00 PM - 2:30:00 PM","45312.3750000000","132,746 MB","139194217130.6667","34,344 MB","36012372650.6667","48 %","48.0000","98,402 MB","103181844480.0000","96 %","96.0000","0 %","0.0000","100 %","0000010000"
"1/21/2024 2:30:00 PM - 3:30:00 PM","45312.4166666667","132,642 MB","139084919466.6667","34,240 MB","35903074986.6667","48 %","48.0000","98,402 MB","103181844480.0000","96 %","96.0000","0 %","0.0000","100 %","0000010000"
"1/21/2024 3:30:00 PM - 4:30:00 PM","45312.4583333333","132,566 MB","139005973845.3333","34,165 MB","35824129365.3333","48 %","48.0000","98,402 MB","103181844480.0000","96 %","96.0000","0 %","0.0000","100 %","0000010000"
"1/21/2024 4:30:00 PM - 5:30:00 PM","45312.5000000000","132,526 MB","138964043093.3333","34,125 MB","35782198613.3333","48 %","48.0000","98,402 MB","103181844480.0000","96 %","96.0000","0 %","0.0000","100 %","0000010000"
"1/21/2024 5:30:00 PM - 6:30:00 PM","45312.5416666667","132,486 MB","138921185280.0000","34,084 MB","35739340800.0000","48 %","48.0000","98,402 MB","103181844480.0000","96 %","96.0000","0 %","0.0000","100 %","0000010000"
"1/21/2024 6:30:00 PM - 7:30:00 PM","45312.5833333333","132,446 MB","138879768576.0000","34,044 MB","35697924096.0000","48 %","48.0000","98,402 MB","103181844480.0000","96 %","96.0000","0 %","0.0000","100 %","0000010000"
"1/21/2024 7:30:00 PM - 8:30:00 PM","45312.6250000000","132,406 MB","138838129322.6667","34,004 MB","35656284842.6667","48 %","48.0000","98,402 MB","103181844480.0000","96 %","96.0000","0 %","0.0000","100 %","0000010000"
"1/21/2024 8:30:00 PM - 9:30:00 PM","45312.6666666667","132,367 MB","138796634794.6667","33,965 MB","35614790314.6667","48 %","48.0000","98,402 MB","103181844480.0000","96 %","96.0000","0 %","0.0000","100 %","0000010000"
"1/21/2024 9:30:00 PM - 10:30:00 PM","45312.7083333333","132,327 MB","138755342336.0000","33,926 MB","35573497856.0000","48 %","48.0000","98,402 MB","103181844480.0000","96 %","96.0000","0 %","0.0000","100 %","0000010000"
"1/21/2024 10:30:00 PM - 11:30:00 PM","45312.7500000000","132,284 MB","138710171648.0000","33,882 MB","35528327168.0000","48 %","48.0000","98,402 MB","103181844480.0000","96 %","96.0000","0 %","0.0000","100 %","0000010000"
"1/21/2024 11:30:00 PM - 12:30:00 AM","45312.7916666667","133,158 MB","139626685098.6667","34,757 MB","36444840618.6667","49 %","49.0000","98,402 MB","103181844480.0000","96 %","96.0000","0 %","0.0000","100 %","0000010000"
"1/22/2024 12:30:00 AM - 1:30:00 AM","45312.8333333333","134,034 MB","140544363178.6667","35,632 MB","37362518698.6667","50 %","50.0000","98,402 MB","103181844480.0000","96 %","96.0000","0 %","0.0000","100 %","0000010000"
"1/22/2024 1:30:00 AM - 2:30:00 AM","45312.8750000000","133,994 MB","140503170389.3333","35,592 MB","37321325909.3333","50 %","50.0000","98,402 MB","103181844480.0000","96 %","96.0000","0 %","0.0000","100 %","0000010000"
"1/22/2024 2:30:00 AM - 3:30:00 AM","45312.9166666667","133,952 MB","140458652330.6667","35,550 MB","37276807850.6667","50 %","50.0000","98,402 MB","103181844480.0000","96 %","96.0000","0 %","0.0000","100 %","0000010000"
"1/22/2024 3:30:00 AM - 4:30:00 AM","45312.9583333333","133,909 MB","140413942442.6667","35,507 MB","37232097962.6667","50 %","50.0000","98,402 MB","103181844480.0000","96 %","96.0000","0 %","0.0000","100 %","0000010000"
"1/22/2024 4:30:00 AM - 5:30:00 AM","45313.0000000000","133,867 MB","140369560234.6667","35,465 MB","37187715754.6667","50 %","50.0000","98,402 MB","103181844480.0000","96 %","96.0000","0 %","0.0000","100 %","0000010000"
"1/22/2024 5:30:00 AM - 6:30:00 AM","45313.0416666667","133,823 MB","140323383978.6667","35,421 MB","37141539498.6667","50 %","50.0000","98,402 MB","103181844480.0000","96 %","96.0000","0 %","0.0000","100 %","0000010000"
"1/22/2024 6:30:00 AM - 7:30:00 AM","45313.0833333333","133,778 MB","140276595370.6667","35,376 MB","37094750890.6667","50 %","50.0000","98,402 MB","103181844480.0000","96 %","96.0000","0 %","0.0000","100 %","0000010000"
"1/22/2024 7:30:00 AM - 8:30:00 AM","45313.1250000000","133,731 MB","140227150506.6667","35,329 MB","37045306026.6667","50 %","50.0000","98,402 MB","103181844480.0000","96 %","96.0000","0 %","0.0000","100 %","0000010000"
"1/22/2024 8:30:00 AM - 9:30:00 AM","45313.1666666667","133,679 MB","140172836864.0000","35,277 MB","36990992384.0000","50 %","50.0000","98,402 MB","103181844480.0000","96 %","96.0000","0 %","0.0000","100 %","0000010000"
"1/22/2024 9:30:00 AM - 10:30:00 AM","45313.2083333333","133,629 MB","140120638805.3333","35,228 MB","36938794325.3333","50 %","49.8333","98,402 MB","103181844480.0000","96 %","96.0000","0 %","0.0000","100 %","0000010000"
"1/22/2024 10:30:00 AM - 11:30:00 AM","45313.2500000000","133,575 MB","140063500288.0000","35,173 MB","36881655808.0000","49 %","49.0000","98,402 MB","103181844480.0000","96 %","96.0000","0 %","0.0000","100 %","0000010000"
"1/22/2024 11:30:00 AM - 12:30:00 PM","45313.2916666667","133,517 MB","140002595401.1428","35,115 MB","36820750921.1429","49 %","49.0000","98,402 MB","103181844480.0000","96 %","96.0000","0 %","0.0000","100 %","0000010000"
"1/22/2024 12:30:00 PM - 1:30:00 PM","45313.3333333333","133,455 MB","139937728512.0000","35,053 MB","36755884032.0000","49 %","49.0000","98,402 MB","103181844480.0000","96 %","96.0000","0 %","0.0000","100 %","0000010000"
"1/22/2024 1:30:00 PM - 2:30:00 PM","45313.3750000000","133,369 MB","139847310677.3333","34,967 MB","36665466197.3333","49 %","49.0000","98,402 MB","103181844480.0000","96 %","96.0000","0 %","0.0000","100 %","0000010000"
"1/22/2024 2:30:00 PM - 3:30:00 PM","45313.4166666667","133,236 MB","139707701248.0000","34,834 MB","36525856768.0000","49 %","49.0000","98,402 MB","103181844480.0000","96 %","96.0000","0 %","0.0000","100 %","0000010000"
"1/22/2024 3:30:00 PM - 4:30:00 PM","45313.4583333333","133,097 MB","139562013354.6667","34,695 MB","36380168874.6667","49 %","49.0000","98,402 MB","103181844480.0000","96 %","96.0000","0 %","0.0000","100 %","0000010000"
"1/22/2024 4:30:00 PM - 5:30:00 PM","45313.5000000000","132,980 MB","139439362730.6667","34,578 MB","36257518250.6667","49 %","49.0000","98,402 MB","103181844480.0000","96 %","96.0000","0 %","0.0000","100 %","0000010000"
"1/22/2024 5:30:00 PM - 6:30:00 PM","45313.5416666667","132,885 MB","139339889322.6667","34,483 MB","36158044842.6667","48 %","48.3333","98,402 MB","103181844480.0000","96 %","96.0000","0 %","0.0000","100 %","0000010000"
"1/22/2024 6:30:00 PM - 7:30:00 PM","45313.5833333333","132,811 MB","139262649685.3333","34,409 MB","36080805205.3333","48 %","48.0000","98,402 MB","103181844480.0000","96 %","96.0000","0 %","0.0000","100 %","0000010000"
"1/22/2024 7:30:00 PM - 8:30:00 PM","45313.6250000000","132,708 MB","139154229930.6667","34,306 MB","35972385450.6667","48 %","48.0000","98,402 MB","103181844480.0000","96 %","96.0000","0 %","0.0000","100 %","0000010000"
"1/22/2024 8:30:00 PM - 9:30:00 PM","45313.6666666667","132,627 MB","139069939712.0000","34,226 MB","35888095232.0000","48 %","48.0000","98,402 MB","103181844480.0000","96 %","96.0000","0 %","0.0000","100 %","0000010000"
"1/22/2024 9:30:00 PM - 10:30:00 PM","45313.7083333333","132,568 MB","139007951530.6667","34,166 MB","35826107050.6667","48 %","48.0000","98,402 MB","103181844480.0000","96 %","96.0000","0 %","0.0000","100 %","0000010000"
"1/22/2024 10:30:00 PM - 11:30:00 PM","45313.7500000000","132,510 MB","138946620757.3333","34,108 MB","35764776277.3333","48 %","48.0000","98,402 MB","103181844480.0000","96 %","96.0000","0 %","0.0000","100 %","0000010000"
"1/22/2024 11:30:00 PM - 12:30:00 AM","45313.7916666667","133,319 MB","139795083264.0000","34,917 MB","36613238784.0000","49 %","49.0000","98,402 MB","103181844480.0000","96 %","96.0000","0 %","0.0000","100 %","0000010000"
"1/23/2024 12:30:00 AM - 1:30:00 AM","45313.8333333333","134,134 MB","140649492480.0000","35,732 MB","37467648000.0000","50 %","50.0000","98,402 MB","103181844480.0000","96 %","96.0000","0 %","0.0000","100 %","0000010000"
"1/23/2024 1:30:00 AM - 2:30:00 AM","45313.8750000000","134,090 MB","140603554474.6667","35,688 MB","37421709994.6667","50 %","50.0000","98,402 MB","103181844480.0000","96 %","96.0000","0 %","0.0000","100 %","0000010000"
"1/23/2024 2:30:00 AM - 3:30:00 AM","45313.9166666667","134,043 MB","140553919829.3333","35,641 MB","37372075349.3333","50 %","50.0000","98,402 MB","103181844480.0000","96 %","96.0000","0 %","0.0000","100 %","0000010000"
"1/23/2024 3:30:00 AM - 4:30:00 AM","45313.9583333333","133,999 MB","140508181845.3333","35,597 MB","37326337365.3333","50 %","50.0000","98,402 MB","103181844480.0000","96 %","96.0000","0 %","0.0000","100 %","0000010000"
"1/23/2024 4:30:00 AM - 5:30:00 AM","45314.0000000000","133,958 MB","140465384789.3333","35,556 MB","37283540309.3333","50 %","50.0000","98,402 MB","103181844480.0000","96 %","96.0000","0 %","0.0000","100 %","0000010000"
"1/23/2024 5:30:00 AM - 6:30:00 AM","45314.0416666667","133,915 MB","140420235946.6667","35,513 MB","37238391466.6667","50 %","50.0000","98,402 MB","103181844480.0000","96 %","96.0000","0 %","0.0000","100 %","0000010000"
"1/23/2024 6:30:00 AM - 7:30:00 AM","45314.0833333333","133,874 MB","140376855893.3333","35,472 MB","37195011413.3333","50 %","50.0000","98,402 MB","103181844480.0000","96 %","96.0000","0 %","0.0000","100 %","0000010000"
"1/23/2024 7:30:00 AM - 8:30:00 AM","45314.1250000000","133,831 MB","140332066133.3333","35,429 MB","37150221653.3333","50 %","50.0000","98,402 MB","103181844480.0000","96 %","96.0000","0 %","0.0000","100 %","0000010000"
"1/23/2024 8:30:00 AM - 9:30:00 AM","45314.1666666667","133,787 MB","140286266709.3333","35,386 MB","37104422229.3333","50 %","50.0000","98,402 MB","103181844480.0000","96 %","96.0000","0 %","0.0000","100 %","0000010000"
"1/23/2024 9:30:00 AM - 10:30:00 AM","45314.2083333333","133,742 MB","140238533973.3333","35,340 MB","37056689493.3333","50 %","50.0000","98,402 MB","103181844480.0000","96 %","96.0000","0 %","0.0000","100 %","0000010000"
"1/23/2024 10:30:00 AM - 11:30:00 AM","45314.2500000000","133,694 MB","140188261717.3333","35,292 MB","37006417237.3333","50 %","50.0000","98,402 MB","103181844480.0000","96 %","96.0000","0 %","0.0000","100 %","0000010000"
"1/23/2024 11:30:00 AM - 12:30:00 PM","45314.2916666667","133,629 MB","140120245589.3333","35,227 MB","36938401109.3333","50 %","49.8333","98,402 MB","103181844480.0000","96 %","96.0000","0 %","0.0000","100 %","0000010000"
"1/23/2024 12:30:00 PM - 1:30:00 PM","45314.3333333333","133,567 MB","140055670101.3333","35,166 MB","36873825621.3333","49 %","49.0000","98,402 MB","103181844480.0000","96 %","96.0000","0 %","0.0000","100 %","0000010000"
"1/23/2024 1:30:00 PM - 2:30:00 PM","45314.3750000000","133,476 MB","139959558144.0000","35,074 MB","36777713664.0000","49 %","49.0000","98,402 MB","103181844480.0000","96 %","96.0000","0 %","0.0000","100 %","0000010000"
"1/23/2024 2:30:00 PM - 3:30:00 PM","45314.4166666667","133,358 MB","139836107434.6667","34,956 MB","36654262954.6667","49 %","49.0000","98,402 MB","103181844480.0000","96 %","96.0000","0 %","0.0000","100 %","0000010000"
"1/23/2024 3:30:00 PM - 4:30:00 PM","45314.4583333333","133,236 MB","139708442624.0000","34,834 MB","36526598144.0000","49 %","49.0000","98,402 MB","103181844480.0000","96 %","96.0000","0 %","0.0000","100 %","0000010000"
"1/23/2024 4:30:00 PM - 5:30:00 PM","45314.5000000000","133,091 MB","139556480341.3333","34,690 MB","36374635861.3333","49 %","49.0000","98,402 MB","103181844480.0000","96 %","96.0000","0 %","0.0000","100 %","0000010000"
"1/23/2024 5:30:00 PM - 6:30:00 PM","45314.5416666667","132,949 MB","139406667093.3333","34,547 MB","36224822613.3333","49 %","49.0000","98,402 MB","103181844480.0000","96 %","96.0000","0 %","0.0000","100 %","0000010000"
"1/23/2024 6:30:00 PM - 7:30:00 PM","45314.5833333333","132,851 MB","139304455509.3333","34,449 MB","36122611029.3333","48 %","48.0000","98,402 MB","103181844480.0000","96 %","96.0000","0 %","0.0000","100 %","0000010000"
"1/23/2024 7:30:00 PM - 8:30:00 PM","45314.6250000000","132,771 MB","139220115456.0000","34,369 MB","36038270976.0000","48 %","48.0000","98,402 MB","103181844480.0000","96 %","96.0000","0 %","0.0000","100 %","0000010000"
"1/23/2024 8:30:00 PM - 9:30:00 PM","45314.6666666667","132,726 MB","139172853760.0000","34,324 MB","35991009280.0000","48 %","48.0000","98,402 MB","103181844480.0000","96 %","96.0000","0 %","0.0000","100 %","0000010000"
"1/23/2024 9:30:00 PM - 10:30:00 PM","45314.7083333333","132,681 MB","139126388053.3333","34,279 MB","35944543573.3333","48 %","48.0000","98,402 MB","103181844480.0000","96 %","96.0000","0 %","0.0000","100 %","0000010000"
"1/23/2024 10:30:00 PM - 11:30:00 PM","45314.7500000000","132,638 MB","139080860330.6667","34,236 MB","35899015850.6667","48 %","48.0000","98,402 MB","103181844480.0000","96 %","96.0000","0 %","0.0000","100 %","0000010000"
"1/23/2024 11:30:00 PM - 12:30:00 AM","45314.7916666667","133,332 MB","139808735232.0000","34,930 MB","36626890752.0000","49 %","49.0000","98,402 MB","103181844480.0000","96 %","96.0000","0 %","0.0000","100 %","0000010000"
"1/24/2024 12:30:00 AM - 1:30:00 AM","45314.8333333333","134,026 MB","140536651093.3333","35,624 MB","37354806613.3333","50 %","50.0000","98,402 MB","103181844480.0000","96 %","96.0000","0 %","0.0000","100 %","0000010000"
"1/24/2024 1:30:00 AM - 2:30:00 AM","45314.8750000000","133,979 MB","140487576234.6667","35,578 MB","37305731754.6667","50 %","50.0000","98,402 MB","103181844480.0000","96 %","96.0000","0 %","0.0000","100 %","0000010000"
"1/24/2024 2:30:00 AM - 3:30:00 AM","45314.9166666667","133,932 MB","140438094506.6667","35,530 MB","37256250026.6667","50 %","50.0000","98,402 MB","103181844480.0000","96 %","96.0000","0 %","0.0000","100 %","0000010000"
"1/24/2024 3:30:00 AM - 4:30:00 AM","45314.9583333333","133,883 MB","140386846720.0000","35,481 MB","37205002240.0000","50 %","50.0000","98,402 MB","103181844480.0000","96 %","96.0000","0 %","0.0000","100 %","0000010000"
"1/24/2024 4:30:00 AM - 5:30:00 AM","45315.0000000000","133,834 MB","140335173632.0000","35,432 MB","37153329152.0000","50 %","50.0000","98,402 MB","103181844480.0000","96 %","96.0000","0 %","0.0000","100 %","0000010000"
"1/24/2024 5:30:00 AM - 6:30:00 AM","45315.0416666667","133,783 MB","140281424554.6667","35,381 MB","37099580074.6667","50 %","50.0000","98,402 MB","103181844480.0000","96 %","96.0000","0 %","0.0000","100 %","0000010000"
"1/24/2024 6:30:00 AM - 7:30:00 AM","45315.0833333333","133,733 MB","140229589674.6667","35,331 MB","37047745194.6667","50 %","50.0000","98,402 MB","103181844480.0000","96 %","96.0000","0 %","0.0000","100 %","0000010000"
"1/24/2024 7:30:00 AM - 8:30:00 AM","45315.1250000000","133,682 MB","140175966890.6667","35,280 MB","36994122410.6667","50 %","50.0000","98,402 MB","103181844480.0000","96 %","96.0000","0 %","0.0000","100 %","0000010000"
"1/24/2024 8:30:00 AM - 9:30:00 AM","45315.1666666667","133,622 MB","140112703488.0000","35,220 MB","36930859008.0000","50 %","49.6667","98,402 MB","103181844480.0000","96 %","96.0000","0 %","0.0000","100 %","0000010000"
"1/24/2024 9:30:00 AM - 10:30:00 AM","45315.2083333333","133,562 MB","140049863338.6667","35,160 MB","36868018858.6667","49 %","49.0000","98,402 MB","103181844480.0000","96 %","96.0000","0 %","0.0000","100 %","0000010000"
"1/24/2024 10:30:00 AM - 11:30:00 AM","45315.2500000000","133,514 MB","139999843669.3333","35,112 MB","36817999189.3333","49 %","49.0000","98,402 MB","103181844480.0000","96 %","96.0000","0 %","0.0000","100 %","0000010000"
"1/24/2024 11:30:00 AM - 12:30:00 PM","45315.2916666667","133,459 MB","139941593770.6667","35,057 MB","36759749290.6667","49 %","49.0000","98,402 MB","103181844480.0000","96 %","96.0000","0 %","0.0000","100 %","0000010000"
"1/24/2024 12:30:00 PM - 1:30:00 PM","45315.3333333333","133,406 MB","139886277973.3333","35,004 MB","36704433493.3333","49 %","49.0000","98,402 MB","103181844480.0000","96 %","96.0000","0 %","0.0000","100 %","0000010000"
"1/24/2024 1:30:00 PM - 2:30:00 PM","45315.3750000000","133,359 MB","139836667904.0000","34,957 MB","36654823424.0000","49 %","49.0000","98,402 MB","103181844480.0000","96 %","96.0000","0 %","0.0000","100 %","0000010000"
"1/24/2024 2:30:00 PM - 3:30:00 PM","45315.4166666667","133,310 MB","139786063872.0000","34,909 MB","36604219392.0000","49 %","49.0000","98,402 MB","103181844480.0000","96 %","96.0000","0 %","0.0000","100 %","0000010000"
"1/24/2024 3:30:00 PM - 4:30:00 PM","45315.4583333333","133,248 MB","139720303957.3333","34,846 MB","36538459477.3333","49 %","49.0000","98,402 MB","103181844480.0000","96 %","96.0000","0 %","0.0000","100 %","0000010000"
"1/24/2024 4:30:00 PM - 5:30:00 PM","45315.5000000000","133,195 MB","139664723285.3333","34,793 MB","36482878805.3333","49 %","49.0000","98,402 MB","103181844480.0000","96 %","96.0000","0 %","0.0000","100 %","0000010000"
"1/24/2024 5:30:00 PM - 6:30:00 PM","45315.5416666667","133,143 MB","139610871125.3333","34,741 MB","36429026645.3333","49 %","49.0000","98,402 MB","103181844480.0000","96 %","96.0000","0 %","0.0000","100 %","0000010000"
"1/24/2024 6:30:00 PM - 7:30:00 PM","45315.5833333333","133,077 MB","139541257557.3333","34,675 MB","36359413077.3333","49 %","49.0000","98,402 MB","103181844480.0000","96 %","96.0000","0 %","0.0000","100 %","0000010000"
"1/24/2024 7:30:00 PM - 8:30:00 PM","45315.6250000000","133,017 MB","139478687744.0000","34,615 MB","36296843264.0000","49 %","49.0000","98,402 MB","103181844480.0000","96 %","96.0000","0 %","0.0000","100 %","0000010000"
"1/24/2024 8:30:00 PM - 9:30:00 PM","45315.6666666667","132,961 MB","139419794090.6667","34,559 MB","36237949610.6667","49 %","49.0000","98,402 MB","103181844480.0000","96 %","96.0000","0 %","0.0000","100 %","0000010000"
"1/24/2024 9:30:00 PM - 10:30:00 PM","45315.7083333333","132,915 MB","139371450368.0000","34,513 MB","36189605888.0000","49 %","48.8333","98,402 MB","103181844480.0000","96 %","96.0000","0 %","0.0000","100 %","0000010000"
"1/24/2024 10:30:00 PM - 11:30:00 PM","45315.7500000000","132,867 MB","139321225898.6667","34,465 MB","36139381418.6667","48 %","48.0000","98,402 MB","103181844480.0000","96 %","96.0000","0 %","0.0000","100 %","0000010000"
"1/24/2024 11:30:00 PM - 12:30:00 AM","45315.7916666667","133,427 MB","139908017493.3333","35,025 MB","36726173013.3333","49 %","49.0000","98,402 MB","103181844480.0000","96 %","96.0000","0 %","0.0000","100 %","0000010000"
"1/25/2024 12:30:00 AM - 1:30:00 AM","45315.8333333333","133,989 MB","140497491968.0000","35,587 MB","37315647488.0000","50 %","50.0000","98,402 MB","103181844480.0000","96 %","96.0000","0 %","0.0000","100 %","0000010000"
"1/25/2024 1:30:00 AM - 2:30:00 AM","45315.8750000000","133,942 MB","140448157696.0000","35,540 MB","37266313216.0000","50 %","50.0000","98,402 MB","103181844480.0000","96 %","96.0000","0 %","0.0000","100 %","0000010000"
"1/25/2024 2:30:00 AM - 3:30:00 AM","45315.9166666667","133,893 MB","140397333845.3333","35,491 MB","37215489365.3333","50 %","50.0000","98,402 MB","103181844480.0000","96 %","96.0000","0 %","0.0000","100 %","0000010000"
"1/25/2024 3:30:00 AM - 4:30:00 AM","45315.9583333333","133,845 MB","140346852010.6667","35,443 MB","37165007530.6667","50 %","50.0000","98,402 MB","103181844480.0000","96 %","96.0000","0 %","0.0000","100 %","0000010000"
"1/25/2024 4:30:00 AM - 5:30:00 AM","45316.0000000000","133,800 MB","140299283797.3333","35,398 MB","37117439317.3333","50 %","50.0000","98,402 MB","103181844480.0000","96 %","96.0000","0 %","0.0000","100 %","0000010000"
"1/25/2024 5:30:00 AM - 6:30:00 AM","45316.0416666667","133,753 MB","140250701824.0000","35,352 MB","37068857344.0000","50 %","50.0000","98,402 MB","103181844480.0000","96 %","96.0000","0 %","0.0000","100 %","0000010000"
"1/25/2024 6:30:00 AM - 7:30:00 AM","45316.0833333333","133,707 MB","140201534805.3333","35,305 MB","37019690325.3333","50 %","50.0000","98,402 MB","103181844480.0000","96 %","96.0000","0 %","0.0000","100 %","0000010000"
"1/25/2024 7:30:00 AM - 8:30:00 AM","45316.1250000000","133,658 MB","140150898005.3333","35,256 MB","36969053525.3333","50 %","50.0000","98,402 MB","103181844480.0000","96 %","96.0000","0 %","0.0000","100 %","0000010000"
"1/25/2024 8:30:00 AM - 9:30:00 AM","45316.1666666667","133,597 MB","140086951253.3333","35,195 MB","36905106773.3333","49 %","49.3333","98,402 MB","103181844480.0000","96 %","96.0000","0 %","0.0000","100 %","0000010000"
"1/25/2024 9:30:00 AM - 10:30:00 AM","45316.2083333333","133,543 MB","140030431914.6667","35,142 MB","36848587434.6667","49 %","49.0000","98,402 MB","103181844480.0000","96 %","96.0000","0 %","0.0000","100 %","0000010000"
"1/25/2024 10:30:00 AM - 11:30:00 AM","45316.2500000000","133,500 MB","139984664576.0000","35,098 MB","36802820096.0000","49 %","49.0000","98,402 MB","103181844480.0000","96 %","96.0000","0 %","0.0000","100 %","0000010000"
"1/25/2024 11:30:00 AM - 12:30:00 PM","45316.2916666667","133,449 MB","139931629568.0000","35,047 MB","36749785088.0000","49 %","49.0000","98,402 MB","103181844480.0000","96 %","96.0000","0 %","0.0000","100 %","0000010000"
"1/25/2024 12:30:00 PM - 1:30:00 PM","45316.3333333333","133,392 MB","139871337130.6667","34,990 MB","36689492650.6667","49 %","49.0000","98,402 MB","103181844480.0000","96 %","96.0000","0 %","0.0000","100 %","0000010000"
"1/25/2024 1:30:00 PM - 2:30:00 PM","45316.3750000000","133,315 MB","139790915584.0000","34,913 MB","36609071104.0000","49 %","49.0000","98,402 MB","103181844480.0000","96 %","96.0000","0 %","0.0000","100 %","0000010000"
"1/25/2024 2:30:00 PM - 3:30:00 PM","45316.4166666667","133,240 MB","139712691541.3333","34,839 MB","36530847061.3333","49 %","49.0000","98,402 MB","103181844480.0000","96 %","96.0000","0 %","0.0000","100 %","0000010000"
"1/25/2024 3:30:00 PM - 4:30:00 PM","45316.4583333333","133,184 MB","139653216256.0000","34,782 MB","36471371776.0000","49 %","49.0000","98,402 MB","103181844480.0000","96 %","96.0000","0 %","0.0000","100 %","0000010000"
"1/25/2024 4:30:00 PM - 5:30:00 PM","45316.5000000000","133,132 MB","139598888277.3333","34,730 MB","36417043797.3333","49 %","49.0000","98,402 MB","103181844480.0000","96 %","96.0000","0 %","0.0000","100 %","0000010000"
"1/25/2024 5:30:00 PM - 6:30:00 PM","45316.5416666667","133,075 MB","139539264170.6667","34,673 MB","36357419690.6667","49 %","49.0000","98,402 MB","103181844480.0000","96 %","96.0000","0 %","0.0000","100 %","0000010000"
"1/25/2024 6:30:00 PM - 7:30:00 PM","45316.5833333333","133,028 MB","139490326528.0000","34,626 MB","36308482048.0000","49 %","49.0000","98,402 MB","103181844480.0000","96 %","96.0000","0 %","0.0000","100 %","0000010000"
"1/25/2024 7:30:00 PM - 8:30:00 PM","45316.6250000000","132,970 MB","139429004629.3333","34,568 MB","36247160149.3333","49 %","49.0000","98,402 MB","103181844480.0000","96 %","96.0000","0 %","0.0000","100 %","0000010000"
"1/25/2024 8:30:00 PM - 9:30:00 PM","45316.6666666667","132,923 MB","139380049920.0000","34,521 MB","36198205440.0000","49 %","49.0000","98,402 MB","103181844480.0000","96 %","96.0000","0 %","0.0000","100 %","0000010000"
"1/25/2024 9:30:00 PM - 10:30:00 PM","45316.7083333333","132,881 MB","139336090965.3333","34,479 MB","36154246485.3333","48 %","48.0000","98,402 MB","103181844480.0000","96 %","96.0000","0 %","0.0000","100 %","0000010000"
"1/25/2024 10:30:00 PM - 11:30:00 PM","45316.7500000000","132,840 MB","139292883626.6667","34,438 MB","36111039146.6667","48 %","48.0000","98,402 MB","103181844480.0000","96 %","96.0000","0 %","0.0000","100 %","0000010000"
"1/25/2024 11:30:00 PM - 12:30:00 AM","45316.7916666667","133,423 MB","139903708501.3333","35,021 MB","36721864021.3333","49 %","49.0000","98,402 MB","103181844480.0000","96 %","96.0000","0 %","0.0000","100 %","0000010000"
"1/26/2024 12:30:00 AM - 1:30:00 AM","45316.8333333333","134,033 MB","140543872341.3333","35,631 MB","37362027861.3333","50 %","50.0000","98,402 MB","103181844480.0000","96 %","96.0000","0 %","0.0000","100 %","0000010000"
"1/26/2024 1:30:00 AM - 2:30:00 AM","45316.8750000000","134,045 MB","140555888640.0000","35,643 MB","37374044160.0000","50 %","50.0000","98,402 MB","103181844480.0000","96 %","96.0000","0 %","0.0000","100 %","0000010000"
"1/26/2024 2:30:00 AM - 3:30:00 AM","45316.9166666667","133,999 MB","140508206421.3333","35,597 MB","37326361941.3333","50 %","50.0000","98,402 MB","103181844480.0000","96 %","96.0000","0 %","0.0000","100 %","0000010000"
"1/26/2024 3:30:00 AM - 4:30:00 AM","45316.9583333333","133,956 MB","140462719658.6667","35,554 MB","37280875178.6667","50 %","50.0000","98,402 MB","103181844480.0000","96 %","96.0000","0 %","0.0000","100 %","0000010000"
"1/26/2024 4:30:00 AM - 5:30:00 AM","45317.0000000000","133,914 MB","140419173717.3333","35,512 MB","37237329237.3333","50 %","50.0000","98,402 MB","103181844480.0000","96 %","96.0000","0 %","0.0000","100 %","0000010000"
"1/26/2024 5:30:00 AM - 6:30:00 AM","45317.0416666667","133,872 MB","140374575786.6667","35,470 MB","37192731306.6667","50 %","50.0000","98,402 MB","103181844480.0000","96 %","96.0000","0 %","0.0000","100 %","0000010000"
"1/26/2024 6:30:00 AM - 7:30:00 AM","45317.0833333333","133,823 MB","140323104085.3333","35,421 MB","37141259605.3333","50 %","50.0000","98,402 MB","103181844480.0000","96 %","96.0000","0 %","0.0000","100 %","0000010000"
"1/26/2024 7:30:00 AM - 8:30:00 AM","45317.1250000000","133,775 MB","140273249621.3333","35,373 MB","37091405141.3333","50 %","50.0000","98,402 MB","103181844480.0000","96 %","96.0000","0 %","0.0000","100 %","0000010000"
"1/26/2024 8:30:00 AM - 9:30:00 AM","45317.1666666667","133,732 MB","140228165632.0000","35,330 MB","37046321152.0000","50 %","50.0000","98,402 MB","103181844480.0000","96 %","96.0000","0 %","0.0000","100 %","0000010000"
"1/26/2024 9:30:00 AM - 10:30:00 AM","45317.2083333333","133,690 MB","140184525482.6667","35,289 MB","37002681002.6667","50 %","50.0000","98,402 MB","103181844480.0000","96 %","96.0000","0 %","0.0000","100 %","0000010000"
"1/26/2024 10:30:00 AM - 11:30:00 AM","45317.2500000000","133,649 MB","140141445802.6667","35,247 MB","36959601322.6667","50 %","50.0000","98,402 MB","103181844480.0000","96 %","96.0000","0 %","0.0000","100 %","0000010000"
"1/26/2024 11:30:00 AM - 12:30:00 PM","45317.2916666667","133,606 MB","140095684608.0000","35,204 MB","36913840128.0000","50 %","49.5000","98,402 MB","103181844480.0000","96 %","96.0000","0 %","0.0000","100 %","0000010000"
"1/26/2024 12:30:00 PM - 1:30:00 PM","45317.3333333333","133,565 MB","140053430272.0000","35,163 MB","36871585792.0000","49 %","49.0000","98,402 MB","103181844480.0000","96 %","96.0000","0 %","0.0000","100 %","0000010000"
"1/26/2024 1:30:00 PM - 2:30:00 PM","45317.3750000000","133,517 MB","140002344277.3333","35,115 MB","36820499797.3333","49 %","49.0000","98,402 MB","103181844480.0000","96 %","96.0000","0 %","0.0000","100 %","0000010000"
"1/26/2024 2:30:00 PM - 3:30:00 PM","45317.4166666667","133,475 MB","139958480896.0000","35,073 MB","36776636416.0000","49 %","49.0000","98,402 MB","103181844480.0000","96 %","96.0000","0 %","0.0000","100 %","0000010000"
"1/26/2024 3:30:00 PM - 4:30:00 PM","45317.4583333333","133,430 MB","139911949653.3333","35,029 MB","36730105173.3333","49 %","49.0000","98,402 MB","103181844480.0000","96 %","96.0000","0 %","0.0000","100 %","0000010000"
"1/26/2024 4:30:00 PM - 5:30:00 PM","45317.5000000000","133,391 MB","139870252373.3333","34,989 MB","36688407893.3333","49 %","49.0000","98,402 MB","103181844480.0000","96 %","96.0000","0 %","0.0000","100 %","0000010000"
"1/26/2024 5:30:00 PM - 6:30:00 PM","45317.5416666667","133,362 MB","139840480597.3333","34,960 MB","36658636117.3333","49 %","49.0000","98,402 MB","103181844480.0000","96 %","96.0000","0 %","0.0000","100 %","0000010000"
"1/26/2024 6:30:00 PM - 7:30:00 PM","45317.5833333333","133,333 MB","139810079402.6667","34,931 MB","36628234922.6667","49 %","49.0000","98,402 MB","103181844480.0000","96 %","96.0000","0 %","0.0000","100 %","0000010000"
"1/26/2024 7:30:00 PM - 8:30:00 PM","45317.6250000000","133,302 MB","139777727829.3333","34,901 MB","36595883349.3333","49 %","49.0000","98,402 MB","103181844480.0000","96 %","96.0000","0 %","0.0000","100 %","0000010000"
"1/26/2024 8:30:00 PM - 9:30:00 PM","45317.6666666667","133,267 MB","139740801706.6667","34,865 MB","36558957226.6667","49 %","49.0000","98,402 MB","103181844480.0000","96 %","96.0000","0 %","0.0000","100 %","0000010000"
"1/26/2024 9:30:00 PM - 10:30:00 PM","45317.7083333333","133,220 MB","139691334997.3333","34,818 MB","36509490517.3333","49 %","49.0000","98,402 MB","103181844480.0000","96 %","96.0000","0 %","0.0000","100 %","0000010000"
"1/26/2024 10:30:00 PM - 11:30:00 PM","45317.7500000000","133,182 MB","139651897344.0000","34,781 MB","36470052864.0000","49 %","49.0000","98,402 MB","103181844480.0000","96 %","96.0000","0 %","0.0000","100 %","0000010000"
"1/26/2024 11:30:00 PM - 12:30:00 AM","45317.7916666667","133,677 MB","140170328064.0000","35,275 MB","36988483584.0000","50 %","49.5000","98,402 MB","103181844480.0000","96 %","96.0000","0 %","0.0000","100 %","0000010000"
"1/27/2024 12:30:00 AM - 1:30:00 AM","45317.8333333333","134,163 MB","140680500565.3333","35,762 MB","37498656085.3333","50 %","50.0000","98,402 MB","103181844480.0000","96 %","96.0000","0 %","0.0000","100 %","0000010000"
"1/27/2024 1:30:00 AM - 2:30:00 AM","45317.8750000000","134,115 MB","140629613226.6667","35,713 MB","37447768746.6667","50 %","50.0000","98,402 MB","103181844480.0000","96 %","96.0000","0 %","0.0000","100 %","0000010000"
"1/27/2024 2:30:00 AM - 3:30:00 AM","45317.9166666667","134,062 MB","140574184789.3333","35,660 MB","37392340309.3333","50 %","50.0000","98,402 MB","103181844480.0000","96 %","96.0000","0 %","0.0000","100 %","0000010000"
"1/27/2024 3:30:00 AM - 4:30:00 AM","45317.9583333333","134,010 MB","140520105984.0000","35,609 MB","37338261504.0000","50 %","50.0000","98,402 MB","103181844480.0000","96 %","96.0000","0 %","0.0000","100 %","0000010000"
"1/27/2024 4:30:00 AM - 5:30:00 AM","45318.0000000000","133,960 MB","140467425280.0000","35,558 MB","37285580800.0000","50 %","50.0000","98,402 MB","103181844480.0000","96 %","96.0000","0 %","0.0000","100 %","0000010000"
"1/27/2024 5:30:00 AM - 6:30:00 AM","45318.0416666667","133,909 MB","140414026410.6667","35,507 MB","37232181930.6667","50 %","50.0000","98,402 MB","103181844480.0000","96 %","96.0000","0 %","0.0000","100 %","0000010000"
"1/27/2024 6:30:00 AM - 7:30:00 AM","45318.0833333333","133,856 MB","140358288042.6667","35,454 MB","37176443562.6667","50 %","50.0000","98,402 MB","103181844480.0000","96 %","96.0000","0 %","0.0000","100 %","0000010000"
"1/27/2024 7:30:00 AM - 8:30:00 AM","45318.1250000000","133,801 MB","140300607488.0000","35,399 MB","37118763008.0000","50 %","50.0000","98,402 MB","103181844480.0000","96 %","96.0000","0 %","0.0000","100 %","0000010000"
"1/27/2024 8:30:00 AM - 9:30:00 AM","45318.1666666667","133,748 MB","140245276672.0000","35,346 MB","37063432192.0000","50 %","50.0000","98,402 MB","103181844480.0000","96 %","96.0000","0 %","0.0000","100 %","0000010000"
"1/27/2024 9:30:00 AM - 10:30:00 AM","45318.2083333333","133,698 MB","140192944128.0000","35,297 MB","37011099648.0000","50 %","50.0000","98,402 MB","103181844480.0000","96 %","96.0000","0 %","0.0000","100 %","0000010000"
"1/27/2024 10:30:00 AM - 11:30:00 AM","45318.2500000000","133,653 MB","140145750016.0000","35,252 MB","36963905536.0000","50 %","50.0000","98,402 MB","103181844480.0000","96 %","96.0000","0 %","0.0000","100 %","0000010000"
"1/27/2024 11:30:00 AM - 12:30:00 PM","45318.2916666667","133,610 MB","140100364288.0000","35,208 MB","36918519808.0000","50 %","49.5000","98,402 MB","103181844480.0000","96 %","96.0000","0 %","0.0000","100 %","0000010000"
"1/27/2024 12:30:00 PM - 1:30:00 PM","45318.3333333333","133,561 MB","140049156096.0000","35,159 MB","36867311616.0000","49 %","49.0000","98,402 MB","103181844480.0000","96 %","96.0000","0 %","0.0000","100 %","0000010000"
"1/27/2024 1:30:00 PM - 2:30:00 PM","45318.3750000000","133,502 MB","139987357696.0000","35,100 MB","36805513216.0000","49 %","49.0000","98,402 MB","103181844480.0000","96 %","96.0000","0 %","0.0000","100 %","0000010000"
"1/27/2024 2:30:00 PM - 3:30:00 PM","45318.4166666667","133,446 MB","139928685909.3333","35,045 MB","36746841429.3333","49 %","49.0000","98,402 MB","103181844480.0000","96 %","96.0000","0 %","0.0000","100 %","0000010000"
"1/27/2024 3:30:00 PM - 4:30:00 PM","45318.4583333333","133,390 MB","139870019584.0000","34,989 MB","36688175104.0000","49 %","49.0000","98,402 MB","103181844480.0000","96 %","96.0000","0 %","0.0000","100 %","0000010000"
"1/27/2024 4:30:00 PM - 5:30:00 PM","45318.5000000000","133,334 MB","139810641920.0000","34,932 MB","36628797440.0000","49 %","49.0000","98,402 MB","103181844480.0000","96 %","96.0000","0 %","0.0000","100 %","0000010000"
"1/27/2024 5:30:00 PM - 6:30:00 PM","45318.5416666667","133,273 MB","139747265194.6667","34,872 MB","36565420714.6667","49 %","49.0000","98,402 MB","103181844480.0000","96 %","96.0000","0 %","0.0000","100 %","0000010000"
"1/27/2024 6:30:00 PM - 7:30:00 PM","45318.5833333333","133,218 MB","139688882176.0000","34,816 MB","36507037696.0000","49 %","49.0000","98,402 MB","103181844480.0000","96 %","96.0000","0 %","0.0000","100 %","0000010000"
"1/27/2024 7:30:00 PM - 8:30:00 PM","45318.6250000000","133,160 MB","139628658005.3333","34,758 MB","36446813525.3333","49 %","49.0000","98,402 MB","103181844480.0000","96 %","96.0000","0 %","0.0000","100 %","0000010000"
"1/27/2024 8:30:00 PM - 9:30:00 PM","45318.6666666667","133,098 MB","139563606698.6667","34,696 MB","36381762218.6667","49 %","49.0000","98,402 MB","103181844480.0000","96 %","96.0000","0 %","0.0000","100 %","0000010000"
"1/27/2024 9:30:00 PM - 10:30:00 PM","45318.7083333333","133,035 MB","139497590784.0000","34,633 MB","36315746304.0000","49 %","49.0000","98,402 MB","103181844480.0000","96 %","96.0000","0 %","0.0000","100 %","0000010000"
"1/27/2024 10:30:00 PM - 11:30:00 PM","45318.7500000000","132,972 MB","139431379626.6667","34,570 MB","36249535146.6667","49 %","49.0000","98,402 MB","103181844480.0000","96 %","96.0000","0 %","0.0000","100 %","0000010000"
"1/27/2024 11:30:00 PM - 12:30:00 AM","45318.7916666667","133,526 MB","140012595200.0000","35,125 MB","36830750720.0000","50 %","49.5000","98,402 MB","103181844480.0000","96 %","96.0000","0 %","0.0000","100 %","0000010000"
"1/28/2024 12:30:00 AM - 1:30:00 AM","45318.8333333333","134,074 MB","140586809344.0000","35,672 MB","37404964864.0000","50 %","50.0000","98,402 MB","103181844480.0000","96 %","96.0000","0 %","0.0000","100 %","0000010000"
"1/28/2024 1:30:00 AM - 2:30:00 AM","45318.8750000000","134,007 MB","140516621653.3333","35,605 MB","37334777173.3333","50 %","50.0000","98,402 MB","103181844480.0000","96 %","96.0000","0 %","0.0000","100 %","0000010000"
"1/28/2024 2:30:00 AM - 3:30:00 AM","45318.9166666667","133,938 MB","140444536149.3333","35,536 MB","37262691669.3333","50 %","50.0000","98,402 MB","103181844480.0000","96 %","96.0000","0 %","0.0000","100 %","0000010000"
"1/28/2024 3:30:00 AM - 4:30:00 AM","45318.9583333333","133,869 MB","140371606869.3333","35,467 MB","37189762389.3333","50 %","50.0000","98,402 MB","103181844480.0000","96 %","96.0000","0 %","0.0000","100 %","0000010000"
"1/28/2024 4:30:00 AM - 5:30:00 AM","45319.0000000000","133,800 MB","140299677013.3333","35,398 MB","37117832533.3333","50 %","50.0000","98,402 MB","103181844480.0000","96 %","96.0000","0 %","0.0000","100 %","0000010000"
"1/28/2024 5:30:00 AM - 6:30:00 AM","45319.0416666667","133,734 MB","140229918037.3333","35,332 MB","37048073557.3333","50 %","50.0000","98,402 MB","103181844480.0000","96 %","96.0000","0 %","0.0000","100 %","0000010000"
"1/28/2024 6:30:00 AM - 7:30:00 AM","45319.0833333333","133,666 MB","140158683136.0000","35,264 MB","36976838656.0000","50 %","50.0000","98,402 MB","103181844480.0000","96 %","96.0000","0 %","0.0000","100 %","0000010000"
"1/28/2024 7:30:00 AM - 8:30:00 AM","45319.1250000000","133,597 MB","140086522538.6667","35,195 MB","36904678058.6667","49 %","49.3333","98,402 MB","103181844480.0000","96 %","96.0000","0 %","0.0000","100 %","0000010000"
"1/28/2024 8:30:00 AM - 9:30:00 AM","45319.1666666667","133,530 MB","140015854250.6667","35,128 MB","36834009770.6667","49 %","49.0000","98,402 MB","103181844480.0000","96 %","96.0000","0 %","0.0000","100 %","0000010000"
"1/28/2024 9:30:00 AM - 10:30:00 AM","45319.2083333333","133,462 MB","139945018709.3333","35,060 MB","36763174229.3333","49 %","49.0000","98,402 MB","103181844480.0000","96 %","96.0000","0 %","0.0000","100 %","0000010000"
"1/28/2024 10:30:00 AM - 11:30:00 AM","45319.2500000000","133,397 MB","139876662613.3333","34,995 MB","36694818133.3333","49 %","49.0000","98,402 MB","103181844480.0000","96 %","96.0000","0 %","0.0000","100 %","0000010000"
"1/28/2024 11:30:00 AM - 12:30:00 PM","45319.2916666667","133,335 MB","139812108970.6667","34,933 MB","36630264490.6667","49 %","49.0000","98,402 MB","103181844480.0000","96 %","96.0000","0 %","0.0000","100 %","0000010000"
"1/28/2024 12:30:00 PM - 1:30:00 PM","45319.3333333333","133,275 MB","139748457813.3333","34,873 MB","36566613333.3333","49 %","49.0000","98,402 MB","103181844480.0000","96 %","96.0000","0 %","0.0000","100 %","0000010000"
"1/28/2024 1:30:00 PM - 2:30:00 PM","45319.3750000000","133,212 MB","139682871296.0000","34,810 MB","36501026816.0000","49 %","49.0000","98,402 MB","103181844480.0000","96 %","96.0000","0 %","0.0000","100 %","0000010000"
"1/28/2024 2:30:00 PM - 3:30:00 PM","45319.4166666667","133,150 MB","139618091008.0000","34,748 MB","36436246528.0000","49 %","49.0000","98,402 MB","103181844480.0000","96 %","96.0000","0 %","0.0000","100 %","0000010000"
"1/28/2024 3:30:00 PM - 4:30:00 PM","45319.4583333333","133,086 MB","139550976000.0000","34,684 MB","36369131520.0000","49 %","49.0000","98,402 MB","103181844480.0000","96 %","96.0000","0 %","0.0000","100 %","0000010000"
"1/28/2024 4:30:00 PM - 5:30:00 PM","45319.5000000000","133,008 MB","139468734464.0000","34,606 MB","36286889984.0000","49 %","49.0000","98,402 MB","103181844480.0000","96 %","96.0000","0 %","0.0000","100 %","0000010000"
"1/28/2024 5:30:00 PM - 6:30:00 PM","45319.5416666667","132,929 MB","139385743360.0000","34,527 MB","36203898880.0000","49 %","48.8333","98,402 MB","103181844480.0000","96 %","96.0000","0 %","0.0000","100 %","0000010000"
"1/28/2024 6:30:00 PM - 7:30:00 PM","45319.5833333333","132,846 MB","139299082240.0000","34,444 MB","36117237760.0000","48 %","48.0000","98,402 MB","103181844480.0000","96 %","96.0000","0 %","0.0000","100 %","0000010000"
"1/28/2024 7:30:00 PM - 8:30:00 PM","45319.6250000000","132,760 MB","139208450048.0000","34,358 MB","36026605568.0000","48 %","48.0000","98,402 MB","103181844480.0000","96 %","96.0000","0 %","0.0000","100 %","0000010000"
"1/28/2024 8:30:00 PM - 9:30:00 PM","45319.6666666667","132,671 MB","139115386880.0000","34,269 MB","35933542400.0000","48 %","48.0000","98,402 MB","103181844480.0000","96 %","96.0000","0 %","0.0000","100 %","0000010000"
"1/28/2024 9:30:00 PM - 10:30:00 PM","45319.7083333333","132,582 MB","139022259541.3333","34,180 MB","35840415061.3333","48 %","48.0000","98,402 MB","103181844480.0000","96 %","96.0000","0 %","0.0000","100 %","0000010000"
"1/28/2024 10:30:00 PM - 11:30:00 PM","45319.7500000000","132,512 MB","138948605542.4000","34,110 MB","35766761062.4000","48 %","48.0000","98,402 MB","103181844480.0000","96 %","96.0000","0 %","0.0000","100 %","0000010000"
"1/28/2024 11:30:00 PM - 12:30:00 AM","45319.7916666667","133,174 MB","139642671786.6667","34,772 MB","36460827306.6667","49 %","49.0000","98,402 MB","103181844480.0000","96 %","96.0000","0 %","0.0000","100 %","0000010000"
"1/29/2024 12:30:00 AM - 1:30:00 AM","45319.8333333333","133,882 MB","140385708714.6667","35,480 MB","37203864234.6667","50 %","50.0000","98,402 MB","103181844480.0000","96 %","96.0000","0 %","0.0000","100 %","0000010000"
"1/29/2024 1:30:00 AM - 2:30:00 AM","45319.8750000000","133,794 MB","140292973909.3333","35,392 MB","37111129429.3333","50 %","50.0000","98,402 MB","103181844480.0000","96 %","96.0000","0 %","0.0000","100 %","0000010000"
"1/29/2024 2:30:00 AM - 3:30:00 AM","45319.9166666667","133,706 MB","140201351168.0000","35,305 MB","37019506688.0000","50 %","50.0000","98,402 MB","103181844480.0000","96 %","96.0000","0 %","0.0000","100 %","0000010000"
"1/29/2024 3:30:00 AM - 4:30:00 AM","45319.9583333333","133,619 MB","140109640362.6667","35,217 MB","36927795882.6667","50 %","49.6667","98,402 MB","103181844480.0000","96 %","96.0000","0 %","0.0000","100 %","0000010000"
"1/29/2024 4:30:00 AM - 5:30:00 AM","45320.0000000000","133,533 MB","140019329024.0000","35,131 MB","36837484544.0000","49 %","49.0000","98,402 MB","103181844480.0000","96 %","96.0000","0 %","0.0000","100 %","0000010000"
"1/29/2024 5:30:00 AM - 6:30:00 AM","45320.0416666667","133,445 MB","139927005866.6667","35,043 MB","36745161386.6667","49 %","49.0000","98,402 MB","103181844480.0000","96 %","96.0000","0 %","0.0000","100 %","0000010000"
"1/29/2024 6:30:00 AM - 7:30:00 AM","45320.0833333333","133,356 MB","139834331818.6667","34,955 MB","36652487338.6667","49 %","49.0000","98,402 MB","103181844480.0000","96 %","96.0000","0 %","0.0000","100 %","0000010000"
"1/29/2024 7:30:00 AM - 8:30:00 AM","45320.1250000000","133,269 MB","139742468778.6667","34,867 MB","36560624298.6667","49 %","49.0000","98,402 MB","103181844480.0000","96 %","96.0000","0 %","0.0000","100 %","0000010000"
"1/29/2024 8:30:00 AM - 9:30:00 AM","45320.1666666667","133,198 MB","139668522325.3333","34,796 MB","36486677845.3333","49 %","49.0000","98,402 MB","103181844480.0000","96 %","96.0000","0 %","0.0000","100 %","0000010000"
"1/29/2024 9:30:00 AM - 10:30:00 AM","45320.2083333333","133,119 MB","139585477836.8000","34,717 MB","36403633356.8000","49 %","49.0000","98,402 MB","103181844480.0000","96 %","96.0000","0 %","0.0000","100 %","0000010000"
"1/29/2024 10:30:00 AM - 11:30:00 AM","45320.2500000000","133,045 MB","139508256768.0000","34,644 MB","36326412288.0000","49 %","49.0000","98,402 MB","103181844480.0000","96 %","96.0000","0 %","0.0000","100 %","0000010000"
"1/29/2024 11:30:00 AM - 12:30:00 PM","45320.2916666667","132,964 MB","139423100245.3333","34,562 MB","36241255765.3333","49 %","49.0000","98,402 MB","103181844480.0000","96 %","96.0000","0 %","0.0000","100 %","0000010000"
"1/29/2024 12:30:00 PM - 1:30:00 PM","45320.3333333333","132,883 MB","139337450837.3333","34,481 MB","36155606357.3333","48 %","48.3333","98,402 MB","103181844480.0000","96 %","96.0000","0 %","0.0000","100 %","0000010000"
"1/29/2024 1:30:00 PM - 2:30:00 PM","45320.3750000000","132,799 MB","139249342464.0000","34,397 MB","36067497984.0000","48 %","48.0000","98,402 MB","103181844480.0000","96 %","96.0000","0 %","0.0000","100 %","0000010000"
"1/29/2024 2:30:00 PM - 3:30:00 PM","45320.4166666667","132,713 MB","139159631872.0000","34,311 MB","35977787392.0000","48 %","48.0000","98,402 MB","103181844480.0000","96 %","96.0000","0 %","0.0000","100 %","0000010000"
"1/29/2024 3:30:00 PM - 4:30:00 PM","45320.4583333333","132,633 MB","139075467264.0000","34,231 MB","35893622784.0000","48 %","48.0000","98,402 MB","103181844480.0000","96 %","96.0000","0 %","0.0000","100 %","0000010000"
"1/29/2024 4:30:00 PM - 5:30:00 PM","45320.5000000000","132,553 MB","138991532714.6667","34,151 MB","35809688234.6667","48 %","48.0000","98,402 MB","103181844480.0000","96 %","96.0000","0 %","0.0000","100 %","0000010000"
"1/29/2024 5:30:00 PM - 6:30:00 PM","45320.5416666667","132,471 MB","138905509888.0000","34,069 MB","35723665408.0000","48 %","48.0000","98,402 MB","103181844480.0000","96 %","96.0000","0 %","0.0000","100 %","0000010000"
"1/29/2024 6:30:00 PM - 7:30:00 PM","45320.5833333333","132,385 MB","138815799296.0000","33,983 MB","35633954816.0000","48 %","48.0000","98,402 MB","103181844480.0000","96 %","96.0000","0 %","0.0000","100 %","0000010000"
"1/29/2024 7:30:00 PM - 8:30:00 PM","45320.6250000000","132,307 MB","138733991936.0000","33,905 MB","35552147456.0000","48 %","48.0000","98,402 MB","103181844480.0000","96 %","96.0000","0 %","0.0000","100 %","0000010000"
"1/29/2024 8:30:00 PM - 9:30:00 PM","45320.6666666667","132,244 MB","138668294826.6667","33,843 MB","35486450346.6667","48 %","48.0000","98,402 MB","103181844480.0000","96 %","96.0000","0 %","0.0000","100 %","0000010000"
"1/29/2024 9:30:00 PM - 10:30:00 PM","45320.7083333333","132,187 MB","138608632490.6667","33,786 MB","35426788010.6667","48 %","47.5000","98,402 MB","103181844480.0000","96 %","96.0000","0 %","0.0000","100 %","0000010000"
"1/29/2024 10:30:00 PM - 11:30:00 PM","45320.7500000000","132,127 MB","138544859136.0000","33,725 MB","35363014656.0000","47 %","47.0000","98,402 MB","103181844480.0000","96 %","96.0000","0 %","0.0000","100 %","0000010000"
"1/29/2024 11:30:00 PM - 12:30:00 AM","45320.7916666667","132,850 MB","139302854656.0000","34,448 MB","36121010176.0000","48 %","48.5000","98,402 MB","103181844480.0000","96 %","96.0000","0 %","0.0000","100 %","0000010000"
"1/30/2024 12:30:00 AM - 1:30:00 AM","45320.8333333333","133,574 MB","140062329514.6667","35,172 MB","36880485034.6667","49 %","49.0000","98,402 MB","103181844480.0000","96 %","96.0000","0 %","0.0000","100 %","0000010000"
"1/30/2024 1:30:00 AM - 2:30:00 AM","45320.8750000000","133,486 MB","139970299904.0000","35,084 MB","36788455424.0000","49 %","49.0000","98,402 MB","103181844480.0000","96 %","96.0000","0 %","0.0000","100 %","0000010000"
"1/30/2024 2:30:00 AM - 3:30:00 AM","45320.9166666667","133,404 MB","139884408832.0000","35,002 MB","36702564352.0000","49 %","49.0000","98,402 MB","103181844480.0000","96 %","96.0000","0 %","0.0000","100 %","0000010000"
"1/30/2024 3:30:00 AM - 4:30:00 AM","45320.9583333333","133,328 MB","139804394837.3333","34,926 MB","36622550357.3333","49 %","49.0000","98,402 MB","103181844480.0000","96 %","96.0000","0 %","0.0000","100 %","0000010000"
"1/30/2024 4:30:00 AM - 5:30:00 AM","45321.0000000000","133,283 MB","139756960426.6667","34,881 MB","36575115946.6667","49 %","49.0000","98,402 MB","103181844480.0000","96 %","96.0000","0 %","0.0000","100 %","0000010000"
"1/30/2024 5:30:00 AM - 6:30:00 AM","45321.0416666667","133,243 MB","139715330730.6667","34,841 MB","36533486250.6667","49 %","49.0000","98,402 MB","103181844480.0000","96 %","96.0000","0 %","0.0000","100 %","0000010000"
"1/30/2024 6:30:00 AM - 7:30:00 AM","45321.0833333333","133,203 MB","139673468928.0000","34,801 MB","36491624448.0000","49 %","49.0000","98,402 MB","103181844480.0000","96 %","96.0000","0 %","0.0000","100 %","0000010000"
"1/30/2024 7:30:00 AM - 8:30:00 AM","45321.1250000000","133,144 MB","139611700565.3333","34,742 MB","36429856085.3333","49 %","49.0000","98,402 MB","103181844480.0000","96 %","96.0000","0 %","0.0000","100 %","0000010000"
"1/30/2024 8:30:00 AM - 9:30:00 AM","45321.1666666667","133,125 MB","139591274496.0000","34,723 MB","36409430016.0000","49 %","49.0000","98,402 MB","103181844480.0000","96 %","96.0000","0 %","0.0000","100 %","0000010000"
"1/30/2024 9:30:00 AM - 10:30:00 AM","45321.2083333333","133,086 MB","139551201280.0000","34,685 MB","36369356800.0000","49 %","49.0000","98,402 MB","103181844480.0000","96 %","96.0000","0 %","0.0000","100 %","0000010000"
"1/30/2024 10:30:00 AM - 11:30:00 AM","45321.2500000000","133,045 MB","139508201472.0000","34,644 MB","36326356992.0000","49 %","49.0000","98,402 MB","103181844480.0000","96 %","96.0000","0 %","0.0000","100 %","0000010000"
"1/30/2024 11:30:00 AM - 12:30:00 PM","45321.2916666667","133,003 MB","139463753045.3333","34,601 MB","36281908565.3333","49 %","49.0000","98,402 MB","103181844480.0000","96 %","96.0000","0 %","0.0000","100 %","0000010000"
"1/30/2024 12:30:00 PM - 1:30:00 PM","45321.3333333333","132,961 MB","139419403605.3333","34,559 MB","36237559125.3333","49 %","49.0000","98,402 MB","103181844480.0000","96 %","96.0000","0 %","0.0000","100 %","0000010000"
"1/30/2024 1:30:00 PM - 2:30:00 PM","45321.3750000000","132,915 MB","139371786922.6667","34,513 MB","36189942442.6667","49 %","48.8333","98,402 MB","103181844480.0000","96 %","96.0000","0 %","0.0000","100 %","0000010000"
"1/30/2024 2:30:00 PM - 3:30:00 PM","45321.4166666667","132,872 MB","139326200490.6667","34,470 MB","36144356010.6667","48 %","48.0000","98,402 MB","103181844480.0000","96 %","96.0000","0 %","0.0000","100 %","0000010000"
"1/30/2024 3:30:00 PM - 4:30:00 PM","45321.4583333333","132,829 MB","139281803264.0000","34,428 MB","36099958784.0000","48 %","48.0000","98,402 MB","103181844480.0000","96 %","96.0000","0 %","0.0000","100 %","0000010000"
"1/30/2024 4:30:00 PM - 5:30:00 PM","45321.5000000000","132,786 MB","139236434602.6667","34,384 MB","36054590122.6667","48 %","48.0000","98,402 MB","103181844480.0000","96 %","96.0000","0 %","0.0000","100 %","0000010000"
"1/30/2024 5:30:00 PM - 6:30:00 PM","45321.5416666667","132,744 MB","139191698090.6667","34,342 MB","36009853610.6667","48 %","48.0000","98,402 MB","103181844480.0000","96 %","96.0000","0 %","0.0000","100 %","0000010000"
"1/30/2024 6:30:00 PM - 7:30:00 PM","45321.5833333333","132,702 MB","139147690666.6667","34,300 MB","35965846186.6667","48 %","48.0000","98,402 MB","103181844480.0000","96 %","96.0000","0 %","0.0000","100 %","0000010000"
"1/30/2024 7:30:00 PM - 8:30:00 PM","45321.6250000000","132,666 MB","139109945344.0000","34,264 MB","35928100864.0000","48 %","48.0000","98,402 MB","103181844480.0000","96 %","96.0000","0 %","0.0000","100 %","0000010000"
"1/30/2024 8:30:00 PM - 9:30:00 PM","45321.6666666667","132,605 MB","139045991765.3333","34,203 MB","35864147285.3333","48 %","48.0000","98,402 MB","103181844480.0000","96 %","96.0000","0 %","0.0000","100 %","0000010000"
"1/30/2024 9:30:00 PM - 10:30:00 PM","45321.7083333333","132,582 MB","139022082048.0000","34,180 MB","35840237568.0000","48 %","48.0000","98,402 MB","103181844480.0000","96 %","96.0000","0 %","0.0000","100 %","0000010000"
"1/30/2024 10:30:00 PM - 11:30:00 PM","45321.7500000000","132,541 MB","138979134122.6667","34,139 MB","35797289642.6667","48 %","48.0000","98,402 MB","103181844480.0000","96 %","96.0000","0 %","0.0000","100 %","0000010000"
"1/30/2024 11:30:00 PM - 12:30:00 AM","45321.7916666667","133,128 MB","139595224210.2857","34,727 MB","36413379730.2857","49 %","48.5714","98,402 MB","103181844480.0000","96 %","96.0000","0 %","0.0000","100 %","0000010000"
"1/31/2024 12:30:00 AM - 1:30:00 AM","45321.8333333333","133,568 MB","140056317952.0000","35,166 MB","36874473472.0000","49 %","49.0000","98,402 MB","103181844480.0000","96 %","96.0000","0 %","0.0000","100 %","0000010000"
"1/31/2024 1:30:00 AM - 2:30:00 AM","45321.8750000000","133,528 MB","140014684160.0000","35,127 MB","36832839680.0000","49 %","49.0000","98,402 MB","103181844480.0000","96 %","96.0000","0 %","0.0000","100 %","0000010000"
"1/31/2024 2:30:00 AM - 3:30:00 AM","45321.9166666667","133,484 MB","139967887360.0000","35,082 MB","36786042880.0000","49 %","49.0000","98,402 MB","103181844480.0000","96 %","96.0000","0 %","0.0000","100 %","0000010000"
"1/31/2024 3:30:00 AM - 4:30:00 AM","45321.9583333333","133,434 MB","139915416234.6667","35,032 MB","36733571754.6667","49 %","49.0000","98,402 MB","103181844480.0000","96 %","96.0000","0 %","0.0000","100 %","0000010000"
"1/31/2024 4:30:00 AM - 5:30:00 AM","45322.0000000000","133,402 MB","139882150570.6667","35,000 MB","36700306090.6667","49 %","49.0000","98,402 MB","103181844480.0000","96 %","96.0000","0 %","0.0000","100 %","0000010000"
"1/31/2024 5:30:00 AM - 6:30:00 AM","45322.0416666667","133,364 MB","139842310826.6667","34,962 MB","36660466346.6667","49 %","49.0000","98,402 MB","103181844480.0000","96 %","96.0000","0 %","0.0000","100 %","0000010000"
"1/31/2024 6:30:00 AM - 7:30:00 AM","45322.0833333333","133,325 MB","139801361749.3333","34,923 MB","36619517269.3333","49 %","49.0000","98,402 MB","103181844480.0000","96 %","96.0000","0 %","0.0000","100 %","0000010000"
"1/31/2024 7:30:00 AM - 8:30:00 AM","45322.1250000000","133,284 MB","139758826154.6667","34,883 MB","36576981674.6667","49 %","49.0000","98,402 MB","103181844480.0000","96 %","96.0000","0 %","0.0000","100 %","0000010000"
"1/31/2024 8:30:00 AM - 9:30:00 AM","45322.1666666667","133,245 MB","139717181440.0000","34,843 MB","36535336960.0000","49 %","49.0000","98,402 MB","103181844480.0000","96 %","96.0000","0 %","0.0000","100 %","0000010000"
"1/31/2024 9:30:00 AM - 10:30:00 AM","45322.2083333333","133,205 MB","139675317589.3333","34,803 MB","36493473109.3333","49 %","49.0000","98,402 MB","103181844480.0000","96 %","96.0000","0 %","0.0000","100 %","0000010000"
"1/31/2024 10:30:00 AM - 11:30:00 AM","45322.2500000000","133,164 MB","139632942421.3333","34,762 MB","36451097941.3333","49 %","49.0000","98,402 MB","103181844480.0000","96 %","96.0000","0 %","0.0000","100 %","0000010000"
"1/31/2024 11:30:00 AM - 12:30:00 PM","45322.2916666667","133,123 MB","139589445632.0000","34,721 MB","36407601152.0000","49 %","49.0000","98,402 MB","103181844480.0000","96 %","96.0000","0 %","0.0000","100 %","0000010000"
"1/31/2024 12:30:00 PM - 1:30:00 PM","45322.3333333333","133,082 MB","139546601472.0000","34,680 MB","36364756992.0000","49 %","49.0000","98,402 MB","103181844480.0000","96 %","96.0000","0 %","0.0000","100 %","0000010000"
"1/31/2024 1:30:00 PM - 2:30:00 PM","45322.3750000000","133,041 MB","139503560704.0000","34,639 MB","36321716224.0000","49 %","49.0000","98,402 MB","103181844480.0000","96 %","96.0000","0 %","0.0000","100 %","0000010000"
"1/31/2024 2:30:00 PM - 3:30:00 PM","45322.4166666667","132,999 MB","139460043434.6667","34,598 MB","36278198954.6667","49 %","49.0000","98,402 MB","103181844480.0000","96 %","96.0000","0 %","0.0000","100 %","0000010000"
"1/31/2024 3:30:00 PM - 4:30:00 PM","45322.4583333333","132,962 MB","139420493141.3333","34,560 MB","36238648661.3333","49 %","49.0000","98,402 MB","103181844480.0000","96 %","96.0000","0 %","0.0000","100 %","0000010000"
"1/31/2024 4:30:00 PM - 5:30:00 PM","45322.5000000000","132,929 MB","139385802752.0000","34,527 MB","36203958272.0000","49 %","49.0000","98,402 MB","103181844480.0000","96 %","96.0000","0 %","0.0000","100 %","0000010000"
"1/31/2024 5:30:00 PM - 6:30:00 PM","45322.5416666667","132,888 MB","139342921045.3333","34,486 MB","36161076565.3333","48 %","48.3333","98,402 MB","103181844480.0000","96 %","96.0000","0 %","0.0000","100 %","0000010000"
"1/31/2024 6:30:00 PM - 7:30:00 PM","45322.5833333333","132,848 MB","139301707093.3333","34,447 MB","36119862613.3333","48 %","48.0000","98,402 MB","103181844480.0000","96 %","96.0000","0 %","0.0000","100 %","0000010000"
"1/31/2024 7:30:00 PM - 8:30:00 PM","45322.6250000000","132,808 MB","139259110058.6667","34,406 MB","36077265578.6667","48 %","48.0000","98,402 MB","103181844480.0000","96 %","96.0000","0 %","0.0000","100 %","0000010000"
"1/31/2024 8:30:00 PM - 9:30:00 PM","45322.6666666667","132,767 MB","139215845376.0000","34,365 MB","36034000896.0000","48 %","48.0000","98,402 MB","103181844480.0000","96 %","96.0000","0 %","0.0000","100 %","0000010000"
"1/31/2024 9:30:00 PM - 10:30:00 PM","45322.7083333333","132,723 MB","139170208426.6667","34,321 MB","35988363946.6667","48 %","48.0000","98,402 MB","103181844480.0000","96 %","96.0000","0 %","0.0000","100 %","0000010000"
"1/31/2024 10:30:00 PM - 11:30:00 PM","45322.7500000000","132,683 MB","139127727445.3333","34,281 MB","35945882965.3333","48 %","48.0000","98,402 MB","103181844480.0000","96 %","96.0000","0 %","0.0000","100 %","0000010000"
"1/31/2024 11:30:00 PM - 12:30:00 AM","45322.7916666667","133,177 MB","139646008661.3333","34,775 MB","36464164181.3333","49 %","49.0000","98,402 MB","103181844480.0000","96 %","96.0000","0 %","0.0000","100 %","0000010000"
"2/1/2024 12:30:00 AM - 1:30:00 AM","45322.8333333333","133,673 MB","140166305109.3333","35,271 MB","36984460629.3333","50 %","50.0000","98,402 MB","103181844480.0000","96 %","96.0000","0 %","0.0000","100 %","0000010000"
"2/1/2024 1:30:00 AM - 2:30:00 AM","45322.8750000000","133,632 MB","140123527850.6667","35,230 MB","36941683370.6667","50 %","50.0000","98,402 MB","103181844480.0000","96 %","96.0000","0 %","0.0000","100 %","0000010000"
"2/1/2024 2:30:00 AM - 3:30:00 AM","45322.9166666667","133,591 MB","140080805888.0000","35,190 MB","36898961408.0000","49 %","49.0000","98,402 MB","103181844480.0000","96 %","96.0000","0 %","0.0000","100 %","0000010000"
"2/1/2024 3:30:00 AM - 4:30:00 AM","45322.9583333333","133,552 MB","140039823360.0000","35,151 MB","36857978880.0000","49 %","49.0000","98,402 MB","103181844480.0000","96 %","96.0000","0 %","0.0000","100 %","0000010000"
"2/1/2024 4:30:00 AM - 5:30:00 AM","45323.0000000000","133,514 MB","139999497557.3333","35,112 MB","36817653077.3333","49 %","49.0000","98,402 MB","103181844480.0000","96 %","96.0000","0 %","0.0000","100 %","0000010000"
"Averages (of 1493 values)",,"135,228 MB",,"36,826 MB",,"52 %",,"98,402 MB",,"96 %",,"0 %",,"100 %",