"Date Time","Date Time(RAW)","Percent Available Memory","Percent Available Memory(RAW)","Available Memory","Available Memory(RAW)","Downtime","Downtime(RAW)","Coverage","Coverage(RAW)"
"12/1/2023 12:30:00 AM - 1:30:00 AM","45260.8333333333","55 %","55.0000","4,512 MB","4730880682.6667","0 %","0.0000","100 %","0000010000"
"12/1/2023 1:30:00 AM - 2:30:00 AM","45260.8750000000","55 %","55.0000","4,511 MB","4730040320.0000","0 %","0.0000","100 %","0000010000"
"12/1/2023 2:30:00 AM - 3:30:00 AM","45260.9166666667","55 %","55.0000","4,509 MB","4728297062.4000","0 %","0.0000","100 %","0000010000"
"12/1/2023 3:30:00 AM - 4:30:00 AM","45260.9583333333","55 %","55.0000","4,494 MB","4712302299.4286","0 %","0.0000","100 %","0000010000"
"12/1/2023 4:30:00 AM - 5:30:00 AM","45261.0000000000","55 %","55.0000","4,510 MB","4728999253.3333","0 %","0.0000","100 %","0000010000"
"12/1/2023 5:30:00 AM - 6:30:00 AM","45261.0416666667","55 %","55.0000","4,505 MB","4723461324.8000","0 %","0.0000","100 %","0000010000"
"12/1/2023 6:30:00 AM - 7:30:00 AM","45261.0833333333","55 %","55.0000","4,500 MB","4718759936.0000","0 %","0.0000","100 %","0000010000"
"12/1/2023 7:30:00 AM - 8:30:00 AM","45261.1250000000","56 %","55.5000","4,541 MB","4762041002.6667","0 %","0.0000","100 %","0000010000"
"12/1/2023 8:30:00 AM - 9:30:00 AM","45261.1666666667","57 %","57.0000","4,648 MB","4873713664.0000","0 %","0.0000","100 %","0000010000"
"12/1/2023 9:30:00 AM - 10:30:00 AM","45261.2083333333","56 %","56.5000","4,622 MB","4846208341.3333","0 %","0.0000","100 %","0000010000"
"12/1/2023 10:30:00 AM - 11:30:00 AM","45261.2500000000","56 %","56.3333","4,610 MB","4833878698.6667","0 %","0.0000","100 %","0000010000"
"12/1/2023 11:30:00 AM - 12:30:00 PM","45261.2916666667","57 %","57.0000","4,637 MB","4862366378.6667","0 %","0.0000","100 %","0000010000"
"12/1/2023 12:30:00 PM - 1:30:00 PM","45261.3333333333","57 %","56.6667","4,638 MB","4863358293.3333","0 %","0.0000","100 %","0000010000"
"12/1/2023 1:30:00 PM - 2:30:00 PM","45261.3750000000","56 %","56.5000","4,621 MB","4845045760.0000","0 %","0.0000","100 %","0000010000"
"12/1/2023 2:30:00 PM - 3:30:00 PM","45261.4166666667","56 %","56.5000","4,627 MB","4851847850.6667","0 %","0.0000","100 %","0000010000"
"12/1/2023 3:30:00 PM - 4:30:00 PM","45261.4583333333","59 %","59.0000","4,817 MB","5051370837.3333","0 %","0.0000","100 %","0000010000"
"12/1/2023 4:30:00 PM - 5:30:00 PM","45261.5000000000","59 %","59.0000","4,811 MB","5044733952.0000","0 %","0.0000","100 %","0000010000"
"12/1/2023 5:30:00 PM - 6:30:00 PM","45261.5416666667","59 %","58.6667","4,812 MB","5045620736.0000","0 %","0.0000","100 %","0000010000"
"12/1/2023 6:30:00 PM - 7:30:00 PM","45261.5833333333","59 %","58.8333","4,829 MB","5063213738.6667","0 %","0.0000","100 %","0000010000"
"12/1/2023 7:30:00 PM - 8:30:00 PM","45261.6250000000","59 %","58.8000","4,841 MB","5076529971.2000","0 %","0.0000","100 %","0000010000"
"12/1/2023 8:30:00 PM - 9:30:00 PM","45261.6666666667","57 %","56.8333","4,659 MB","4885753173.3333","0 %","0.0000","100 %","0000010000"
"12/1/2023 9:30:00 PM - 10:30:00 PM","45261.7083333333","54 %","53.6667","4,398 MB","4612003840.0000","0 %","0.0000","100 %","0000010000"
"12/1/2023 10:30:00 PM - 11:30:00 PM","45261.7500000000","51 %","50.8333","4,170 MB","4372801536.0000","0 %","0.0000","100 %","0000010000"
"12/1/2023 11:30:00 PM - 12:30:00 AM","45261.7916666667","49 %","49.0000","4,007 MB","4202087082.6667","0 %","0.0000","100 %","0000010000"
"12/2/2023 12:30:00 AM - 1:30:00 AM","45261.8333333333","49 %","48.6667","4,017 MB","4211747498.6667","0 %","0.0000","100 %","0000010000"
"12/2/2023 1:30:00 AM - 2:30:00 AM","45261.8750000000","47 %","47.0000","3,863 MB","4050789717.3333","0 %","0.0000","100 %","0000010000"
"12/2/2023 2:30:00 AM - 3:30:00 AM","45261.9166666667","48 %","48.5000","3,972 MB","4164743168.0000","0 %","0.0000","100 %","0000010000"
"12/2/2023 3:30:00 AM - 4:30:00 AM","45261.9583333333","49 %","48.6667","3,981 MB","4174495744.0000","0 %","0.0000","100 %","0000010000"
"12/2/2023 4:30:00 AM - 5:30:00 AM","45262.0000000000","48 %","48.1667","3,954 MB","4145782784.0000","0 %","0.0000","100 %","0000010000"
"12/2/2023 5:30:00 AM - 6:30:00 AM","45262.0416666667","48 %","48.1667","3,950 MB","4141703850.6667","0 %","0.0000","100 %","0000010000"
"12/2/2023 6:30:00 AM - 7:30:00 AM","45262.0833333333","48 %","48.0000","3,954 MB","4146064822.8571","0 %","0.0000","100 %","0000010000"
"12/2/2023 7:30:00 AM - 8:30:00 AM","45262.1250000000","48 %","48.0000","3,945 MB","4136665088.0000","0 %","0.0000","100 %","0000010000"
"12/2/2023 8:30:00 AM - 9:30:00 AM","45262.1666666667","48 %","48.3333","3,969 MB","4161398784.0000","0 %","0.0000","100 %","0000010000"
"12/2/2023 9:30:00 AM - 10:30:00 AM","45262.2083333333","49 %","49.0000","4,030 MB","4226222762.6667","0 %","0.0000","100 %","0000010000"
"12/2/2023 10:30:00 AM - 11:30:00 AM","45262.2500000000","49 %","49.0000","4,026 MB","4221457066.6667","0 %","0.0000","100 %","0000010000"
"12/2/2023 11:30:00 AM - 12:30:00 PM","45262.2916666667","49 %","49.0000","4,025 MB","4220270592.0000","0 %","0.0000","100 %","0000010000"
"12/2/2023 12:30:00 PM - 1:30:00 PM","45262.3333333333","49 %","49.0000","4,029 MB","4224507904.0000","0 %","0.0000","100 %","0000010000"
"12/2/2023 1:30:00 PM - 2:30:00 PM","45262.3750000000","49 %","49.0000","4,025 MB","4220768938.6667","0 %","0.0000","100 %","0000010000"
"12/2/2023 2:30:00 PM - 3:30:00 PM","45262.4166666667","49 %","49.3333","4,050 MB","4246497280.0000","0 %","0.0000","100 %","0000010000"
"12/2/2023 3:30:00 PM - 4:30:00 PM","45262.4583333333","50 %","50.0000","4,103 MB","4302133930.6667","0 %","0.0000","100 %","0000010000"
"12/2/2023 4:30:00 PM - 5:30:00 PM","45262.5000000000","50 %","50.0000","4,093 MB","4291927381.3333","0 %","0.0000","100 %","0000010000"
"12/2/2023 5:30:00 PM - 6:30:00 PM","45262.5416666667","50 %","50.0000","4,092 MB","4290824192.0000","0 %","0.0000","100 %","0000010000"
"12/2/2023 6:30:00 PM - 7:30:00 PM","45262.5833333333","50 %","50.0000","4,091 MB","4289396053.3333","0 %","0.0000","100 %","0000010000"
"12/2/2023 7:30:00 PM - 8:30:00 PM","45262.6250000000","50 %","50.0000","4,087 MB","4285414058.6667","0 %","0.0000","100 %","0000010000"
"12/2/2023 8:30:00 PM - 9:30:00 PM","45262.6666666667","51 %","50.6667","4,141 MB","4342584661.3333","0 %","0.0000","100 %","0000010000"
"12/2/2023 9:30:00 PM - 10:30:00 PM","45262.7083333333","51 %","51.0000","4,176 MB","4379016533.3333","0 %","0.0000","100 %","0000010000"
"12/2/2023 10:30:00 PM - 11:30:00 PM","45262.7500000000","51 %","51.0000","4,172 MB","4374135466.6667","0 %","0.0000","100 %","0000010000"
"12/2/2023 11:30:00 PM - 12:30:00 AM","45262.7916666667","51 %","51.0000","4,163 MB","4365619882.6667","0 %","0.0000","100 %","0000010000"
"12/3/2023 12:30:00 AM - 1:30:00 AM","45262.8333333333","51 %","51.0000","4,167 MB","4369218901.3333","0 %","0.0000","100 %","0000010000"
"12/3/2023 1:30:00 AM - 2:30:00 AM","45262.8750000000","52 %","51.6667","4,227 MB","4432529408.0000","0 %","0.0000","100 %","0000010000"
"12/3/2023 2:30:00 AM - 3:30:00 AM","45262.9166666667","52 %","52.0000","4,256 MB","4462732629.3333","0 %","0.0000","100 %","0000010000"
"12/3/2023 3:30:00 AM - 4:30:00 AM","45262.9583333333","52 %","52.0000","4,255 MB","4461671082.6667","0 %","0.0000","100 %","0000010000"
"12/3/2023 4:30:00 AM - 5:30:00 AM","45263.0000000000","52 %","52.0000","4,257 MB","4463621461.3333","0 %","0.0000","100 %","0000010000"
"12/3/2023 5:30:00 AM - 6:30:00 AM","45263.0416666667","52 %","52.0000","4,264 MB","4471216810.6667","0 %","0.0000","100 %","0000010000"
"12/3/2023 6:30:00 AM - 7:30:00 AM","45263.0833333333","52 %","52.0000","4,250 MB","4456415232.0000","0 %","0.0000","100 %","0000010000"
"12/3/2023 7:30:00 AM - 8:30:00 AM","45263.1250000000","52 %","52.0000","4,256 MB","4462982485.3333","0 %","0.0000","100 %","0000010000"
"12/3/2023 8:30:00 AM - 9:30:00 AM","45263.1666666667","52 %","52.0000","4,255 MB","4462068394.6667","0 %","0.0000","100 %","0000010000"
"12/3/2023 9:30:00 AM - 10:30:00 AM","45263.2083333333","53 %","52.6667","4,312 MB","4520963413.3333","0 %","0.0000","100 %","0000010000"
"12/3/2023 10:30:00 AM - 11:30:00 AM","45263.2500000000","54 %","53.8333","4,409 MB","4622909440.0000","0 %","0.0000","100 %","0000010000"
"12/3/2023 11:30:00 AM - 12:30:00 PM","45263.2916666667","54 %","53.8333","4,406 MB","4619593728.0000","0 %","0.0000","100 %","0000010000"
"12/3/2023 12:30:00 PM - 1:30:00 PM","45263.3333333333","54 %","53.8333","4,402 MB","4615675221.3333","0 %","0.0000","100 %","0000010000"
"12/3/2023 1:30:00 PM - 2:30:00 PM","45263.3750000000","54 %","53.8333","4,400 MB","4613381461.3333","0 %","0.0000","100 %","0000010000"
"12/3/2023 2:30:00 PM - 3:30:00 PM","45263.4166666667","54 %","54.1667","4,415 MB","4629446656.0000","0 %","0.0000","100 %","0000010000"
"12/3/2023 3:30:00 PM - 4:30:00 PM","45263.4583333333","55 %","55.0000","4,498 MB","4716217685.3333","0 %","0.0000","100 %","0000010000"
"12/3/2023 4:30:00 PM - 5:30:00 PM","45263.5000000000","55 %","55.0000","4,492 MB","4709728256.0000","0 %","0.0000","100 %","0000010000"
"12/3/2023 5:30:00 PM - 6:30:00 PM","45263.5416666667","55 %","54.8333","4,483 MB","4701092522.6667","0 %","0.0000","100 %","0000010000"
"12/3/2023 6:30:00 PM - 7:30:00 PM","45263.5833333333","54 %","54.3333","4,454 MB","4670089898.6667","0 %","0.0000","100 %","0000010000"
"12/3/2023 7:30:00 PM - 8:30:00 PM","45263.6250000000","54 %","54.5000","4,457 MB","4673318229.3333","0 %","0.0000","100 %","0000010000"
"12/3/2023 8:30:00 PM - 9:30:00 PM","45263.6666666667","54 %","54.3333","4,459 MB","4675602432.0000","0 %","0.0000","100 %","0000010000"
"12/3/2023 9:30:00 PM - 10:30:00 PM","45263.7083333333","54 %","54.0000","4,456 MB","4672436906.6667","0 %","0.0000","100 %","0000010000"
"12/3/2023 10:30:00 PM - 11:30:00 PM","45263.7500000000","54 %","54.1667","4,450 MB","4666048512.0000","0 %","0.0000","100 %","0000010000"
"12/3/2023 11:30:00 PM - 12:30:00 AM","45263.7916666667","55 %","54.8333","4,509 MB","4728457898.6667","0 %","0.0000","100 %","0000010000"
"12/4/2023 12:30:00 AM - 1:30:00 AM","45263.8333333333","57 %","57.0000","4,651 MB","4877428053.3333","0 %","0.0000","100 %","0000010000"
"12/4/2023 1:30:00 AM - 2:30:00 AM","45263.8750000000","57 %","57.0000","4,650 MB","4875896832.0000","0 %","0.0000","100 %","0000010000"
"12/4/2023 2:30:00 AM - 3:30:00 AM","45263.9166666667","57 %","56.8333","4,636 MB","4861050880.0000","0 %","0.0000","100 %","0000010000"
"12/4/2023 3:30:00 AM - 4:30:00 AM","45263.9583333333","56 %","56.5000","4,630 MB","4854495914.6667","0 %","0.0000","100 %","0000010000"
"12/4/2023 4:30:00 AM - 5:30:00 AM","45264.0000000000","56 %","56.4000","4,628 MB","4852411596.8000","0 %","0.0000","100 %","0000010000"
"12/4/2023 5:30:00 AM - 6:30:00 AM","45264.0416666667","57 %","56.6667","4,631 MB","4855620266.6667","0 %","0.0000","100 %","0000010000"
"12/4/2023 6:30:00 AM - 7:30:00 AM","45264.0833333333","56 %","56.3333","4,623 MB","4847550464.0000","0 %","0.0000","100 %","0000010000"
"12/4/2023 7:30:00 AM - 8:30:00 AM","45264.1250000000","57 %","56.6667","4,647 MB","4872417962.6667","0 %","0.0000","100 %","0000010000"
"12/4/2023 8:30:00 AM - 9:30:00 AM","45264.1666666667","58 %","58.0000","4,758 MB","4989000362.6667","0 %","0.0000","100 %","0000010000"
"12/4/2023 9:30:00 AM - 10:30:00 AM","45264.2083333333","58 %","57.8333","4,749 MB","4979226624.0000","0 %","0.0000","100 %","0000010000"
"12/4/2023 10:30:00 AM - 11:30:00 AM","45264.2500000000","58 %","57.8333","4,750 MB","4981060949.3333","0 %","0.0000","100 %","0000010000"
"12/4/2023 11:30:00 AM - 12:30:00 PM","45264.2916666667","58 %","57.6667","4,718 MB","4947583658.6667","0 %","0.0000","100 %","0000010000"
"12/4/2023 12:30:00 PM - 1:30:00 PM","45264.3333333333","57 %","57.3333","4,726 MB","4955930624.0000","0 %","0.0000","100 %","0000010000"
"12/4/2023 1:30:00 PM - 2:30:00 PM","45264.3750000000","58 %","58.0000","4,760 MB","4991222442.6667","0 %","0.0000","100 %","0000010000"
"12/4/2023 2:30:00 PM - 3:30:00 PM","45264.4166666667","58 %","58.0000","4,754 MB","4984436736.0000","0 %","0.0000","100 %","0000010000"
"12/4/2023 3:30:00 PM - 4:30:00 PM","45264.4583333333","61 %","60.8333","4,965 MB","5206127957.3333","0 %","0.0000","100 %","0000010000"
"12/4/2023 4:30:00 PM - 5:30:00 PM","45264.5000000000","60 %","60.3333","4,945 MB","5185101824.0000","0 %","0.0000","100 %","0000010000"
"12/4/2023 5:30:00 PM - 6:30:00 PM","45264.5416666667","60 %","60.3333","4,952 MB","5192602965.3333","0 %","0.0000","100 %","0000010000"
"12/4/2023 6:30:00 PM - 7:30:00 PM","45264.5833333333","61 %","60.6667","4,970 MB","5211931989.3333","0 %","0.0000","100 %","0000010000"
"12/4/2023 7:30:00 PM - 8:30:00 PM","45264.6250000000","61 %","61.1667","4,999 MB","5241794560.0000","0 %","0.0000","100 %","0000010000"
"12/4/2023 8:30:00 PM - 9:30:00 PM","45264.6666666667","62 %","61.6667","5,052 MB","5297626453.3333","0 %","0.0000","100 %","0000010000"
"12/4/2023 9:30:00 PM - 10:30:00 PM","45264.7083333333","62 %","62.0000","5,072 MB","5318798677.3333","0 %","0.0000","100 %","0000010000"
"12/4/2023 10:30:00 PM - 11:30:00 PM","45264.7500000000","62 %","62.0000","5,077 MB","5323191637.3333","0 %","0.0000","100 %","0000010000"
"12/4/2023 11:30:00 PM - 12:30:00 AM","45264.7916666667","63 %","62.8333","5,136 MB","5385450837.3333","0 %","0.0000","100 %","0000010000"
"12/5/2023 12:30:00 AM - 1:30:00 AM","45264.8333333333","63 %","63.0000","5,151 MB","5401200640.0000","0 %","0.0000","100 %","0000010000"
"12/5/2023 1:30:00 AM - 2:30:00 AM","45264.8750000000","63 %","63.0000","5,148 MB","5398308864.0000","0 %","0.0000","100 %","0000010000"
"12/5/2023 2:30:00 AM - 3:30:00 AM","45264.9166666667","63 %","63.0000","5,151 MB","5400750080.0000","0 %","0.0000","100 %","0000010000"
"12/5/2023 3:30:00 AM - 4:30:00 AM","45264.9583333333","63 %","63.0000","5,137 MB","5386764288.0000","0 %","0.0000","100 %","0000010000"
"12/5/2023 4:30:00 AM - 5:30:00 AM","45265.0000000000","63 %","63.0000","5,145 MB","5395447125.3333","0 %","0.0000","100 %","0000010000"
"12/5/2023 5:30:00 AM - 6:30:00 AM","45265.0416666667","63 %","63.0000","5,142 MB","5391962112.0000","0 %","0.0000","100 %","0000010000"
"12/5/2023 6:30:00 AM - 7:30:00 AM","45265.0833333333","63 %","62.8333","5,139 MB","5388515328.0000","0 %","0.0000","100 %","0000010000"
"12/5/2023 7:30:00 AM - 8:30:00 AM","45265.1250000000","63 %","63.0000","5,140 MB","5390168746.6667","0 %","0.0000","100 %","0000010000"
"12/5/2023 8:30:00 AM - 9:30:00 AM","45265.1666666667","63 %","62.8333","5,137 MB","5387024384.0000","0 %","0.0000","100 %","0000010000"
"12/5/2023 9:30:00 AM - 10:30:00 AM","45265.2083333333","63 %","62.8333","5,139 MB","5388470954.6667","0 %","0.0000","100 %","0000010000"
"12/5/2023 10:30:00 AM - 11:30:00 AM","45265.2500000000","63 %","62.6667","5,132 MB","5381281792.0000","0 %","0.0000","100 %","0000010000"
"12/5/2023 11:30:00 AM - 12:30:00 PM","45265.2916666667","62 %","62.3333","5,109 MB","5357262848.0000","0 %","0.0000","100 %","0000010000"
"12/5/2023 12:30:00 PM - 1:30:00 PM","45265.3333333333","62 %","62.3333","5,095 MB","5342541141.3333","0 %","0.0000","100 %","0000010000"
"12/5/2023 1:30:00 PM - 2:30:00 PM","45265.3750000000","63 %","63.0000","5,153 MB","5403161258.6667","0 %","0.0000","100 %","0000010000"
"12/5/2023 2:30:00 PM - 3:30:00 PM","45265.4166666667","63 %","63.0000","5,194 MB","5445975381.3333","0 %","0.0000","100 %","0000010000"
"12/5/2023 3:30:00 PM - 4:30:00 PM","45265.4583333333","63 %","63.1667","5,192 MB","5444590933.3333","0 %","0.0000","100 %","0000010000"
"12/5/2023 4:30:00 PM - 5:30:00 PM","45265.5000000000","63 %","63.3333","5,173 MB","5424213333.3333","0 %","0.0000","100 %","0000010000"
"12/5/2023 5:30:00 PM - 6:30:00 PM","45265.5416666667","63 %","63.0000","5,145 MB","5394882560.0000","0 %","0.0000","100 %","0000010000"
"12/5/2023 6:30:00 PM - 7:30:00 PM","45265.5833333333","63 %","63.0000","5,149 MB","5399300778.6667","0 %","0.0000","100 %","0000010000"
"12/5/2023 7:30:00 PM - 8:30:00 PM","45265.6250000000","63 %","63.1667","5,191 MB","5442814634.6667","0 %","0.0000","100 %","0000010000"
"12/5/2023 8:30:00 PM - 9:30:00 PM","45265.6666666667","63 %","63.0000","5,187 MB","5438988970.6667","0 %","0.0000","100 %","0000010000"
"12/5/2023 9:30:00 PM - 10:30:00 PM","45265.7083333333","63 %","63.0000","5,165 MB","5416080042.6667","0 %","0.0000","100 %","0000010000"
"12/5/2023 10:30:00 PM - 11:30:00 PM","45265.7500000000","63 %","63.0000","5,172 MB","5423277397.3333","0 %","0.0000","100 %","0000010000"
"12/5/2023 11:30:00 PM - 12:30:00 AM","45265.7916666667","63 %","63.1667","5,176 MB","5426966528.0000","0 %","0.0000","100 %","0000010000"
"12/6/2023 12:30:00 AM - 1:30:00 AM","45265.8333333333","63 %","63.0000","5,189 MB","5440593920.0000","0 %","0.0000","100 %","0000010000"
"12/6/2023 1:30:00 AM - 2:30:00 AM","45265.8750000000","63 %","63.1667","5,190 MB","5442143573.3333","0 %","0.0000","100 %","0000010000"
"12/6/2023 2:30:00 AM - 3:30:00 AM","45265.9166666667","63 %","63.0000","5,179 MB","5431044778.6667","0 %","0.0000","100 %","0000010000"
"12/6/2023 3:30:00 AM - 4:30:00 AM","45265.9583333333","63 %","63.0000","5,154 MB","5404416000.0000","0 %","0.0000","100 %","0000010000"
"12/6/2023 4:30:00 AM - 5:30:00 AM","45266.0000000000","63 %","63.0000","5,168 MB","5418869418.6667","0 %","0.0000","100 %","0000010000"
"12/6/2023 5:30:00 AM - 6:30:00 AM","45266.0416666667","63 %","63.0000","5,161 MB","5411190784.0000","0 %","0.0000","100 %","0000010000"
"12/6/2023 6:30:00 AM - 7:30:00 AM","45266.0833333333","63 %","63.0000","5,149 MB","5398880938.6667","0 %","0.0000","100 %","0000010000"
"12/6/2023 7:30:00 AM - 8:30:00 AM","45266.1250000000","63 %","63.0000","5,152 MB","5402084010.6667","0 %","0.0000","100 %","0000010000"
"12/6/2023 8:30:00 AM - 9:30:00 AM","45266.1666666667","63 %","63.0000","5,152 MB","5402286080.0000","0 %","0.0000","100 %","0000010000"
"12/6/2023 9:30:00 AM - 10:30:00 AM","45266.2083333333","63 %","63.0000","5,167 MB","5418456405.3333","0 %","0.0000","100 %","0000010000"
"12/6/2023 10:30:00 AM - 11:30:00 AM","45266.2500000000","63 %","62.8333","5,152 MB","5402283349.3333","0 %","0.0000","100 %","0000010000"
"12/6/2023 11:30:00 AM - 12:30:00 PM","45266.2916666667","62 %","62.1667","5,113 MB","5361139029.3333","0 %","0.0000","100 %","0000010000"
"12/6/2023 12:30:00 PM - 1:30:00 PM","45266.3333333333","62 %","62.5000","5,133 MB","5382287360.0000","0 %","0.0000","100 %","0000010000"
"12/6/2023 1:30:00 PM - 2:30:00 PM","45266.3750000000","63 %","62.6667","5,128 MB","5376957781.3333","0 %","0.0000","100 %","0000010000"
"12/6/2023 2:30:00 PM - 3:30:00 PM","45266.4166666667","64 %","63.5000","5,185 MB","5437329408.0000","0 %","0.0000","100 %","0000010000"
"12/6/2023 3:30:00 PM - 4:30:00 PM","45266.4583333333","64 %","63.5000","5,186 MB","5438250325.3333","0 %","0.0000","100 %","0000010000"
"12/6/2023 4:30:00 PM - 5:30:00 PM","45266.5000000000","63 %","63.3333","5,174 MB","5425006592.0000","0 %","0.0000","100 %","0000010000"
"12/6/2023 5:30:00 PM - 6:30:00 PM","45266.5416666667","63 %","63.3333","5,181 MB","5432296789.3333","0 %","0.0000","100 %","0000010000"
"12/6/2023 6:30:00 PM - 7:30:00 PM","45266.5833333333","63 %","63.1667","5,176 MB","5427631445.3333","0 %","0.0000","100 %","0000010000"
"12/6/2023 7:30:00 PM - 8:30:00 PM","45266.6250000000","64 %","63.5000","5,202 MB","5455164757.3333","0 %","0.0000","100 %","0000010000"
"12/6/2023 8:30:00 PM - 9:30:00 PM","45266.6666666667","63 %","63.1667","5,175 MB","5426278400.0000","0 %","0.0000","100 %","0000010000"
"12/6/2023 9:30:00 PM - 10:30:00 PM","45266.7083333333","64 %","63.5000","5,199 MB","5452012202.6667","0 %","0.0000","100 %","0000010000"
"12/6/2023 10:30:00 PM - 11:30:00 PM","45266.7500000000","64 %","63.5000","5,207 MB","5459475797.3333","0 %","0.0000","100 %","0000010000"
"12/6/2023 11:30:00 PM - 12:30:00 AM","45266.7916666667","64 %","63.6667","5,202 MB","5454521002.6667","0 %","0.0000","100 %","0000010000"
"12/7/2023 12:30:00 AM - 1:30:00 AM","45266.8333333333","64 %","63.6667","5,207 MB","5460354389.3333","0 %","0.0000","100 %","0000010000"
"12/7/2023 1:30:00 AM - 2:30:00 AM","45266.8750000000","64 %","63.8333","5,215 MB","5468250794.6667","0 %","0.0000","100 %","0000010000"
"12/7/2023 2:30:00 AM - 3:30:00 AM","45266.9166666667","64 %","63.6667","5,206 MB","5459264170.6667","0 %","0.0000","100 %","0000010000"
"12/7/2023 3:30:00 AM - 4:30:00 AM","45266.9583333333","63 %","63.3333","5,194 MB","5446048426.6667","0 %","0.0000","100 %","0000010000"
"12/7/2023 4:30:00 AM - 5:30:00 AM","45267.0000000000","64 %","63.8333","5,204 MB","5456571050.6667","0 %","0.0000","100 %","0000010000"
"12/7/2023 5:30:00 AM - 6:30:00 AM","45267.0416666667","63 %","63.1667","5,187 MB","5439462058.6667","0 %","0.0000","100 %","0000010000"
"12/7/2023 6:30:00 AM - 7:30:00 AM","45267.0833333333","63 %","63.3333","5,199 MB","5451246250.6667","0 %","0.0000","100 %","0000010000"
"12/7/2023 7:30:00 AM - 8:30:00 AM","45267.1250000000","63 %","63.1667","5,199 MB","5451291306.6667","0 %","0.0000","100 %","0000010000"
"12/7/2023 8:30:00 AM - 9:30:00 AM","45267.1666666667","63 %","63.3333","5,196 MB","5448308736.0000","0 %","0.0000","100 %","0000010000"
"12/7/2023 9:30:00 AM - 10:30:00 AM","45267.2083333333","63 %","63.3333","5,201 MB","5453309269.3333","0 %","0.0000","100 %","0000010000"
"12/7/2023 10:30:00 AM - 11:30:00 AM","45267.2500000000","63 %","63.3333","5,201 MB","5454013098.6667","0 %","0.0000","100 %","0000010000"
"12/7/2023 11:30:00 AM - 12:30:00 PM","45267.2916666667","63 %","63.1667","5,178 MB","5429856256.0000","0 %","0.0000","100 %","0000010000"
"12/7/2023 12:30:00 PM - 1:30:00 PM","45267.3333333333","63 %","63.1667","5,166 MB","5416564053.3333","0 %","0.0000","100 %","0000010000"
"12/7/2023 1:30:00 PM - 2:30:00 PM","45267.3750000000","64 %","63.5000","5,210 MB","5462975146.6667","0 %","0.0000","100 %","0000010000"
"12/7/2023 2:30:00 PM - 3:30:00 PM","45267.4166666667","64 %","63.8333","5,237 MB","5490881877.3333","0 %","0.0000","100 %","0000010000"
"12/7/2023 3:30:00 PM - 4:30:00 PM","45267.4583333333","64 %","64.0000","5,228 MB","5482473472.0000","0 %","0.0000","100 %","0000010000"
"12/7/2023 4:30:00 PM - 5:30:00 PM","45267.5000000000","64 %","64.0000","5,253 MB","5508567722.6667","0 %","0.0000","100 %","0000010000"
"12/7/2023 5:30:00 PM - 6:30:00 PM","45267.5416666667","63 %","63.1667","5,195 MB","5447707989.3333","0 %","0.0000","100 %","0000010000"
"12/7/2023 6:30:00 PM - 7:30:00 PM","45267.5833333333","64 %","63.6667","5,227 MB","5480742229.3333","0 %","0.0000","100 %","0000010000"
"12/7/2023 7:30:00 PM - 8:30:00 PM","45267.6250000000","64 %","64.0000","5,245 MB","5499704661.3333","0 %","0.0000","100 %","0000010000"
"12/7/2023 8:30:00 PM - 9:30:00 PM","45267.6666666667","64 %","63.6667","5,233 MB","5487545002.6667","0 %","0.0000","100 %","0000010000"
"12/7/2023 9:30:00 PM - 10:30:00 PM","45267.7083333333","64 %","63.6667","5,219 MB","5472488789.3333","0 %","0.0000","100 %","0000010000"
"12/7/2023 10:30:00 PM - 11:30:00 PM","45267.7500000000","64 %","64.0000","5,246 MB","5501231786.6667","0 %","0.0000","100 %","0000010000"
"12/7/2023 11:30:00 PM - 12:30:00 AM","45267.7916666667","64 %","64.0000","5,248 MB","5503216981.3333","0 %","0.0000","100 %","0000010000"
"12/8/2023 12:30:00 AM - 1:30:00 AM","45267.8333333333","64 %","64.0000","5,250 MB","5505469098.6667","0 %","0.0000","100 %","0000010000"
"12/8/2023 1:30:00 AM - 2:30:00 AM","45267.8750000000","64 %","64.0000","5,244 MB","5498735957.3333","0 %","0.0000","100 %","0000010000"
"12/8/2023 2:30:00 AM - 3:30:00 AM","45267.9166666667","64 %","64.0000","5,229 MB","5482570410.6667","0 %","0.0000","100 %","0000010000"
"12/8/2023 3:30:00 AM - 4:30:00 AM","45267.9583333333","64 %","63.8333","5,212 MB","5465660757.3333","0 %","0.0000","100 %","0000010000"
"12/8/2023 4:30:00 AM - 5:30:00 AM","45268.0000000000","64 %","63.8333","5,218 MB","5471133696.0000","0 %","0.0000","100 %","0000010000"
"12/8/2023 5:30:00 AM - 6:30:00 AM","45268.0416666667","64 %","63.6667","5,211 MB","5463884458.6667","0 %","0.0000","100 %","0000010000"
"12/8/2023 6:30:00 AM - 7:30:00 AM","45268.0833333333","64 %","63.6667","5,214 MB","5467682816.0000","0 %","0.0000","100 %","0000010000"
"12/8/2023 7:30:00 AM - 8:30:00 AM","45268.1250000000","64 %","63.8333","5,211 MB","5463693312.0000","0 %","0.0000","100 %","0000010000"
"12/8/2023 8:30:00 AM - 9:30:00 AM","45268.1666666667","64 %","63.6667","5,209 MB","5462022144.0000","0 %","0.0000","100 %","0000010000"
"12/8/2023 9:30:00 AM - 10:30:00 AM","45268.2083333333","64 %","63.6667","5,202 MB","5454887594.6667","0 %","0.0000","100 %","0000010000"
"12/8/2023 10:30:00 AM - 11:30:00 AM","45268.2500000000","63 %","63.3333","5,169 MB","5420167168.0000","0 %","0.0000","100 %","0000010000"
"12/8/2023 11:30:00 AM - 12:30:00 PM","45268.2916666667","63 %","63.1667","5,184 MB","5435799552.0000","0 %","0.0000","100 %","0000010000"
"12/8/2023 12:30:00 PM - 1:30:00 PM","45268.3333333333","63 %","63.0000","5,162 MB","5412334933.3333","0 %","0.0000","100 %","0000010000"
"12/8/2023 1:30:00 PM - 2:30:00 PM","45268.3750000000","63 %","63.1667","5,183 MB","5434649258.6667","0 %","0.0000","100 %","0000010000"
"12/8/2023 2:30:00 PM - 3:30:00 PM","45268.4166666667","63 %","63.3333","5,190 MB","5442247338.6667","0 %","0.0000","100 %","0000010000"
"12/8/2023 3:30:00 PM - 4:30:00 PM","45268.4583333333","64 %","63.5000","5,210 MB","5463020202.6667","0 %","0.0000","100 %","0000010000"
"12/8/2023 4:30:00 PM - 5:30:00 PM","45268.5000000000","64 %","64.0000","5,226 MB","5479572138.6667","0 %","0.0000","100 %","0000010000"
"12/8/2023 5:30:00 PM - 6:30:00 PM","45268.5416666667","63 %","63.0000","5,168 MB","5418938368.0000","0 %","0.0000","100 %","0000010000"
"12/8/2023 6:30:00 PM - 7:30:00 PM","45268.5833333333","63 %","63.1667","5,184 MB","5435962709.3333","0 %","0.0000","100 %","0000010000"
"12/8/2023 7:30:00 PM - 8:30:00 PM","45268.6250000000","64 %","63.6667","5,208 MB","5461454848.0000","0 %","0.0000","100 %","0000010000"
"12/8/2023 8:30:00 PM - 9:30:00 PM","45268.6666666667","64 %","64.0000","5,229 MB","5482962944.0000","0 %","0.0000","100 %","0000010000"
"12/8/2023 9:30:00 PM - 10:30:00 PM","45268.7083333333","64 %","63.5000","5,199 MB","5451686570.6667","0 %","0.0000","100 %","0000010000"
"12/8/2023 10:30:00 PM - 11:30:00 PM","45268.7500000000","64 %","63.8333","5,225 MB","5479281322.6667","0 %","0.0000","100 %","0000010000"
"12/8/2023 11:30:00 PM - 12:30:00 AM","45268.7916666667","64 %","64.0000","5,232 MB","5485677909.3333","0 %","0.0000","100 %","0000010000"
"12/9/2023 12:30:00 AM - 1:30:00 AM","45268.8333333333","64 %","64.0000","5,243 MB","5497754282.6667","0 %","0.0000","100 %","0000010000"
"12/9/2023 1:30:00 AM - 2:30:00 AM","45268.8750000000","64 %","64.0000","5,241 MB","5495141717.3333","0 %","0.0000","100 %","0000010000"
"12/9/2023 2:30:00 AM - 3:30:00 AM","45268.9166666667","64 %","64.0000","5,240 MB","5494962858.6667","0 %","0.0000","100 %","0000010000"
"12/9/2023 3:30:00 AM - 4:30:00 AM","45268.9583333333","64 %","63.6667","5,212 MB","5464919381.3333","0 %","0.0000","100 %","0000010000"
"12/9/2023 4:30:00 AM - 5:30:00 AM","45269.0000000000","64 %","63.8333","5,217 MB","5470023680.0000","0 %","0.0000","100 %","0000010000"
"12/9/2023 5:30:00 AM - 6:30:00 AM","45269.0416666667","63 %","63.0000","5,142 MB","5391882240.0000","0 %","0.0000","100 %","0000010000"
"12/9/2023 6:30:00 AM - 7:30:00 AM","45269.0833333333","62 %","62.0000","5,078 MB","5324804778.6667","0 %","0.0000","100 %","0000010000"
"12/9/2023 7:30:00 AM - 8:30:00 AM","45269.1250000000","64 %","64.0000","5,246 MB","5500987392.0000","0 %","0.0000","100 %","0000010000"
"12/9/2023 8:30:00 AM - 9:30:00 AM","45269.1666666667","64 %","64.0000","5,253 MB","5507711658.6667","0 %","0.0000","100 %","0000010000"
"12/9/2023 9:30:00 AM - 10:30:00 AM","45269.2083333333","64 %","64.0000","5,253 MB","5508690602.6667","0 %","0.0000","100 %","0000010000"
"12/9/2023 10:30:00 AM - 11:30:00 AM","45269.2500000000","64 %","64.0000","5,254 MB","5508936362.6667","0 %","0.0000","100 %","0000010000"
"12/9/2023 11:30:00 AM - 12:30:00 PM","45269.2916666667","64 %","64.0000","5,263 MB","5518738773.3333","0 %","0.0000","100 %","0000010000"
"12/9/2023 12:30:00 PM - 1:30:00 PM","45269.3333333333","64 %","64.0000","5,268 MB","5524373504.0000","0 %","0.0000","100 %","0000010000"
"12/9/2023 1:30:00 PM - 2:30:00 PM","45269.3750000000","64 %","64.0000","5,259 MB","5514538325.3333","0 %","0.0000","100 %","0000010000"
"12/9/2023 2:30:00 PM - 3:30:00 PM","45269.4166666667","64 %","64.0000","5,257 MB","5512333994.6667","0 %","0.0000","100 %","0000010000"
"12/9/2023 3:30:00 PM - 4:30:00 PM","45269.4583333333","64 %","64.0000","5,255 MB","5509791061.3333","0 %","0.0000","100 %","0000010000"
"12/9/2023 4:30:00 PM - 5:30:00 PM","45269.5000000000","64 %","64.0000","5,252 MB","5507177813.3333","0 %","0.0000","100 %","0000010000"
"12/9/2023 5:30:00 PM - 6:30:00 PM","45269.5416666667","64 %","63.6667","5,221 MB","5474341546.6667","0 %","0.0000","100 %","0000010000"
"12/9/2023 6:30:00 PM - 7:30:00 PM","45269.5833333333","64 %","63.6667","5,213 MB","5466478592.0000","0 %","0.0000","100 %","0000010000"
"12/9/2023 7:30:00 PM - 8:30:00 PM","45269.6250000000","64 %","64.0000","5,227 MB","5481243989.3333","0 %","0.0000","100 %","0000010000"
"12/9/2023 8:30:00 PM - 9:30:00 PM","45269.6666666667","64 %","64.0000","5,231 MB","5484894208.0000","0 %","0.0000","100 %","0000010000"
"12/9/2023 9:30:00 PM - 10:30:00 PM","45269.7083333333","64 %","63.8333","5,219 MB","5472027989.3333","0 %","0.0000","100 %","0000010000"
"12/9/2023 10:30:00 PM - 11:30:00 PM","45269.7500000000","64 %","63.8333","5,215 MB","5468296533.3333","0 %","0.0000","100 %","0000010000"
"12/9/2023 11:30:00 PM - 12:30:00 AM","45269.7916666667","64 %","63.6667","5,223 MB","5476620288.0000","0 %","0.0000","100 %","0000010000"
"12/10/2023 12:30:00 AM - 1:30:00 AM","45269.8333333333","63 %","63.3333","5,198 MB","5450309632.0000","0 %","0.0000","100 %","0000010000"
"12/10/2023 1:30:00 AM - 2:30:00 AM","45269.8750000000","64 %","63.5000","5,191 MB","5443642709.3333","0 %","0.0000","100 %","0000010000"
"12/10/2023 2:30:00 AM - 3:30:00 AM","45269.9166666667","63 %","63.1667","5,183 MB","5434388480.0000","0 %","0.0000","100 %","0000010000"
"12/10/2023 3:30:00 AM - 4:30:00 AM","45269.9583333333","63 %","63.0000","5,161 MB","5412040021.3333","0 %","0.0000","100 %","0000010000"
"12/10/2023 4:30:00 AM - 5:30:00 AM","45270.0000000000","63 %","63.0000","5,173 MB","5424689834.6667","0 %","0.0000","100 %","0000010000"
"12/10/2023 5:30:00 AM - 6:30:00 AM","45270.0416666667","63 %","63.0000","5,175 MB","5426278400.0000","0 %","0.0000","100 %","0000010000"
"12/10/2023 6:30:00 AM - 7:30:00 AM","45270.0833333333","63 %","63.1667","5,178 MB","5429330602.6667","0 %","0.0000","100 %","0000010000"
"12/10/2023 7:30:00 AM - 8:30:00 AM","45270.1250000000","63 %","63.0000","5,179 MB","5430839296.0000","0 %","0.0000","100 %","0000010000"
"12/10/2023 8:30:00 AM - 9:30:00 AM","45270.1666666667","63 %","63.0000","5,180 MB","5431895381.3333","0 %","0.0000","100 %","0000010000"
"12/10/2023 9:30:00 AM - 10:30:00 AM","45270.2083333333","63 %","63.1667","5,182 MB","5434240341.3333","0 %","0.0000","100 %","0000010000"
"12/10/2023 10:30:00 AM - 11:30:00 AM","45270.2500000000","63 %","63.1667","5,184 MB","5435537408.0000","0 %","0.0000","100 %","0000010000"
"12/10/2023 11:30:00 AM - 12:30:00 PM","45270.2916666667","63 %","63.1667","5,180 MB","5431145130.6667","0 %","0.0000","100 %","0000010000"
"12/10/2023 12:30:00 PM - 1:30:00 PM","45270.3333333333","63 %","63.0000","5,180 MB","5431443456.0000","0 %","0.0000","100 %","0000010000"
"12/10/2023 1:30:00 PM - 2:30:00 PM","45270.3750000000","63 %","63.0000","5,170 MB","5421002752.0000","0 %","0.0000","100 %","0000010000"
"12/10/2023 2:30:00 PM - 3:30:00 PM","45270.4166666667","63 %","63.0000","5,175 MB","5426432000.0000","0 %","0.0000","100 %","0000010000"
"12/10/2023 3:30:00 PM - 4:30:00 PM","45270.4583333333","63 %","63.0000","5,174 MB","5425812138.6667","0 %","0.0000","100 %","0000010000"
"12/10/2023 4:30:00 PM - 5:30:00 PM","45270.5000000000","63 %","63.0000","5,170 MB","5420685312.0000","0 %","0.0000","100 %","0000010000"
"12/10/2023 5:30:00 PM - 6:30:00 PM","45270.5416666667","63 %","63.0000","5,165 MB","5415725056.0000","0 %","0.0000","100 %","0000010000"
"12/10/2023 6:30:00 PM - 7:30:00 PM","45270.5833333333","63 %","63.0000","5,164 MB","5414811648.0000","0 %","0.0000","100 %","0000010000"
"12/10/2023 7:30:00 PM - 8:30:00 PM","45270.6250000000","63 %","63.0000","5,171 MB","5422296405.3333","0 %","0.0000","100 %","0000010000"
"12/10/2023 8:30:00 PM - 9:30:00 PM","45270.6666666667","63 %","63.0000","5,164 MB","5415301802.6667","0 %","0.0000","100 %","0000010000"
"12/10/2023 9:30:00 PM - 10:30:00 PM","45270.7083333333","63 %","63.0000","5,155 MB","5405727402.6667","0 %","0.0000","100 %","0000010000"
"12/10/2023 10:30:00 PM - 11:30:00 PM","45270.7500000000","63 %","63.0000","5,160 MB","5411147093.3333","0 %","0.0000","100 %","0000010000"
"12/10/2023 11:30:00 PM - 12:30:00 AM","45270.7916666667","63 %","63.0000","5,166 MB","5417121109.3333","0 %","0.0000","100 %","0000010000"
"12/11/2023 12:30:00 AM - 1:30:00 AM","45270.8333333333","63 %","63.0000","5,166 MB","5416749738.6667","0 %","0.0000","100 %","0000010000"
"12/11/2023 1:30:00 AM - 2:30:00 AM","45270.8750000000","63 %","63.0000","5,164 MB","5415142741.3333","0 %","0.0000","100 %","0000010000"
"12/11/2023 2:30:00 AM - 3:30:00 AM","45270.9166666667","63 %","62.8333","5,144 MB","5394012160.0000","0 %","0.0000","100 %","0000010000"
"12/11/2023 3:30:00 AM - 4:30:00 AM","45270.9583333333","63 %","63.0000","5,140 MB","5390163968.0000","0 %","0.0000","100 %","0000010000"
"12/11/2023 4:30:00 AM - 5:30:00 AM","45271.0000000000","63 %","63.0000","5,152 MB","5402599424.0000","0 %","0.0000","100 %","0000010000"
"12/11/2023 5:30:00 AM - 6:30:00 AM","45271.0416666667","63 %","63.0000","5,142 MB","5392272042.6667","0 %","0.0000","100 %","0000010000"
"12/11/2023 6:30:00 AM - 7:30:00 AM","45271.0833333333","63 %","62.8333","5,140 MB","5389404160.0000","0 %","0.0000","100 %","0000010000"
"12/11/2023 7:30:00 AM - 8:30:00 AM","45271.1250000000","63 %","62.8333","5,138 MB","5387798528.0000","0 %","0.0000","100 %","0000010000"
"12/11/2023 8:30:00 AM - 9:30:00 AM","45271.1666666667","63 %","63.0000","5,157 MB","5407520768.0000","0 %","0.0000","100 %","0000010000"
"12/11/2023 9:30:00 AM - 10:30:00 AM","45271.2083333333","63 %","63.0000","5,162 MB","5413050368.0000","0 %","0.0000","100 %","0000010000"
"12/11/2023 10:30:00 AM - 11:30:00 AM","45271.2500000000","63 %","62.6667","5,131 MB","5380406613.3333","0 %","0.0000","100 %","0000010000"
"12/11/2023 11:30:00 AM - 12:30:00 PM","45271.2916666667","62 %","62.1667","5,103 MB","5350842368.0000","0 %","0.0000","100 %","0000010000"
"12/11/2023 12:30:00 PM - 1:30:00 PM","45271.3333333333","63 %","62.6667","5,135 MB","5384207701.3333","0 %","0.0000","100 %","0000010000"
"12/11/2023 1:30:00 PM - 2:30:00 PM","45271.3750000000","62 %","62.3333","5,113 MB","5361253717.3333","0 %","0.0000","100 %","0000010000"
"12/11/2023 2:30:00 PM - 3:30:00 PM","45271.4166666667","62 %","62.3333","5,108 MB","5356341930.6667","0 %","0.0000","100 %","0000010000"
"12/11/2023 3:30:00 PM - 4:30:00 PM","45271.4583333333","63 %","62.8333","5,144 MB","5393696768.0000","0 %","0.0000","100 %","0000010000"
"12/11/2023 4:30:00 PM - 5:30:00 PM","45271.5000000000","62 %","62.5000","5,121 MB","5370111317.3333","0 %","0.0000","100 %","0000010000"
"12/11/2023 5:30:00 PM - 6:30:00 PM","45271.5416666667","62 %","62.3333","5,102 MB","5350121472.0000","0 %","0.0000","100 %","0000010000"
"12/11/2023 6:30:00 PM - 7:30:00 PM","45271.5833333333","63 %","62.8333","5,142 MB","5391539541.3333","0 %","0.0000","100 %","0000010000"
"12/11/2023 7:30:00 PM - 8:30:00 PM","45271.6250000000","62 %","62.3333","5,110 MB","5358085461.3333","0 %","0.0000","100 %","0000010000"
"12/11/2023 8:30:00 PM - 9:30:00 PM","45271.6666666667","62 %","62.5000","5,126 MB","5374496768.0000","0 %","0.0000","100 %","0000010000"
"12/11/2023 9:30:00 PM - 10:30:00 PM","45271.7083333333","62 %","62.5000","5,110 MB","5358587221.3333","0 %","0.0000","100 %","0000010000"
"12/11/2023 10:30:00 PM - 11:30:00 PM","45271.7500000000","63 %","62.8333","5,126 MB","5374573226.6667","0 %","0.0000","100 %","0000010000"
"12/11/2023 11:30:00 PM - 12:30:00 AM","45271.7916666667","63 %","62.6667","5,123 MB","5371609088.0000","0 %","0.0000","100 %","0000010000"
"12/12/2023 12:30:00 AM - 1:30:00 AM","45271.8333333333","63 %","62.8333","5,132 MB","5380823040.0000","0 %","0.0000","100 %","0000010000"
"12/12/2023 1:30:00 AM - 2:30:00 AM","45271.8750000000","63 %","63.0000","5,133 MB","5382633472.0000","0 %","0.0000","100 %","0000010000"
"12/12/2023 2:30:00 AM - 3:30:00 AM","45271.9166666667","62 %","62.5000","5,118 MB","5366166186.6667","0 %","0.0000","100 %","0000010000"
"12/12/2023 3:30:00 AM - 4:30:00 AM","45271.9583333333","62 %","62.3333","5,111 MB","5359741610.6667","0 %","0.0000","100 %","0000010000"
"12/12/2023 4:30:00 AM - 5:30:00 AM","45272.0000000000","62 %","62.3333","5,114 MB","5362584234.6667","0 %","0.0000","100 %","0000010000"
"12/12/2023 5:30:00 AM - 6:30:00 AM","45272.0416666667","62 %","62.3333","5,116 MB","5364395349.3333","0 %","0.0000","100 %","0000010000"
"12/12/2023 6:30:00 AM - 7:30:00 AM","45272.0833333333","62 %","62.5000","5,118 MB","5367097344.0000","0 %","0.0000","100 %","0000010000"
"12/12/2023 7:30:00 AM - 8:30:00 AM","45272.1250000000","62 %","62.5000","5,119 MB","5368171178.6667","0 %","0.0000","100 %","0000010000"
"12/12/2023 8:30:00 AM - 9:30:00 AM","45272.1666666667","62 %","62.3333","5,113 MB","5361038677.3333","0 %","0.0000","100 %","0000010000"
"12/12/2023 9:30:00 AM - 10:30:00 AM","45272.2083333333","62 %","62.1667","5,116 MB","5364036949.3333","0 %","0.0000","100 %","0000010000"
"12/12/2023 10:30:00 AM - 11:30:00 AM","45272.2500000000","63 %","62.8333","5,136 MB","5385019392.0000","0 %","0.0000","100 %","0000010000"
"12/12/2023 11:30:00 AM - 12:30:00 PM","45272.2916666667","62 %","62.3333","5,118 MB","5366276096.0000","0 %","0.0000","100 %","0000010000"
"12/12/2023 12:30:00 PM - 1:30:00 PM","45272.3333333333","62 %","62.3333","5,119 MB","5367808682.6667","0 %","0.0000","100 %","0000010000"
"12/12/2023 1:30:00 PM - 2:30:00 PM","45272.3750000000","63 %","62.6667","5,130 MB","5379245397.3333","0 %","0.0000","100 %","0000010000"
"12/12/2023 2:30:00 PM - 3:30:00 PM","45272.4166666667","62 %","62.0000","5,084 MB","5331159722.6667","0 %","0.0000","100 %","0000010000"
"12/12/2023 3:30:00 PM - 4:30:00 PM","45272.4583333333","63 %","62.6667","5,136 MB","5385868629.3333","0 %","0.0000","100 %","0000010000"
"12/12/2023 4:30:00 PM - 5:30:00 PM","45272.5000000000","63 %","63.1667","5,159 MB","5410025472.0000","0 %","0.0000","100 %","0000010000"
"12/12/2023 5:30:00 PM - 6:30:00 PM","45272.5416666667","63 %","62.8333","5,144 MB","5394085888.0000","0 %","0.0000","100 %","0000010000"
"12/12/2023 6:30:00 PM - 7:30:00 PM","45272.5833333333","63 %","62.8333","5,149 MB","5399521280.0000","0 %","0.0000","100 %","0000010000"
"12/12/2023 7:30:00 PM - 8:30:00 PM","45272.6250000000","63 %","63.1667","5,187 MB","5438593706.6667","0 %","0.0000","100 %","0000010000"
"12/12/2023 8:30:00 PM - 9:30:00 PM","45272.6666666667","63 %","63.0000","5,179 MB","5430108842.6667","0 %","0.0000","100 %","0000010000"
"12/12/2023 9:30:00 PM - 10:30:00 PM","45272.7083333333","63 %","63.0000","5,159 MB","5409802922.6667","0 %","0.0000","100 %","0000010000"
"12/12/2023 10:30:00 PM - 11:30:00 PM","45272.7500000000","63 %","63.0000","5,176 MB","5427889493.3333","0 %","0.0000","100 %","0000010000"
"12/12/2023 11:30:00 PM - 12:30:00 AM","45272.7916666667","63 %","63.0000","5,152 MB","5401851221.3333","0 %","0.0000","100 %","0000010000"
"12/13/2023 12:30:00 AM - 1:30:00 AM","45272.8333333333","63 %","63.0000","5,180 MB","5431515136.0000","0 %","0.0000","100 %","0000010000"
"12/13/2023 1:30:00 AM - 2:30:00 AM","45272.8750000000","63 %","63.0000","5,180 MB","5431186773.3333","0 %","0.0000","100 %","0000010000"
"12/13/2023 2:30:00 AM - 3:30:00 AM","45272.9166666667","63 %","63.0000","5,163 MB","5413597866.6667","0 %","0.0000","100 %","0000010000"
"12/13/2023 3:30:00 AM - 4:30:00 AM","45272.9583333333","63 %","62.8333","5,132 MB","5381722112.0000","0 %","0.0000","100 %","0000010000"
"12/13/2023 4:30:00 AM - 5:30:00 AM","45273.0000000000","63 %","62.8333","5,139 MB","5388287317.3333","0 %","0.0000","100 %","0000010000"
"12/13/2023 5:30:00 AM - 6:30:00 AM","45273.0416666667","63 %","62.8333","5,131 MB","5380767061.3333","0 %","0.0000","100 %","0000010000"
"12/13/2023 6:30:00 AM - 7:30:00 AM","45273.0833333333","62 %","62.3333","5,107 MB","5354780672.0000","0 %","0.0000","100 %","0000010000"
"12/13/2023 7:30:00 AM - 8:30:00 AM","45273.1250000000","62 %","62.1667","5,105 MB","5353141589.3333","0 %","0.0000","100 %","0000010000"
"12/13/2023 8:30:00 AM - 9:30:00 AM","45273.1666666667","62 %","62.5000","5,129 MB","5378153813.3333","0 %","0.0000","100 %","0000010000"
"12/13/2023 9:30:00 AM - 10:30:00 AM","45273.2083333333","63 %","62.8333","5,142 MB","5391488341.3333","0 %","0.0000","100 %","0000010000"
"12/13/2023 10:30:00 AM - 11:30:00 AM","45273.2500000000","63 %","63.0000","5,149 MB","5398730752.0000","0 %","0.0000","100 %","0000010000"
"12/13/2023 11:30:00 AM - 12:30:00 PM","45273.2916666667","63 %","62.6667","5,130 MB","5379121834.6667","0 %","0.0000","100 %","0000010000"
"12/13/2023 12:30:00 PM - 1:30:00 PM","45273.3333333333","63 %","62.6667","5,113 MB","5361440768.0000","0 %","0.0000","100 %","0000010000"
"12/13/2023 1:30:00 PM - 2:30:00 PM","45273.3750000000","62 %","62.5000","5,105 MB","5353089024.0000","0 %","0.0000","100 %","0000010000"
"12/13/2023 2:30:00 PM - 3:30:00 PM","45273.4166666667","61 %","61.0000","5,010 MB","5252948650.6667","0 %","0.0000","100 %","0000010000"
"12/13/2023 3:30:00 PM - 4:30:00 PM","45273.4583333333","63 %","63.1667","5,165 MB","5416299178.6667","0 %","0.0000","100 %","0000010000"
"12/13/2023 4:30:00 PM - 5:30:00 PM","45273.5000000000","63 %","62.8333","5,159 MB","5409363968.0000","0 %","0.0000","100 %","0000010000"
"12/13/2023 5:30:00 PM - 6:30:00 PM","45273.5416666667","63 %","63.0000","5,141 MB","5391065088.0000","0 %","0.0000","100 %","0000010000"
"12/13/2023 6:30:00 PM - 7:30:00 PM","45273.5833333333","62 %","62.5000","5,129 MB","5378469888.0000","0 %","0.0000","100 %","0000010000"
"12/13/2023 7:30:00 PM - 8:30:00 PM","45273.6250000000","63 %","63.0000","5,180 MB","5431769770.6667","0 %","0.0000","100 %","0000010000"
"12/13/2023 8:30:00 PM - 9:30:00 PM","45273.6666666667","63 %","63.1667","5,179 MB","5430673408.0000","0 %","0.0000","100 %","0000010000"
"12/13/2023 9:30:00 PM - 10:30:00 PM","45273.7083333333","63 %","63.0000","5,159 MB","5409751722.6667","0 %","0.0000","100 %","0000010000"
"12/13/2023 10:30:00 PM - 11:30:00 PM","45273.7500000000","63 %","63.0000","5,177 MB","5428236288.0000","0 %","0.0000","100 %","0000010000"
"12/13/2023 11:30:00 PM - 12:30:00 AM","45273.7916666667","63 %","63.0000","5,183 MB","5434731178.6667","0 %","0.0000","100 %","0000010000"
"12/14/2023 12:30:00 AM - 1:30:00 AM","45273.8333333333","63 %","63.1667","5,187 MB","5438905002.6667","0 %","0.0000","100 %","0000010000"
"12/14/2023 1:30:00 AM - 2:30:00 AM","45273.8750000000","63 %","63.3333","5,194 MB","5446475776.0000","0 %","0.0000","100 %","0000010000"
"12/14/2023 2:30:00 AM - 3:30:00 AM","45273.9166666667","63 %","63.3333","5,191 MB","5443524608.0000","0 %","0.0000","100 %","0000010000"
"12/14/2023 3:30:00 AM - 4:30:00 AM","45273.9583333333","63 %","63.0000","5,172 MB","5423529984.0000","0 %","0.0000","100 %","0000010000"
"12/14/2023 4:30:00 AM - 5:30:00 AM","45274.0000000000","63 %","63.3333","5,185 MB","5436478122.6667","0 %","0.0000","100 %","0000010000"
"12/14/2023 5:30:00 AM - 6:30:00 AM","45274.0416666667","63 %","63.3333","5,188 MB","5440249173.3333","0 %","0.0000","100 %","0000010000"
"12/14/2023 6:30:00 AM - 7:30:00 AM","45274.0833333333","63 %","63.1667","5,184 MB","5435335338.6667","0 %","0.0000","100 %","0000010000"
"12/14/2023 7:30:00 AM - 8:30:00 AM","45274.1250000000","63 %","63.0000","5,172 MB","5423617365.3333","0 %","0.0000","100 %","0000010000"
"12/14/2023 8:30:00 AM - 9:30:00 AM","45274.1666666667","63 %","63.0000","5,174 MB","5425393664.0000","0 %","0.0000","100 %","0000010000"
"12/14/2023 9:30:00 AM - 10:30:00 AM","45274.2083333333","63 %","63.0000","5,167 MB","5418345130.6667","0 %","0.0000","100 %","0000010000"
"12/14/2023 10:30:00 AM - 11:30:00 AM","45274.2500000000","63 %","62.8333","5,150 MB","5400626517.3333","0 %","0.0000","100 %","0000010000"
"12/14/2023 11:30:00 AM - 12:30:00 PM","45274.2916666667","62 %","62.5000","5,131 MB","5379878912.0000","0 %","0.0000","100 %","0000010000"
"12/14/2023 12:30:00 PM - 1:30:00 PM","45274.3333333333","63 %","62.6667","5,143 MB","5393300138.6667","0 %","0.0000","100 %","0000010000"
"12/14/2023 1:30:00 PM - 2:30:00 PM","45274.3750000000","63 %","62.6667","5,140 MB","5389994666.6667","0 %","0.0000","100 %","0000010000"
"12/14/2023 2:30:00 PM - 3:30:00 PM","45274.4166666667","62 %","62.1667","5,105 MB","5352574293.3333","0 %","0.0000","100 %","0000010000"
"12/14/2023 3:30:00 PM - 4:30:00 PM","45274.4583333333","63 %","62.6667","5,134 MB","5383418538.6667","0 %","0.0000","100 %","0000010000"
"12/14/2023 4:30:00 PM - 5:30:00 PM","45274.5000000000","63 %","62.6667","5,131 MB","5380349269.3333","0 %","0.0000","100 %","0000010000"
"12/14/2023 5:30:00 PM - 6:30:00 PM","45274.5416666667","62 %","62.1667","5,104 MB","5352401578.6667","0 %","0.0000","100 %","0000010000"
"12/14/2023 6:30:00 PM - 7:30:00 PM","45274.5833333333","63 %","62.6667","5,132 MB","5381271552.0000","0 %","0.0000","100 %","0000010000"
"12/14/2023 7:30:00 PM - 8:30:00 PM","45274.6250000000","63 %","62.8333","5,134 MB","5383443797.3333","0 %","0.0000","100 %","0000010000"
"12/14/2023 8:30:00 PM - 9:30:00 PM","45274.6666666667","63 %","62.6667","5,144 MB","5393926826.6667","0 %","0.0000","100 %","0000010000"
"12/14/2023 9:30:00 PM - 10:30:00 PM","45274.7083333333","63 %","62.6667","5,143 MB","5392917845.3333","0 %","0.0000","100 %","0000010000"
"12/14/2023 10:30:00 PM - 11:30:00 PM","45274.7500000000","63 %","63.0000","5,161 MB","5411616085.3333","0 %","0.0000","100 %","0000010000"
"12/14/2023 11:30:00 PM - 12:30:00 AM","45274.7916666667","63 %","63.0000","5,158 MB","5408649216.0000","0 %","0.0000","100 %","0000010000"
"12/15/2023 12:30:00 AM - 1:30:00 AM","45274.8333333333","63 %","63.0000","5,167 MB","5417790805.3333","0 %","0.0000","100 %","0000010000"
"12/15/2023 1:30:00 AM - 2:30:00 AM","45274.8750000000","63 %","63.0000","5,160 MB","5410973696.0000","0 %","0.0000","100 %","0000010000"
"12/15/2023 2:30:00 AM - 3:30:00 AM","45274.9166666667","63 %","62.8333","5,147 MB","5397389312.0000","0 %","0.0000","100 %","0000010000"
"12/15/2023 3:30:00 AM - 4:30:00 AM","45274.9583333333","63 %","63.0000","5,133 MB","5382593877.3333","0 %","0.0000","100 %","0000010000"
"12/15/2023 4:30:00 AM - 5:30:00 AM","45275.0000000000","63 %","63.0000","5,150 MB","5400014848.0000","0 %","0.0000","100 %","0000010000"
"12/15/2023 5:30:00 AM - 6:30:00 AM","45275.0416666667","63 %","63.0000","5,150 MB","5400657237.3333","0 %","0.0000","100 %","0000010000"
"12/15/2023 6:30:00 AM - 7:30:00 AM","45275.0833333333","63 %","63.0000","5,145 MB","5395296256.0000","0 %","0.0000","100 %","0000010000"
"12/15/2023 7:30:00 AM - 8:30:00 AM","45275.1250000000","63 %","62.8333","5,141 MB","5391079424.0000","0 %","0.0000","100 %","0000010000"
"12/15/2023 8:30:00 AM - 9:30:00 AM","45275.1666666667","63 %","63.0000","5,141 MB","5390507349.3333","0 %","0.0000","100 %","0000010000"
"12/15/2023 9:30:00 AM - 10:30:00 AM","45275.2083333333","63 %","62.6667","5,132 MB","5381240149.3333","0 %","0.0000","100 %","0000010000"
"12/15/2023 10:30:00 AM - 11:30:00 AM","45275.2500000000","62 %","62.5000","5,119 MB","5367922005.3333","0 %","0.0000","100 %","0000010000"
"12/15/2023 11:30:00 AM - 12:30:00 PM","45275.2916666667","63 %","62.6667","5,124 MB","5372492458.6667","0 %","0.0000","100 %","0000010000"
"12/15/2023 12:30:00 PM - 1:30:00 PM","45275.3333333333","63 %","63.0000","5,143 MB","5392786090.6667","0 %","0.0000","100 %","0000010000"
"12/15/2023 1:30:00 PM - 2:30:00 PM","45275.3750000000","63 %","62.6667","5,126 MB","5375428608.0000","0 %","0.0000","100 %","0000010000"
"12/15/2023 2:30:00 PM - 3:30:00 PM","45275.4166666667","62 %","62.1667","5,098 MB","5345594709.3333","0 %","0.0000","100 %","0000010000"
"12/15/2023 3:30:00 PM - 4:30:00 PM","45275.4583333333","62 %","62.1667","5,100 MB","5348071424.0000","0 %","0.0000","100 %","0000010000"
"12/15/2023 4:30:00 PM - 5:30:00 PM","45275.5000000000","63 %","62.6667","5,120 MB","5368804693.3333","0 %","0.0000","100 %","0000010000"
"12/15/2023 5:30:00 PM - 6:30:00 PM","45275.5416666667","62 %","62.1667","5,084 MB","5331351552.0000","0 %","0.0000","100 %","0000010000"
"12/15/2023 6:30:00 PM - 7:30:00 PM","45275.5833333333","62 %","62.0000","5,095 MB","5342369792.0000","0 %","0.0000","100 %","0000010000"
"12/15/2023 7:30:00 PM - 8:30:00 PM","45275.6250000000","62 %","62.1667","5,111 MB","5358967466.6667","0 %","0.0000","100 %","0000010000"
"12/15/2023 8:30:00 PM - 9:30:00 PM","45275.6666666667","62 %","62.1667","5,107 MB","5355485866.6667","0 %","0.0000","100 %","0000010000"
"12/15/2023 9:30:00 PM - 10:30:00 PM","45275.7083333333","62 %","61.8333","5,087 MB","5334313642.6667","0 %","0.0000","100 %","0000010000"
"12/15/2023 10:30:00 PM - 11:30:00 PM","45275.7500000000","62 %","62.5000","5,119 MB","5368181418.6667","0 %","0.0000","100 %","0000010000"
"12/15/2023 11:30:00 PM - 12:30:00 AM","45275.7916666667","63 %","62.6667","5,120 MB","5368524800.0000","0 %","0.0000","100 %","0000010000"
"12/16/2023 12:30:00 AM - 1:30:00 AM","45275.8333333333","63 %","63.0000","5,137 MB","5386579285.3333","0 %","0.0000","100 %","0000010000"
"12/16/2023 1:30:00 AM - 2:30:00 AM","45275.8750000000","63 %","62.8333","5,132 MB","5381718698.6667","0 %","0.0000","100 %","0000010000"
"12/16/2023 2:30:00 AM - 3:30:00 AM","45275.9166666667","62 %","62.5000","5,119 MB","5368025088.0000","0 %","0.0000","100 %","0000010000"
"12/16/2023 3:30:00 AM - 4:30:00 AM","45275.9583333333","51 %","51.1667","4,210 MB","4414968490.6667","0 %","0.0000","100 %","0000010000"
"12/16/2023 4:30:00 AM - 5:30:00 AM","45276.0000000000","57 %","56.6667","4,639 MB","4864608938.6667","0 %","0.0000","100 %","0000010000"
"12/16/2023 5:30:00 AM - 6:30:00 AM","45276.0416666667","53 %","52.6667","4,317 MB","4526427477.3333","0 %","0.0000","100 %","0000010000"
"12/16/2023 6:30:00 AM - 7:30:00 AM","45276.0833333333","48 %","48.0000","3,934 MB","4125400405.3333","0 %","0.0000","100 %","0000010000"
"12/16/2023 7:30:00 AM - 8:30:00 AM","45276.1250000000","48 %","48.1667","3,955 MB","4147038890.6667","0 %","0.0000","100 %","0000010000"
"12/16/2023 8:30:00 AM - 9:30:00 AM","45276.1666666667","48 %","48.3333","3,970 MB","4162674005.3333","0 %","0.0000","100 %","0000010000"
"12/16/2023 9:30:00 AM - 10:30:00 AM","45276.2083333333","48 %","48.1667","3,960 MB","4152068778.6667","0 %","0.0000","100 %","0000010000"
"12/16/2023 10:30:00 AM - 11:30:00 AM","45276.2500000000","48 %","48.0000","3,953 MB","4144793600.0000","0 %","0.0000","100 %","0000010000"
"12/16/2023 11:30:00 AM - 12:30:00 PM","45276.2916666667","48 %","48.0000","3,948 MB","4139838805.3333","0 %","0.0000","100 %","0000010000"
"12/16/2023 12:30:00 PM - 1:30:00 PM","45276.3333333333","48 %","48.0000","3,950 MB","4142289578.6667","0 %","0.0000","100 %","0000010000"
"12/16/2023 1:30:00 PM - 2:30:00 PM","45276.3750000000","48 %","48.0000","3,948 MB","4139293354.6667","0 %","0.0000","100 %","0000010000"
"12/16/2023 2:30:00 PM - 3:30:00 PM","45276.4166666667","48 %","48.3333","3,958 MB","4150687744.0000","0 %","0.0000","100 %","0000010000"
"12/16/2023 3:30:00 PM - 4:30:00 PM","45276.4583333333","49 %","49.0000","3,992 MB","4185605461.3333","0 %","0.0000","100 %","0000010000"
"12/16/2023 4:30:00 PM - 5:30:00 PM","45276.5000000000","48 %","48.5000","3,976 MB","4169615360.0000","0 %","0.0000","100 %","0000010000"
"12/16/2023 5:30:00 PM - 6:30:00 PM","45276.5416666667","48 %","48.5000","3,975 MB","4167579648.0000","0 %","0.0000","100 %","0000010000"
"12/16/2023 6:30:00 PM - 7:30:00 PM","45276.5833333333","48 %","48.3333","3,966 MB","4158439424.0000","0 %","0.0000","100 %","0000010000"
"12/16/2023 7:30:00 PM - 8:30:00 PM","45276.6250000000","48 %","48.3333","3,967 MB","4159558997.3333","0 %","0.0000","100 %","0000010000"
"12/16/2023 8:30:00 PM - 9:30:00 PM","45276.6666666667","48 %","48.1667","3,948 MB","4139936426.6667","0 %","0.0000","100 %","0000010000"
"12/16/2023 9:30:00 PM - 10:30:00 PM","45276.7083333333","48 %","48.5000","3,978 MB","4170920618.6667","0 %","0.0000","100 %","0000010000"
"12/16/2023 10:30:00 PM - 11:30:00 PM","45276.7500000000","48 %","48.4286","3,973 MB","4166490989.7143","0 %","0.0000","100 %","0000010000"
"12/16/2023 11:30:00 PM - 12:30:00 AM","45276.7916666667","49 %","48.8333","3,985 MB","4178836821.3333","0 %","0.0000","100 %","0000010000"
"12/17/2023 12:30:00 AM - 1:30:00 AM","45276.8333333333","49 %","49.0000","4,002 MB","4196446890.6667","0 %","0.0000","100 %","0000010000"
"12/17/2023 1:30:00 AM - 2:30:00 AM","45276.8750000000","51 %","51.0000","4,173 MB","4376096085.3333","0 %","0.0000","100 %","0000010000"
"12/17/2023 2:30:00 AM - 3:30:00 AM","45276.9166666667","51 %","50.8333","4,159 MB","4361136810.6667","0 %","0.0000","100 %","0000010000"
"12/17/2023 3:30:00 AM - 4:30:00 AM","45276.9583333333","50 %","50.3333","4,128 MB","4328772266.6667","0 %","0.0000","100 %","0000010000"
"12/17/2023 4:30:00 AM - 5:30:00 AM","45277.0000000000","51 %","50.6667","4,135 MB","4335959381.3333","0 %","0.0000","100 %","0000010000"
"12/17/2023 5:30:00 AM - 6:30:00 AM","45277.0416666667","50 %","50.3333","4,124 MB","4324630528.0000","0 %","0.0000","100 %","0000010000"
"12/17/2023 6:30:00 AM - 7:30:00 AM","45277.0833333333","50 %","50.0000","4,119 MB","4319098197.3333","0 %","0.0000","100 %","0000010000"
"12/17/2023 7:30:00 AM - 8:30:00 AM","45277.1250000000","50 %","50.1667","4,119 MB","4319577429.3333","0 %","0.0000","100 %","0000010000"
"12/17/2023 8:30:00 AM - 9:30:00 AM","45277.1666666667","50 %","50.1667","4,118 MB","4317758805.3333","0 %","0.0000","100 %","0000010000"
"12/17/2023 9:30:00 AM - 10:30:00 AM","45277.2083333333","50 %","50.5000","4,131 MB","4332118698.6667","0 %","0.0000","100 %","0000010000"
"12/17/2023 10:30:00 AM - 11:30:00 AM","45277.2500000000","52 %","51.8333","4,237 MB","4442779648.0000","0 %","0.0000","100 %","0000010000"
"12/17/2023 11:30:00 AM - 12:30:00 PM","45277.2916666667","53 %","52.6667","4,301 MB","4509681664.0000","0 %","0.0000","100 %","0000010000"
"12/17/2023 12:30:00 PM - 1:30:00 PM","45277.3333333333","53 %","52.6667","4,295 MB","4503220224.0000","0 %","0.0000","100 %","0000010000"
"12/17/2023 1:30:00 PM - 2:30:00 PM","45277.3750000000","52 %","52.1667","4,284 MB","4492233386.6667","0 %","0.0000","100 %","0000010000"
"12/17/2023 2:30:00 PM - 3:30:00 PM","45277.4166666667","52 %","52.1667","4,289 MB","4496972458.6667","0 %","0.0000","100 %","0000010000"
"12/17/2023 3:30:00 PM - 4:30:00 PM","45277.4583333333","52 %","52.1667","4,284 MB","4491790336.0000","0 %","0.0000","100 %","0000010000"
"12/17/2023 4:30:00 PM - 5:30:00 PM","45277.5000000000","52 %","52.1667","4,288 MB","4496064512.0000","0 %","0.0000","100 %","0000010000"
"12/17/2023 5:30:00 PM - 6:30:00 PM","45277.5416666667","52 %","52.3333","4,301 MB","4509566976.0000","0 %","0.0000","100 %","0000010000"
"12/17/2023 6:30:00 PM - 7:30:00 PM","45277.5833333333","53 %","53.1667","4,378 MB","4590910122.6667","0 %","0.0000","100 %","0000010000"
"12/17/2023 7:30:00 PM - 8:30:00 PM","45277.6250000000","54 %","54.0000","4,410 MB","4623814656.0000","0 %","0.0000","100 %","0000010000"
"12/17/2023 8:30:00 PM - 9:30:00 PM","45277.6666666667","54 %","54.0000","4,422 MB","4636336128.0000","0 %","0.0000","100 %","0000010000"
"12/17/2023 9:30:00 PM - 10:30:00 PM","45277.7083333333","54 %","54.0000","4,427 MB","4642077354.6667","0 %","0.0000","100 %","0000010000"
"12/17/2023 10:30:00 PM - 11:30:00 PM","45277.7500000000","54 %","54.0000","4,427 MB","4641628842.6667","0 %","0.0000","100 %","0000010000"
"12/17/2023 11:30:00 PM - 12:30:00 AM","45277.7916666667","54 %","54.0000","4,418 MB","4632233984.0000","0 %","0.0000","100 %","0000010000"
"12/18/2023 12:30:00 AM - 1:30:00 AM","45277.8333333333","54 %","54.0000","4,418 MB","4632375978.6667","0 %","0.0000","100 %","0000010000"
"12/18/2023 1:30:00 AM - 2:30:00 AM","45277.8750000000","54 %","54.0000","4,433 MB","4648787968.0000","0 %","0.0000","100 %","0000010000"
"12/18/2023 2:30:00 AM - 3:30:00 AM","45277.9166666667","54 %","54.0000","4,410 MB","4623953920.0000","0 %","0.0000","100 %","0000010000"
"12/18/2023 3:30:00 AM - 4:30:00 AM","45277.9583333333","54 %","54.0000","4,410 MB","4624575829.3333","0 %","0.0000","100 %","0000010000"
"12/18/2023 4:30:00 AM - 5:30:00 AM","45278.0000000000","54 %","54.3333","4,447 MB","4662560085.3333","0 %","0.0000","100 %","0000010000"
"12/18/2023 5:30:00 AM - 6:30:00 AM","45278.0416666667","55 %","55.3333","4,536 MB","4755912704.0000","0 %","0.0000","100 %","0000010000"
"12/18/2023 6:30:00 AM - 7:30:00 AM","45278.0833333333","56 %","55.5000","4,537 MB","4757755904.0000","0 %","0.0000","100 %","0000010000"
"12/18/2023 7:30:00 AM - 8:30:00 AM","45278.1250000000","56 %","55.5000","4,545 MB","4765874858.6667","0 %","0.0000","100 %","0000010000"
"12/18/2023 8:30:00 AM - 9:30:00 AM","45278.1666666667","55 %","55.3333","4,531 MB","4751578453.3333","0 %","0.0000","100 %","0000010000"
"12/18/2023 9:30:00 AM - 10:30:00 AM","45278.2083333333","55 %","55.1667","4,534 MB","4754291370.6667","0 %","0.0000","100 %","0000010000"
"12/18/2023 10:30:00 AM - 11:30:00 AM","45278.2500000000","55 %","55.3333","4,522 MB","4741703680.0000","0 %","0.0000","100 %","0000010000"
"12/18/2023 11:30:00 AM - 12:30:00 PM","45278.2916666667","55 %","55.3333","4,545 MB","4765560832.0000","0 %","0.0000","100 %","0000010000"
"12/18/2023 12:30:00 PM - 1:30:00 PM","45278.3333333333","57 %","56.8333","4,657 MB","4883193856.0000","0 %","0.0000","100 %","0000010000"
"12/18/2023 1:30:00 PM - 2:30:00 PM","45278.3750000000","57 %","57.0000","4,677 MB","4904420010.6667","0 %","0.0000","100 %","0000010000"
"12/18/2023 2:30:00 PM - 3:30:00 PM","45278.4166666667","57 %","56.8333","4,653 MB","4879113557.3333","0 %","0.0000","100 %","0000010000"
"12/18/2023 3:30:00 PM - 4:30:00 PM","45278.4583333333","57 %","56.6667","4,644 MB","4869484544.0000","0 %","0.0000","100 %","0000010000"
"12/18/2023 4:30:00 PM - 5:30:00 PM","45278.5000000000","56 %","56.5000","4,628 MB","4853022720.0000","0 %","0.0000","100 %","0000010000"
"12/18/2023 5:30:00 PM - 6:30:00 PM","45278.5416666667","57 %","56.6667","4,641 MB","4866230272.0000","0 %","0.0000","100 %","0000010000"
"12/18/2023 6:30:00 PM - 7:30:00 PM","45278.5833333333","57 %","57.0000","4,658 MB","4884622677.3333","0 %","0.0000","100 %","0000010000"
"12/18/2023 7:30:00 PM - 8:30:00 PM","45278.6250000000","58 %","57.5000","4,708 MB","4936664405.3333","0 %","0.0000","100 %","0000010000"
"12/18/2023 8:30:00 PM - 9:30:00 PM","45278.6666666667","58 %","58.1667","4,768 MB","4999458816.0000","0 %","0.0000","100 %","0000010000"
"12/18/2023 9:30:00 PM - 10:30:00 PM","45278.7083333333","58 %","57.8333","4,738 MB","4967732565.3333","0 %","0.0000","100 %","0000010000"
"12/18/2023 10:30:00 PM - 11:30:00 PM","45278.7500000000","58 %","58.0000","4,760 MB","4991283882.6667","0 %","0.0000","100 %","0000010000"
"12/18/2023 11:30:00 PM - 12:30:00 AM","45278.7916666667","58 %","58.0000","4,774 MB","5005520213.3333","0 %","0.0000","100 %","0000010000"
"12/19/2023 12:30:00 AM - 1:30:00 AM","45278.8333333333","58 %","58.0000","4,775 MB","5007229610.6667","0 %","0.0000","100 %","0000010000"
"12/19/2023 1:30:00 AM - 2:30:00 AM","45278.8750000000","58 %","58.3333","4,788 MB","5020113578.6667","0 %","0.0000","100 %","0000010000"
"12/19/2023 2:30:00 AM - 3:30:00 AM","45278.9166666667","58 %","58.3333","4,781 MB","5013659648.0000","0 %","0.0000","100 %","0000010000"
"12/19/2023 3:30:00 AM - 4:30:00 AM","45278.9583333333","58 %","58.0000","4,770 MB","5001423530.6667","0 %","0.0000","100 %","0000010000"
"12/19/2023 4:30:00 AM - 5:30:00 AM","45279.0000000000","58 %","58.3333","4,778 MB","5010579456.0000","0 %","0.0000","100 %","0000010000"
"12/19/2023 5:30:00 AM - 6:30:00 AM","45279.0416666667","58 %","58.3333","4,780 MB","5011838976.0000","0 %","0.0000","100 %","0000010000"
"12/19/2023 6:30:00 AM - 7:30:00 AM","45279.0833333333","58 %","58.1667","4,775 MB","5006567424.0000","0 %","0.0000","100 %","0000010000"
"12/19/2023 7:30:00 AM - 8:30:00 AM","45279.1250000000","60 %","59.5000","4,885 MB","5122398208.0000","0 %","0.0000","100 %","0000010000"
"12/19/2023 8:30:00 AM - 9:30:00 AM","45279.1666666667","60 %","60.1667","4,950 MB","5190698325.3333","0 %","0.0000","100 %","0000010000"
"12/19/2023 9:30:00 AM - 10:30:00 AM","45279.2083333333","60 %","60.3333","4,949 MB","5189168469.3333","0 %","0.0000","100 %","0000010000"
"12/19/2023 10:30:00 AM - 11:30:00 AM","45279.2500000000","60 %","60.3333","4,947 MB","5187584000.0000","0 %","0.0000","100 %","0000010000"
"12/19/2023 11:30:00 AM - 12:30:00 PM","45279.2916666667","60 %","59.8333","4,913 MB","5151201962.6667","0 %","0.0000","100 %","0000010000"
"12/19/2023 12:30:00 PM - 1:30:00 PM","45279.3333333333","60 %","60.1667","4,925 MB","5164102997.3333","0 %","0.0000","100 %","0000010000"
"12/19/2023 1:30:00 PM - 2:30:00 PM","45279.3750000000","60 %","60.0000","4,912 MB","5150527488.0000","0 %","0.0000","100 %","0000010000"
"12/19/2023 2:30:00 PM - 3:30:00 PM","45279.4166666667","60 %","60.3333","4,973 MB","5214907050.6667","0 %","0.0000","100 %","0000010000"
"12/19/2023 3:30:00 PM - 4:30:00 PM","45279.4583333333","62 %","62.3333","5,098 MB","5345904640.0000","0 %","0.0000","100 %","0000010000"
"12/19/2023 4:30:00 PM - 5:30:00 PM","45279.5000000000","62 %","62.1667","5,084 MB","5330731008.0000","0 %","0.0000","100 %","0000010000"
"12/19/2023 5:30:00 PM - 6:30:00 PM","45279.5416666667","62 %","62.1667","5,088 MB","5334777173.3333","0 %","0.0000","100 %","0000010000"
"12/19/2023 6:30:00 PM - 7:30:00 PM","45279.5833333333","62 %","62.0000","5,114 MB","5361999872.0000","0 %","0.0000","100 %","0000010000"
"12/19/2023 7:30:00 PM - 8:30:00 PM","45279.6250000000","62 %","62.3333","5,116 MB","5364972885.3333","0 %","0.0000","100 %","0000010000"
"12/19/2023 8:30:00 PM - 9:30:00 PM","45279.6666666667","62 %","62.1667","5,094 MB","5341132800.0000","0 %","0.0000","100 %","0000010000"
"12/19/2023 9:30:00 PM - 10:30:00 PM","45279.7083333333","62 %","62.1667","5,108 MB","5355988309.3333","0 %","0.0000","100 %","0000010000"
"12/19/2023 10:30:00 PM - 11:30:00 PM","45279.7500000000","62 %","62.0000","5,093 MB","5340470613.3333","0 %","0.0000","100 %","0000010000"
"12/19/2023 11:30:00 PM - 12:30:00 AM","45279.7916666667","62 %","62.0000","5,098 MB","5346065066.6667","0 %","0.0000","100 %","0000010000"
"12/20/2023 12:30:00 AM - 1:30:00 AM","45279.8333333333","61 %","61.0000","5,020 MB","5263863125.3333","0 %","0.0000","100 %","0000010000"
"12/20/2023 1:30:00 AM - 2:30:00 AM","45279.8750000000","61 %","61.0000","5,020 MB","5264107520.0000","0 %","0.0000","100 %","0000010000"
"12/20/2023 2:30:00 AM - 3:30:00 AM","45279.9166666667","61 %","61.0000","5,009 MB","5252485802.6667","0 %","0.0000","100 %","0000010000"
"12/20/2023 3:30:00 AM - 4:30:00 AM","45279.9583333333","61 %","61.3333","5,029 MB","5272943274.6667","0 %","0.0000","100 %","0000010000"
"12/20/2023 4:30:00 AM - 5:30:00 AM","45280.0000000000","62 %","61.5000","5,038 MB","5282878122.6667","0 %","0.0000","100 %","0000010000"
"12/20/2023 5:30:00 AM - 6:30:00 AM","45280.0416666667","62 %","61.6667","5,045 MB","5289587370.6667","0 %","0.0000","100 %","0000010000"
"12/20/2023 6:30:00 AM - 7:30:00 AM","45280.0833333333","62 %","61.6667","5,041 MB","5286332416.0000","0 %","0.0000","100 %","0000010000"
"12/20/2023 7:30:00 AM - 8:30:00 AM","45280.1250000000","61 %","61.0000","5,029 MB","5273263445.3333","0 %","0.0000","100 %","0000010000"
"12/20/2023 8:30:00 AM - 9:30:00 AM","45280.1666666667","61 %","61.3333","5,035 MB","5279528277.3333","0 %","0.0000","100 %","0000010000"
"12/20/2023 9:30:00 AM - 10:30:00 AM","45280.2083333333","61 %","61.3333","5,033 MB","5277537621.3333","0 %","0.0000","100 %","0000010000"
"12/20/2023 10:30:00 AM - 11:30:00 AM","45280.2500000000","61 %","61.3333","5,028 MB","5272295424.0000","0 %","0.0000","100 %","0000010000"
"12/20/2023 11:30:00 AM - 12:30:00 PM","45280.2916666667","62 %","61.8333","5,061 MB","5306981034.6667","0 %","0.0000","100 %","0000010000"
"12/20/2023 12:30:00 PM - 1:30:00 PM","45280.3333333333","62 %","62.0000","5,072 MB","5318249130.6667","0 %","0.0000","100 %","0000010000"
"12/20/2023 1:30:00 PM - 2:30:00 PM","45280.3750000000","62 %","61.6667","5,048 MB","5293445120.0000","0 %","0.0000","100 %","0000010000"
"12/20/2023 2:30:00 PM - 3:30:00 PM","45280.4166666667","62 %","62.0000","5,061 MB","5306750976.0000","0 %","0.0000","100 %","0000010000"
"12/20/2023 3:30:00 PM - 4:30:00 PM","45280.4583333333","62 %","61.6667","5,047 MB","5292599296.0000","0 %","0.0000","100 %","0000010000"
"12/20/2023 4:30:00 PM - 5:30:00 PM","45280.5000000000","62 %","61.6667","5,051 MB","5296737621.3333","0 %","0.0000","100 %","0000010000"
"12/20/2023 5:30:00 PM - 6:30:00 PM","45280.5416666667","61 %","61.1667","5,008 MB","5250764800.0000","0 %","0.0000","100 %","0000010000"
"12/20/2023 6:30:00 PM - 7:30:00 PM","45280.5833333333","62 %","61.8333","5,060 MB","5305623893.3333","0 %","0.0000","100 %","0000010000"
"12/20/2023 7:30:00 PM - 8:30:00 PM","45280.6250000000","62 %","61.6667","5,054 MB","5299770026.6667","0 %","0.0000","100 %","0000010000"
"12/20/2023 8:30:00 PM - 9:30:00 PM","45280.6666666667","62 %","61.6667","5,052 MB","5297382058.6667","0 %","0.0000","100 %","0000010000"
"12/20/2023 9:30:00 PM - 10:30:00 PM","45280.7083333333","62 %","61.6667","5,046 MB","5291556181.3333","0 %","0.0000","100 %","0000010000"
"12/20/2023 10:30:00 PM - 11:30:00 PM","45280.7500000000","62 %","61.5000","5,030 MB","5274006186.6667","0 %","0.0000","100 %","0000010000"
"12/20/2023 11:30:00 PM - 12:30:00 AM","45280.7916666667","62 %","61.6667","5,047 MB","5291934378.6667","0 %","0.0000","100 %","0000010000"
"12/21/2023 12:30:00 AM - 1:30:00 AM","45280.8333333333","62 %","61.6667","5,044 MB","5289405781.3333","0 %","0.0000","100 %","0000010000"
"12/21/2023 1:30:00 AM - 2:30:00 AM","45280.8750000000","62 %","62.0000","5,050 MB","5295237120.0000","0 %","0.0000","100 %","0000010000"
"12/21/2023 2:30:00 AM - 3:30:00 AM","45280.9166666667","61 %","61.3333","5,033 MB","5277535573.3333","0 %","0.0000","100 %","0000010000"
"12/21/2023 3:30:00 AM - 4:30:00 AM","45280.9583333333","61 %","61.3333","5,035 MB","5279374677.3333","0 %","0.0000","100 %","0000010000"
"12/21/2023 4:30:00 AM - 5:30:00 AM","45281.0000000000","62 %","62.0000","5,075 MB","5321463125.3333","0 %","0.0000","100 %","0000010000"
"12/21/2023 5:30:00 AM - 6:30:00 AM","45281.0416666667","62 %","62.0000","5,076 MB","5322553344.0000","0 %","0.0000","100 %","0000010000"
"12/21/2023 6:30:00 AM - 7:30:00 AM","45281.0833333333","62 %","62.0000","5,078 MB","5325137920.0000","0 %","0.0000","100 %","0000010000"
"12/21/2023 7:30:00 AM - 8:30:00 AM","45281.1250000000","62 %","62.0000","5,079 MB","5325917525.3333","0 %","0.0000","100 %","0000010000"
"12/21/2023 8:30:00 AM - 9:30:00 AM","45281.1666666667","62 %","62.0000","5,078 MB","5324705109.3333","0 %","0.0000","100 %","0000010000"
"12/21/2023 9:30:00 AM - 10:30:00 AM","45281.2083333333","62 %","61.6667","5,055 MB","5300705962.6667","0 %","0.0000","100 %","0000010000"
"12/21/2023 10:30:00 AM - 11:30:00 AM","45281.2500000000","62 %","61.8333","5,063 MB","5308680192.0000","0 %","0.0000","100 %","0000010000"
"12/21/2023 11:30:00 AM - 12:30:00 PM","45281.2916666667","62 %","61.5000","5,054 MB","5299671722.6667","0 %","0.0000","100 %","0000010000"
"12/21/2023 12:30:00 PM - 1:30:00 PM","45281.3333333333","62 %","61.6667","5,060 MB","5306307242.6667","0 %","0.0000","100 %","0000010000"
"12/21/2023 1:30:00 PM - 2:30:00 PM","45281.3750000000","62 %","61.6667","5,060 MB","5306152277.3333","0 %","0.0000","100 %","0000010000"
"12/21/2023 2:30:00 PM - 3:30:00 PM","45281.4166666667","62 %","62.0000","5,083 MB","5330236074.6667","0 %","0.0000","100 %","0000010000"
"12/21/2023 3:30:00 PM - 4:30:00 PM","45281.4583333333","62 %","61.8333","5,063 MB","5308650154.6667","0 %","0.0000","100 %","0000010000"
"12/21/2023 4:30:00 PM - 5:30:00 PM","45281.5000000000","62 %","61.6667","5,058 MB","5303455744.0000","0 %","0.0000","100 %","0000010000"
"12/21/2023 5:30:00 PM - 6:30:00 PM","45281.5416666667","61 %","60.6667","4,970 MB","5211301888.0000","0 %","0.0000","100 %","0000010000"
"12/21/2023 6:30:00 PM - 7:30:00 PM","45281.5833333333","57 %","57.3333","4,706 MB","4934387029.3333","0 %","0.0000","100 %","0000010000"
"12/21/2023 7:30:00 PM - 8:30:00 PM","45281.6250000000","59 %","59.0000","4,852 MB","5088123562.6667","0 %","0.0000","100 %","0000010000"
"12/21/2023 8:30:00 PM - 9:30:00 PM","45281.6666666667","59 %","59.0000","4,854 MB","5089407658.6667","0 %","0.0000","100 %","0000010000"
"12/21/2023 9:30:00 PM - 10:30:00 PM","45281.7083333333","59 %","59.0000","4,834 MB","5069074432.0000","0 %","0.0000","100 %","0000010000"
"12/21/2023 10:30:00 PM - 11:30:00 PM","45281.7500000000","59 %","59.0000","4,846 MB","5081214976.0000","0 %","0.0000","100 %","0000010000"
"12/21/2023 11:30:00 PM - 12:30:00 AM","45281.7916666667","59 %","59.0000","4,853 MB","5089052379.4286","0 %","0.0000","100 %","0000010000"
"12/22/2023 12:30:00 AM - 1:30:00 AM","45281.8333333333","59 %","59.0000","4,863 MB","5099623765.3333","0 %","0.0000","100 %","0000010000"
"12/22/2023 1:30:00 AM - 2:30:00 AM","45281.8750000000","59 %","59.0000","4,865 MB","5100891477.3333","0 %","0.0000","100 %","0000010000"
"12/22/2023 2:30:00 AM - 3:30:00 AM","45281.9166666667","59 %","59.0000","4,846 MB","5081600000.0000","0 %","0.0000","100 %","0000010000"
"12/22/2023 3:30:00 AM - 4:30:00 AM","45281.9583333333","59 %","59.0000","4,837 MB","5072141653.3333","0 %","0.0000","100 %","0000010000"
"12/22/2023 4:30:00 AM - 5:30:00 AM","45282.0000000000","59 %","59.0000","4,837 MB","5072479573.3333","0 %","0.0000","100 %","0000010000"
"12/22/2023 5:30:00 AM - 6:30:00 AM","45282.0416666667","59 %","59.0000","4,842 MB","5077381120.0000","0 %","0.0000","100 %","0000010000"
"12/22/2023 6:30:00 AM - 7:30:00 AM","45282.0833333333","59 %","59.0000","4,845 MB","5080872277.3333","0 %","0.0000","100 %","0000010000"
"12/22/2023 7:30:00 AM - 8:30:00 AM","45282.1250000000","59 %","59.0000","4,842 MB","5077337429.3333","0 %","0.0000","100 %","0000010000"
"12/22/2023 8:30:00 AM - 9:30:00 AM","45282.1666666667","59 %","59.0000","4,837 MB","5072087040.0000","0 %","0.0000","100 %","0000010000"
"12/22/2023 9:30:00 AM - 10:30:00 AM","45282.2083333333","59 %","59.0000","4,850 MB","5085861205.3333","0 %","0.0000","100 %","0000010000"
"12/22/2023 10:30:00 AM - 11:30:00 AM","45282.2500000000","59 %","59.0000","4,823 MB","5057402197.3333","0 %","0.0000","100 %","0000010000"
"12/22/2023 11:30:00 AM - 12:30:00 PM","45282.2916666667","59 %","58.8333","4,837 MB","5071472640.0000","0 %","0.0000","100 %","0000010000"
"12/22/2023 12:30:00 PM - 1:30:00 PM","45282.3333333333","59 %","58.8333","4,831 MB","5066109610.6667","0 %","0.0000","100 %","0000010000"
"12/22/2023 1:30:00 PM - 2:30:00 PM","45282.3750000000","58 %","58.5000","4,812 MB","5046206464.0000","0 %","0.0000","100 %","0000010000"
"12/22/2023 2:30:00 PM - 3:30:00 PM","45282.4166666667","59 %","58.8333","4,811 MB","5044944896.0000","0 %","0.0000","100 %","0000010000"
"12/22/2023 3:30:00 PM - 4:30:00 PM","45282.4583333333","59 %","58.8333","4,837 MB","5072247466.6667","0 %","0.0000","100 %","0000010000"
"12/22/2023 4:30:00 PM - 5:30:00 PM","45282.5000000000","59 %","59.0000","4,853 MB","5088215722.6667","0 %","0.0000","100 %","0000010000"
"12/22/2023 5:30:00 PM - 6:30:00 PM","45282.5416666667","59 %","58.8333","4,813 MB","5046729386.6667","0 %","0.0000","100 %","0000010000"
"12/22/2023 6:30:00 PM - 7:30:00 PM","45282.5833333333","59 %","58.6667","4,816 MB","5050285397.3333","0 %","0.0000","100 %","0000010000"
"12/22/2023 7:30:00 PM - 8:30:00 PM","45282.6250000000","59 %","58.8333","4,836 MB","5070401536.0000","0 %","0.0000","100 %","0000010000"
"12/22/2023 8:30:00 PM - 9:30:00 PM","45282.6666666667","59 %","59.0000","4,850 MB","5085699413.3333","0 %","0.0000","100 %","0000010000"
"12/22/2023 9:30:00 PM - 10:30:00 PM","45282.7083333333","59 %","59.0000","4,849 MB","5084637184.0000","0 %","0.0000","100 %","0000010000"
"12/22/2023 10:30:00 PM - 11:30:00 PM","45282.7500000000","59 %","59.0000","4,853 MB","5088650581.3333","0 %","0.0000","100 %","0000010000"
"12/22/2023 11:30:00 PM - 12:30:00 AM","45282.7916666667","59 %","58.6667","4,806 MB","5039849472.0000","0 %","0.0000","100 %","0000010000"
"12/23/2023 12:30:00 AM - 1:30:00 AM","45282.8333333333","59 %","59.0000","4,865 MB","5101224618.6667","0 %","0.0000","100 %","0000010000"
"12/23/2023 1:30:00 AM - 2:30:00 AM","45282.8750000000","59 %","59.0000","4,864 MB","5099809450.6667","0 %","0.0000","100 %","0000010000"
"12/23/2023 2:30:00 AM - 3:30:00 AM","45282.9166666667","59 %","59.0000","4,848 MB","5083543552.0000","0 %","0.0000","100 %","0000010000"
"12/23/2023 3:30:00 AM - 4:30:00 AM","45282.9583333333","59 %","59.0000","4,832 MB","5066810709.3333","0 %","0.0000","100 %","0000010000"
"12/23/2023 4:30:00 AM - 5:30:00 AM","45283.0000000000","59 %","59.0000","4,839 MB","5073963008.0000","0 %","0.0000","100 %","0000010000"
"12/23/2023 5:30:00 AM - 6:30:00 AM","45283.0416666667","59 %","59.0000","4,842 MB","5076824064.0000","0 %","0.0000","100 %","0000010000"
"12/23/2023 6:30:00 AM - 7:30:00 AM","45283.0833333333","59 %","59.0000","4,831 MB","5065964202.6667","0 %","0.0000","100 %","0000010000"
"12/23/2023 7:30:00 AM - 8:30:00 AM","45283.1250000000","59 %","59.0000","4,832 MB","5066276864.0000","0 %","0.0000","100 %","0000010000"
"12/23/2023 8:30:00 AM - 9:30:00 AM","45283.1666666667","58 %","57.6667","4,722 MB","4951659861.3333","0 %","0.0000","100 %","0000010000"
"12/23/2023 9:30:00 AM - 10:30:00 AM","45283.2083333333","58 %","57.6667","4,707 MB","4935644501.3333","0 %","0.0000","100 %","0000010000"
"12/23/2023 10:30:00 AM - 11:30:00 AM","45283.2500000000","60 %","59.5000","4,874 MB","5111067989.3333","0 %","0.0000","100 %","0000010000"
"12/23/2023 11:30:00 AM - 12:30:00 PM","45283.2916666667","60 %","59.5000","4,880 MB","5117007189.3333","0 %","0.0000","100 %","0000010000"
"12/23/2023 12:30:00 PM - 1:30:00 PM","45283.3333333333","60 %","59.5000","4,880 MB","5116684288.0000","0 %","0.0000","100 %","0000010000"
"12/23/2023 1:30:00 PM - 2:30:00 PM","45283.3750000000","60 %","59.6667","4,886 MB","5122957994.6667","0 %","0.0000","100 %","0000010000"
"12/23/2023 2:30:00 PM - 3:30:00 PM","45283.4166666667","60 %","59.5000","4,880 MB","5117328042.6667","0 %","0.0000","100 %","0000010000"
"12/23/2023 3:30:00 PM - 4:30:00 PM","45283.4583333333","60 %","59.6667","4,882 MB","5119314602.6667","0 %","0.0000","100 %","0000010000"
"12/23/2023 4:30:00 PM - 5:30:00 PM","45283.5000000000","59 %","59.3333","4,878 MB","5115304618.6667","0 %","0.0000","100 %","0000010000"
"12/23/2023 5:30:00 PM - 6:30:00 PM","45283.5416666667","60 %","59.5000","4,881 MB","5117749248.0000","0 %","0.0000","100 %","0000010000"
"12/23/2023 6:30:00 PM - 7:30:00 PM","45283.5833333333","60 %","59.5000","4,880 MB","5116792832.0000","0 %","0.0000","100 %","0000010000"
"12/23/2023 7:30:00 PM - 8:30:00 PM","45283.6250000000","60 %","59.8333","4,910 MB","5148351829.3333","0 %","0.0000","100 %","0000010000"
"12/23/2023 8:30:00 PM - 9:30:00 PM","45283.6666666667","60 %","60.1667","4,942 MB","5182296064.0000","0 %","0.0000","100 %","0000010000"
"12/23/2023 9:30:00 PM - 10:30:00 PM","45283.7083333333","60 %","60.3333","4,951 MB","5191010304.0000","0 %","0.0000","100 %","0000010000"
"12/23/2023 10:30:00 PM - 11:30:00 PM","45283.7500000000","61 %","60.6667","4,951 MB","5191048533.3333","0 %","0.0000","100 %","0000010000"
"12/23/2023 11:30:00 PM - 12:30:00 AM","45283.7916666667","60 %","60.5000","4,947 MB","5187402410.6667","0 %","0.0000","100 %","0000010000"
"12/24/2023 12:30:00 AM - 1:30:00 AM","45283.8333333333","61 %","60.8333","4,956 MB","5197232128.0000","0 %","0.0000","100 %","0000010000"
"12/24/2023 1:30:00 AM - 2:30:00 AM","45283.8750000000","60 %","60.1667","4,951 MB","5191596714.6667","0 %","0.0000","100 %","0000010000"
"12/24/2023 2:30:00 AM - 3:30:00 AM","45283.9166666667","60 %","60.1667","4,941 MB","5181220181.3333","0 %","0.0000","100 %","0000010000"
"12/24/2023 3:30:00 AM - 4:30:00 AM","45283.9583333333","60 %","60.0000","4,929 MB","5168354645.3333","0 %","0.0000","100 %","0000010000"
"12/24/2023 4:30:00 AM - 5:30:00 AM","45284.0000000000","60 %","60.0000","4,931 MB","5170767872.0000","0 %","0.0000","100 %","0000010000"
"12/24/2023 5:30:00 AM - 6:30:00 AM","45284.0416666667","60 %","60.0000","4,929 MB","5168287744.0000","0 %","0.0000","100 %","0000010000"
"12/24/2023 6:30:00 AM - 7:30:00 AM","45284.0833333333","60 %","60.0000","4,932 MB","5171875840.0000","0 %","0.0000","100 %","0000010000"
"12/24/2023 7:30:00 AM - 8:30:00 AM","45284.1250000000","60 %","60.2857","4,959 MB","5199500434.2857","0 %","0.0000","100 %","0000010000"
"12/24/2023 8:30:00 AM - 9:30:00 AM","45284.1666666667","61 %","60.8333","4,971 MB","5212723882.6667","0 %","0.0000","100 %","0000010000"
"12/24/2023 9:30:00 AM - 10:30:00 AM","45284.2083333333","61 %","60.8333","4,968 MB","5209029290.6667","0 %","0.0000","100 %","0000010000"
"12/24/2023 10:30:00 AM - 11:30:00 AM","45284.2500000000","60 %","60.1667","4,951 MB","5191973546.6667","0 %","0.0000","100 %","0000010000"
"12/24/2023 11:30:00 AM - 12:30:00 PM","45284.2916666667","60 %","60.3333","4,957 MB","5197660842.6667","0 %","0.0000","100 %","0000010000"
"12/24/2023 12:30:00 PM - 1:30:00 PM","45284.3333333333","60 %","60.3333","4,953 MB","5193771690.6667","0 %","0.0000","100 %","0000010000"
"12/24/2023 1:30:00 PM - 2:30:00 PM","45284.3750000000","60 %","60.3333","4,953 MB","5193265152.0000","0 %","0.0000","100 %","0000010000"
"12/24/2023 2:30:00 PM - 3:30:00 PM","45284.4166666667","60 %","60.5000","4,952 MB","5192501248.0000","0 %","0.0000","100 %","0000010000"
"12/24/2023 3:30:00 PM - 4:30:00 PM","45284.4583333333","60 %","60.5000","4,951 MB","5191464960.0000","0 %","0.0000","100 %","0000010000"
"12/24/2023 4:30:00 PM - 5:30:00 PM","45284.5000000000","60 %","60.5000","4,948 MB","5187940352.0000","0 %","0.0000","100 %","0000010000"
"12/24/2023 5:30:00 PM - 6:30:00 PM","45284.5416666667","60 %","60.3333","4,945 MB","5184835584.0000","0 %","0.0000","100 %","0000010000"
"12/24/2023 6:30:00 PM - 7:30:00 PM","45284.5833333333","61 %","60.6667","4,951 MB","5191803562.6667","0 %","0.0000","100 %","0000010000"
"12/24/2023 7:30:00 PM - 8:30:00 PM","45284.6250000000","60 %","60.1667","4,944 MB","5184387072.0000","0 %","0.0000","100 %","0000010000"
"12/24/2023 8:30:00 PM - 9:30:00 PM","45284.6666666667","60 %","60.5000","4,948 MB","5188136277.3333","0 %","0.0000","100 %","0000010000"
"12/24/2023 9:30:00 PM - 10:30:00 PM","45284.7083333333","61 %","60.6667","4,960 MB","5200994304.0000","0 %","0.0000","100 %","0000010000"
"12/24/2023 10:30:00 PM - 11:30:00 PM","45284.7500000000","60 %","60.5000","4,956 MB","5197225301.3333","0 %","0.0000","100 %","0000010000"
"12/24/2023 11:30:00 PM - 12:30:00 AM","45284.7916666667","60 %","60.5000","4,958 MB","5198871210.6667","0 %","0.0000","100 %","0000010000"
"12/25/2023 12:30:00 AM - 1:30:00 AM","45284.8333333333","61 %","61.0000","4,969 MB","5210416469.3333","0 %","0.0000","100 %","0000010000"
"12/25/2023 1:30:00 AM - 2:30:00 AM","45284.8750000000","61 %","61.0000","4,966 MB","5207151274.6667","0 %","0.0000","100 %","0000010000"
"12/25/2023 2:30:00 AM - 3:30:00 AM","45284.9166666667","60 %","60.3333","4,948 MB","5188164266.6667","0 %","0.0000","100 %","0000010000"
"12/25/2023 3:30:00 AM - 4:30:00 AM","45284.9583333333","61 %","60.6667","4,964 MB","5204907349.3333","0 %","0.0000","100 %","0000010000"
"12/25/2023 4:30:00 AM - 5:30:00 AM","45285.0000000000","61 %","61.0000","4,970 MB","5211617280.0000","0 %","0.0000","100 %","0000010000"
"12/25/2023 5:30:00 AM - 6:30:00 AM","45285.0416666667","61 %","61.0000","4,968 MB","5209593173.3333","0 %","0.0000","100 %","0000010000"
"12/25/2023 6:30:00 AM - 7:30:00 AM","45285.0833333333","61 %","60.6667","4,965 MB","5205807786.6667","0 %","0.0000","100 %","0000010000"
"12/25/2023 7:30:00 AM - 8:30:00 AM","45285.1250000000","60 %","60.5000","4,961 MB","5202220373.3333","0 %","0.0000","100 %","0000010000"
"12/25/2023 8:30:00 AM - 9:30:00 AM","45285.1666666667","61 %","60.6667","4,962 MB","5203264170.6667","0 %","0.0000","100 %","0000010000"
"12/25/2023 9:30:00 AM - 10:30:00 AM","45285.2083333333","60 %","60.5000","4,954 MB","5195158186.6667","0 %","0.0000","100 %","0000010000"
"12/25/2023 10:30:00 AM - 11:30:00 AM","45285.2500000000","60 %","60.3333","4,949 MB","5189911893.3333","0 %","0.0000","100 %","0000010000"
"12/25/2023 11:30:00 AM - 12:30:00 PM","45285.2916666667","60 %","60.3333","4,946 MB","5185847296.0000","0 %","0.0000","100 %","0000010000"
"12/25/2023 12:30:00 PM - 1:30:00 PM","45285.3333333333","60 %","60.3333","4,949 MB","5188984832.0000","0 %","0.0000","100 %","0000010000"
"12/25/2023 1:30:00 PM - 2:30:00 PM","45285.3750000000","60 %","60.3333","4,948 MB","5188364970.6667","0 %","0.0000","100 %","0000010000"
"12/25/2023 2:30:00 PM - 3:30:00 PM","45285.4166666667","60 %","60.3333","4,945 MB","5184893610.6667","0 %","0.0000","100 %","0000010000"
"12/25/2023 3:30:00 PM - 4:30:00 PM","45285.4583333333","60 %","60.1667","4,941 MB","5181436586.6667","0 %","0.0000","100 %","0000010000"
"12/25/2023 4:30:00 PM - 5:30:00 PM","45285.5000000000","60 %","60.3333","4,949 MB","5189061290.6667","0 %","0.0000","100 %","0000010000"
"12/25/2023 5:30:00 PM - 6:30:00 PM","45285.5416666667","60 %","60.0000","4,947 MB","5186900650.6667","0 %","0.0000","100 %","0000010000"
"12/25/2023 6:30:00 PM - 7:30:00 PM","45285.5833333333","60 %","60.0000","4,932 MB","5171882666.6667","0 %","0.0000","100 %","0000010000"
"12/25/2023 7:30:00 PM - 8:30:00 PM","45285.6250000000","60 %","60.0000","4,933 MB","5173073920.0000","0 %","0.0000","100 %","0000010000"
"12/25/2023 8:30:00 PM - 9:30:00 PM","45285.6666666667","60 %","60.0000","4,940 MB","5179653461.3333","0 %","0.0000","100 %","0000010000"
"12/25/2023 9:30:00 PM - 10:30:00 PM","45285.7083333333","60 %","60.0000","4,937 MB","5176435370.6667","0 %","0.0000","100 %","0000010000"
"12/25/2023 10:30:00 PM - 11:30:00 PM","45285.7500000000","60 %","60.0000","4,939 MB","5178790570.6667","0 %","0.0000","100 %","0000010000"
"12/25/2023 11:30:00 PM - 12:30:00 AM","45285.7916666667","60 %","60.0000","4,942 MB","5182199125.3333","0 %","0.0000","100 %","0000010000"
"12/26/2023 12:30:00 AM - 1:30:00 AM","45285.8333333333","60 %","60.0000","4,952 MB","5192121002.6667","0 %","0.0000","100 %","0000010000"
"12/26/2023 1:30:00 AM - 2:30:00 AM","45285.8750000000","60 %","60.3333","4,954 MB","5194777941.3333","0 %","0.0000","100 %","0000010000"
"12/26/2023 2:30:00 AM - 3:30:00 AM","45285.9166666667","60 %","60.5000","4,955 MB","5195436714.6667","0 %","0.0000","100 %","0000010000"
"12/26/2023 3:30:00 AM - 4:30:00 AM","45285.9583333333","60 %","60.0000","4,941 MB","5180697258.6667","0 %","0.0000","100 %","0000010000"
"12/26/2023 4:30:00 AM - 5:30:00 AM","45286.0000000000","61 %","60.6667","4,955 MB","5195775317.3333","0 %","0.0000","100 %","0000010000"
"12/26/2023 5:30:00 AM - 6:30:00 AM","45286.0416666667","60 %","60.3333","4,944 MB","5183959040.0000","0 %","0.0000","100 %","0000010000"
"12/26/2023 6:30:00 AM - 7:30:00 AM","45286.0833333333","60 %","60.5000","4,952 MB","5192641877.3333","0 %","0.0000","100 %","0000010000"
"12/26/2023 7:30:00 AM - 8:30:00 AM","45286.1250000000","60 %","60.3333","4,946 MB","5185972224.0000","0 %","0.0000","100 %","0000010000"
"12/26/2023 8:30:00 AM - 9:30:00 AM","45286.1666666667","60 %","60.5000","4,945 MB","5185529173.3333","0 %","0.0000","100 %","0000010000"
"12/26/2023 9:30:00 AM - 10:30:00 AM","45286.2083333333","60 %","60.3333","4,945 MB","5185577642.6667","0 %","0.0000","100 %","0000010000"
"12/26/2023 10:30:00 AM - 11:30:00 AM","45286.2500000000","60 %","60.0000","4,929 MB","5168622933.3333","0 %","0.0000","100 %","0000010000"
"12/26/2023 11:30:00 AM - 12:30:00 PM","45286.2916666667","60 %","60.0000","4,900 MB","5137997824.0000","0 %","0.0000","100 %","0000010000"
"12/26/2023 12:30:00 PM - 1:30:00 PM","45286.3333333333","60 %","60.1667","4,915 MB","5153230165.3333","0 %","0.0000","100 %","0000010000"
"12/26/2023 1:30:00 PM - 2:30:00 PM","45286.3750000000","60 %","60.3333","4,954 MB","5194648917.3333","0 %","0.0000","100 %","0000010000"
"12/26/2023 2:30:00 PM - 3:30:00 PM","45286.4166666667","61 %","60.8333","4,977 MB","5218520405.3333","0 %","0.0000","100 %","0000010000"
"12/26/2023 3:30:00 PM - 4:30:00 PM","45286.4583333333","60 %","60.5000","4,960 MB","5201211392.0000","0 %","0.0000","100 %","0000010000"
"12/26/2023 4:30:00 PM - 5:30:00 PM","45286.5000000000","60 %","60.5000","4,955 MB","5196191061.3333","0 %","0.0000","100 %","0000010000"
"12/26/2023 5:30:00 PM - 6:30:00 PM","45286.5416666667","61 %","60.6667","4,966 MB","5207737685.3333","0 %","0.0000","100 %","0000010000"
"12/26/2023 6:30:00 PM - 7:30:00 PM","45286.5833333333","61 %","60.8333","4,977 MB","5219164842.6667","0 %","0.0000","100 %","0000010000"
"12/26/2023 7:30:00 PM - 8:30:00 PM","45286.6250000000","61 %","61.0000","4,981 MB","5222643712.0000","0 %","0.0000","100 %","0000010000"
"12/26/2023 8:30:00 PM - 9:30:00 PM","45286.6666666667","61 %","61.0000","4,989 MB","5231172949.3333","0 %","0.0000","100 %","0000010000"
"12/26/2023 9:30:00 PM - 10:30:00 PM","45286.7083333333","61 %","60.6667","4,963 MB","5203800064.0000","0 %","0.0000","100 %","0000010000"
"12/26/2023 10:30:00 PM - 11:30:00 PM","45286.7500000000","61 %","61.0000","4,983 MB","5225205077.3333","0 %","0.0000","100 %","0000010000"
"12/26/2023 11:30:00 PM - 12:30:00 AM","45286.7916666667","61 %","61.0000","4,984 MB","5226134869.3333","0 %","0.0000","100 %","0000010000"
"12/27/2023 12:30:00 AM - 1:30:00 AM","45286.8333333333","61 %","61.0000","4,991 MB","5233539072.0000","0 %","0.0000","100 %","0000010000"
"12/27/2023 1:30:00 AM - 2:30:00 AM","45286.8750000000","61 %","61.0000","4,986 MB","5227939157.3333","0 %","0.0000","100 %","0000010000"
"12/27/2023 2:30:00 AM - 3:30:00 AM","45286.9166666667","61 %","60.8333","4,978 MB","5220120576.0000","0 %","0.0000","100 %","0000010000"
"12/27/2023 3:30:00 AM - 4:30:00 AM","45286.9583333333","60 %","60.5000","4,960 MB","5201354752.0000","0 %","0.0000","100 %","0000010000"
"12/27/2023 4:30:00 AM - 5:30:00 AM","45287.0000000000","61 %","60.8333","4,965 MB","5205861034.6667","0 %","0.0000","100 %","0000010000"
"12/27/2023 5:30:00 AM - 6:30:00 AM","45287.0416666667","61 %","60.6667","4,959 MB","5199373653.3333","0 %","0.0000","100 %","0000010000"
"12/27/2023 6:30:00 AM - 7:30:00 AM","45287.0833333333","61 %","60.8333","4,961 MB","5202294101.3333","0 %","0.0000","100 %","0000010000"
"12/27/2023 7:30:00 AM - 8:30:00 AM","45287.1250000000","61 %","60.8333","4,971 MB","5212360704.0000","0 %","0.0000","100 %","0000010000"
"12/27/2023 8:30:00 AM - 9:30:00 AM","45287.1666666667","61 %","60.8333","4,965 MB","5206426282.6667","0 %","0.0000","100 %","0000010000"
"12/27/2023 9:30:00 AM - 10:30:00 AM","45287.2083333333","61 %","60.6667","4,968 MB","5209008810.6667","0 %","0.0000","100 %","0000010000"
"12/27/2023 10:30:00 AM - 11:30:00 AM","45287.2500000000","61 %","61.0000","4,995 MB","5237684224.0000","0 %","0.0000","100 %","0000010000"
"12/27/2023 11:30:00 AM - 12:30:00 PM","45287.2916666667","61 %","61.0000","4,982 MB","5223747584.0000","0 %","0.0000","100 %","0000010000"
"12/27/2023 12:30:00 PM - 1:30:00 PM","45287.3333333333","60 %","60.5000","4,963 MB","5204595370.6667","0 %","0.0000","100 %","0000010000"
"12/27/2023 1:30:00 PM - 2:30:00 PM","45287.3750000000","61 %","61.0000","4,976 MB","5217935360.0000","0 %","0.0000","100 %","0000010000"
"12/27/2023 2:30:00 PM - 3:30:00 PM","45287.4166666667","61 %","60.6667","4,958 MB","5198330538.6667","0 %","0.0000","100 %","0000010000"
"12/27/2023 3:30:00 PM - 4:30:00 PM","45287.4583333333","60 %","60.5000","4,955 MB","5195979434.6667","0 %","0.0000","100 %","0000010000"
"12/27/2023 4:30:00 PM - 5:30:00 PM","45287.5000000000","60 %","60.5000","4,949 MB","5189258581.3333","0 %","0.0000","100 %","0000010000"
"12/27/2023 5:30:00 PM - 6:30:00 PM","45287.5416666667","60 %","60.1667","4,932 MB","5171490133.3333","0 %","0.0000","100 %","0000010000"
"12/27/2023 6:30:00 PM - 7:30:00 PM","45287.5833333333","61 %","60.8333","4,971 MB","5212116309.3333","0 %","0.0000","100 %","0000010000"
"12/27/2023 7:30:00 PM - 8:30:00 PM","45287.6250000000","61 %","60.8333","4,974 MB","5215551488.0000","0 %","0.0000","100 %","0000010000"
"12/27/2023 8:30:00 PM - 9:30:00 PM","45287.6666666667","61 %","60.8333","4,977 MB","5218276693.3333","0 %","0.0000","100 %","0000010000"
"12/27/2023 9:30:00 PM - 10:30:00 PM","45287.7083333333","61 %","60.6667","4,972 MB","5213598378.6667","0 %","0.0000","100 %","0000010000"
"12/27/2023 10:30:00 PM - 11:30:00 PM","45287.7500000000","61 %","60.6667","4,960 MB","5200913749.3333","0 %","0.0000","100 %","0000010000"
"12/27/2023 11:30:00 PM - 12:30:00 AM","45287.7916666667","61 %","60.6667","4,959 MB","5199532032.0000","0 %","0.0000","100 %","0000010000"
"12/28/2023 12:30:00 AM - 1:30:00 AM","45287.8333333333","61 %","61.0000","4,979 MB","5220704938.6667","0 %","0.0000","100 %","0000010000"
"12/28/2023 1:30:00 AM - 2:30:00 AM","45287.8750000000","61 %","60.8333","4,973 MB","5214113109.3333","0 %","0.0000","100 %","0000010000"
"12/28/2023 2:30:00 AM - 3:30:00 AM","45287.9166666667","61 %","60.6667","4,963 MB","5203905194.6667","0 %","0.0000","100 %","0000010000"
"12/28/2023 3:30:00 AM - 4:30:00 AM","45287.9583333333","60 %","60.3333","4,950 MB","5190944085.3333","0 %","0.0000","100 %","0000010000"
"12/28/2023 4:30:00 AM - 5:30:00 AM","45288.0000000000","61 %","60.8333","4,971 MB","5212912981.3333","0 %","0.0000","100 %","0000010000"
"12/28/2023 5:30:00 AM - 6:30:00 AM","45288.0416666667","61 %","60.8333","4,964 MB","5205269845.3333","0 %","0.0000","100 %","0000010000"
"12/28/2023 6:30:00 AM - 7:30:00 AM","45288.0833333333","60 %","60.3333","4,956 MB","5196670976.0000","0 %","0.0000","100 %","0000010000"
"12/28/2023 7:30:00 AM - 8:30:00 AM","45288.1250000000","60 %","60.5000","4,948 MB","5188635306.6667","0 %","0.0000","100 %","0000010000"
"12/28/2023 8:30:00 AM - 9:30:00 AM","45288.1666666667","60 %","60.3333","4,958 MB","5199260330.6667","0 %","0.0000","100 %","0000010000"
"12/28/2023 9:30:00 AM - 10:30:00 AM","45288.2083333333","60 %","60.0000","4,930 MB","5169642837.3333","0 %","0.0000","100 %","0000010000"
"12/28/2023 10:30:00 AM - 11:30:00 AM","45288.2500000000","60 %","60.3333","4,944 MB","5183696896.0000","0 %","0.0000","100 %","0000010000"
"12/28/2023 11:30:00 AM - 12:30:00 PM","45288.2916666667","60 %","60.1667","4,906 MB","5144774656.0000","0 %","0.0000","100 %","0000010000"
"12/28/2023 12:30:00 PM - 1:30:00 PM","45288.3333333333","60 %","60.1667","4,932 MB","5171739306.6667","0 %","0.0000","100 %","0000010000"
"12/28/2023 1:30:00 PM - 2:30:00 PM","45288.3750000000","60 %","60.0000","4,926 MB","5165295616.0000","0 %","0.0000","100 %","0000010000"
"12/28/2023 2:30:00 PM - 3:30:00 PM","45288.4166666667","61 %","60.6667","4,973 MB","5214463317.3333","0 %","0.0000","100 %","0000010000"
"12/28/2023 3:30:00 PM - 4:30:00 PM","45288.4583333333","61 %","60.6667","4,969 MB","5209931776.0000","0 %","0.0000","100 %","0000010000"
"12/28/2023 4:30:00 PM - 5:30:00 PM","45288.5000000000","60 %","60.3333","4,944 MB","5184425984.0000","0 %","0.0000","100 %","0000010000"
"12/28/2023 5:30:00 PM - 6:30:00 PM","45288.5416666667","61 %","60.6667","4,960 MB","5200454314.6667","0 %","0.0000","100 %","0000010000"
"12/28/2023 6:30:00 PM - 7:30:00 PM","45288.5833333333","61 %","61.0000","4,980 MB","5221385557.3333","0 %","0.0000","100 %","0000010000"
"12/28/2023 7:30:00 PM - 8:30:00 PM","45288.6250000000","61 %","60.6667","4,960 MB","5200956074.6667","0 %","0.0000","100 %","0000010000"
"12/28/2023 8:30:00 PM - 9:30:00 PM","45288.6666666667","61 %","60.8333","4,976 MB","5217655466.6667","0 %","0.0000","100 %","0000010000"
"12/28/2023 9:30:00 PM - 10:30:00 PM","45288.7083333333","61 %","60.6667","4,961 MB","5201558186.6667","0 %","0.0000","100 %","0000010000"
"12/28/2023 10:30:00 PM - 11:30:00 PM","45288.7500000000","61 %","60.8333","4,973 MB","5214746624.0000","0 %","0.0000","100 %","0000010000"
"12/28/2023 11:30:00 PM - 12:30:00 AM","45288.7916666667","61 %","60.6667","4,953 MB","5193917781.3333","0 %","0.0000","100 %","0000010000"
"12/29/2023 12:30:00 AM - 1:30:00 AM","45288.8333333333","61 %","61.0000","4,979 MB","5220818261.3333","0 %","0.0000","100 %","0000010000"
"12/29/2023 1:30:00 AM - 2:30:00 AM","45288.8750000000","61 %","60.8333","4,971 MB","5212172288.0000","0 %","0.0000","100 %","0000010000"
"12/29/2023 2:30:00 AM - 3:30:00 AM","45288.9166666667","61 %","60.8333","4,971 MB","5212914346.6667","0 %","0.0000","100 %","0000010000"
"12/29/2023 3:30:00 AM - 4:30:00 AM","45288.9583333333","60 %","60.5000","4,952 MB","5192030208.0000","0 %","0.0000","100 %","0000010000"
"12/29/2023 4:30:00 AM - 5:30:00 AM","45289.0000000000","61 %","60.8333","4,967 MB","5207862613.3333","0 %","0.0000","100 %","0000010000"
"12/29/2023 5:30:00 AM - 6:30:00 AM","45289.0416666667","61 %","60.8333","4,968 MB","5209236821.3333","0 %","0.0000","100 %","0000010000"
"12/29/2023 6:30:00 AM - 7:30:00 AM","45289.0833333333","61 %","60.6667","4,960 MB","5201189546.6667","0 %","0.0000","100 %","0000010000"
"12/29/2023 7:30:00 AM - 8:30:00 AM","45289.1250000000","60 %","60.5000","4,953 MB","5193668608.0000","0 %","0.0000","100 %","0000010000"
"12/29/2023 8:30:00 AM - 9:30:00 AM","45289.1666666667","61 %","60.8333","4,965 MB","5205821440.0000","0 %","0.0000","100 %","0000010000"
"12/29/2023 9:30:00 AM - 10:30:00 AM","45289.2083333333","60 %","60.5000","4,945 MB","5185129813.3333","0 %","0.0000","100 %","0000010000"
"12/29/2023 10:30:00 AM - 11:30:00 AM","45289.2500000000","60 %","60.0000","4,911 MB","5149964288.0000","0 %","0.0000","100 %","0000010000"
"12/29/2023 11:30:00 AM - 12:30:00 PM","45289.2916666667","60 %","60.0000","4,906 MB","5144474965.3333","0 %","0.0000","100 %","0000010000"
"12/29/2023 12:30:00 PM - 1:30:00 PM","45289.3333333333","60 %","60.0000","4,904 MB","5142018730.6667","0 %","0.0000","100 %","0000010000"
"12/29/2023 1:30:00 PM - 2:30:00 PM","45289.3750000000","60 %","60.0000","4,901 MB","5138550784.0000","0 %","0.0000","100 %","0000010000"
"12/29/2023 2:30:00 PM - 3:30:00 PM","45289.4166666667","59 %","59.3333","4,867 MB","5103551146.6667","0 %","0.0000","100 %","0000010000"
"12/29/2023 3:30:00 PM - 4:30:00 PM","45289.4583333333","59 %","59.0000","4,838 MB","5072822954.6667","0 %","0.0000","100 %","0000010000"
"12/29/2023 4:30:00 PM - 5:30:00 PM","45289.5000000000","60 %","59.5000","4,870 MB","5106171221.3333","0 %","0.0000","100 %","0000010000"
"12/29/2023 5:30:00 PM - 6:30:00 PM","45289.5416666667","59 %","59.1667","4,843 MB","5078295893.3333","0 %","0.0000","100 %","0000010000"
"12/29/2023 6:30:00 PM - 7:30:00 PM","45289.5833333333","60 %","59.6667","4,879 MB","5116241237.3333","0 %","0.0000","100 %","0000010000"
"12/29/2023 7:30:00 PM - 8:30:00 PM","45289.6250000000","60 %","59.6667","4,878 MB","5114484736.0000","0 %","0.0000","100 %","0000010000"
"12/29/2023 8:30:00 PM - 9:30:00 PM","45289.6666666667","60 %","59.8333","4,879 MB","5115794090.6667","0 %","0.0000","100 %","0000010000"
"12/29/2023 9:30:00 PM - 10:30:00 PM","45289.7083333333","60 %","59.5000","4,866 MB","5102313472.0000","0 %","0.0000","100 %","0000010000"
"12/29/2023 10:30:00 PM - 11:30:00 PM","45289.7500000000","60 %","59.6667","4,882 MB","5119527594.6667","0 %","0.0000","100 %","0000010000"
"12/29/2023 11:30:00 PM - 12:30:00 AM","45289.7916666667","60 %","59.5000","4,876 MB","5113313280.0000","0 %","0.0000","100 %","0000010000"
"12/30/2023 12:30:00 AM - 1:30:00 AM","45289.8333333333","60 %","59.5000","4,872 MB","5109115562.6667","0 %","0.0000","100 %","0000010000"
"12/30/2023 1:30:00 AM - 2:30:00 AM","45289.8750000000","59 %","59.3333","4,859 MB","5094675114.6667","0 %","0.0000","100 %","0000010000"
"12/30/2023 2:30:00 AM - 3:30:00 AM","45289.9166666667","59 %","59.0000","4,849 MB","5084582570.6667","0 %","0.0000","100 %","0000010000"
"12/30/2023 3:30:00 AM - 4:30:00 AM","45289.9583333333","58 %","58.5000","4,803 MB","5036421120.0000","0 %","0.0000","100 %","0000010000"
"12/30/2023 4:30:00 AM - 5:30:00 AM","45290.0000000000","58 %","57.5000","4,709 MB","4937817429.3333","0 %","0.0000","100 %","0000010000"
"12/30/2023 5:30:00 AM - 6:30:00 AM","45290.0416666667","58 %","58.3333","4,772 MB","5003283797.3333","0 %","0.0000","100 %","0000010000"
"12/30/2023 6:30:00 AM - 7:30:00 AM","45290.0833333333","59 %","59.0000","4,822 MB","5056227328.0000","0 %","0.0000","100 %","0000010000"
"12/30/2023 7:30:00 AM - 8:30:00 AM","45290.1250000000","59 %","59.0000","4,820 MB","5054528170.6667","0 %","0.0000","100 %","0000010000"
"12/30/2023 8:30:00 AM - 9:30:00 AM","45290.1666666667","59 %","59.0000","4,822 MB","5056512000.0000","0 %","0.0000","100 %","0000010000"
"12/30/2023 9:30:00 AM - 10:30:00 AM","45290.2083333333","59 %","58.8333","4,825 MB","5059743061.3333","0 %","0.0000","100 %","0000010000"
"12/30/2023 10:30:00 AM - 11:30:00 AM","45290.2500000000","59 %","59.0000","4,829 MB","5063170048.0000","0 %","0.0000","100 %","0000010000"
"12/30/2023 11:30:00 AM - 12:30:00 PM","45290.2916666667","59 %","59.0000","4,839 MB","5074287274.6667","0 %","0.0000","100 %","0000010000"
"12/30/2023 12:30:00 PM - 1:30:00 PM","45290.3333333333","59 %","59.0000","4,841 MB","5075822592.0000","0 %","0.0000","100 %","0000010000"
"12/30/2023 1:30:00 PM - 2:30:00 PM","45290.3750000000","59 %","59.0000","4,845 MB","5080679765.3333","0 %","0.0000","100 %","0000010000"
"12/30/2023 2:30:00 PM - 3:30:00 PM","45290.4166666667","59 %","59.0000","4,851 MB","5086904320.0000","0 %","0.0000","100 %","0000010000"
"12/30/2023 3:30:00 PM - 4:30:00 PM","45290.4583333333","59 %","59.1667","4,851 MB","5086361600.0000","0 %","0.0000","100 %","0000010000"
"12/30/2023 4:30:00 PM - 5:30:00 PM","45290.5000000000","59 %","59.0000","4,853 MB","5088294229.3333","0 %","0.0000","100 %","0000010000"
"12/30/2023 5:30:00 PM - 6:30:00 PM","45290.5416666667","59 %","59.1667","4,849 MB","5084603050.6667","0 %","0.0000","100 %","0000010000"
"12/30/2023 6:30:00 PM - 7:30:00 PM","45290.5833333333","59 %","59.0000","4,841 MB","5075883349.3333","0 %","0.0000","100 %","0000010000"
"12/30/2023 7:30:00 PM - 8:30:00 PM","45290.6250000000","59 %","59.0000","4,839 MB","5073685162.6667","0 %","0.0000","100 %","0000010000"
"12/30/2023 8:30:00 PM - 9:30:00 PM","45290.6666666667","59 %","59.0000","4,836 MB","5070996138.6667","0 %","0.0000","100 %","0000010000"
"12/30/2023 9:30:00 PM - 10:30:00 PM","45290.7083333333","59 %","58.8333","4,831 MB","5065700010.6667","0 %","0.0000","100 %","0000010000"
"12/30/2023 10:30:00 PM - 11:30:00 PM","45290.7500000000","59 %","58.8333","4,814 MB","5048236032.0000","0 %","0.0000","100 %","0000010000"
"12/30/2023 11:30:00 PM - 12:30:00 AM","45290.7916666667","59 %","59.0000","4,842 MB","5077120341.3333","0 %","0.0000","100 %","0000010000"
"12/31/2023 12:30:00 AM - 1:30:00 AM","45290.8333333333","59 %","59.0000","4,843 MB","5077918378.6667","0 %","0.0000","100 %","0000010000"
"12/31/2023 1:30:00 AM - 2:30:00 AM","45290.8750000000","59 %","59.0000","4,840 MB","5075126272.0000","0 %","0.0000","100 %","0000010000"
"12/31/2023 2:30:00 AM - 3:30:00 AM","45290.9166666667","59 %","59.0000","4,827 MB","5061125461.3333","0 %","0.0000","100 %","0000010000"
"12/31/2023 3:30:00 AM - 4:30:00 AM","45290.9583333333","59 %","59.0000","4,809 MB","5042453162.6667","0 %","0.0000","100 %","0000010000"
"12/31/2023 4:30:00 AM - 5:30:00 AM","45291.0000000000","59 %","59.0000","4,812 MB","5046256981.3333","0 %","0.0000","100 %","0000010000"
"12/31/2023 5:30:00 AM - 6:30:00 AM","45291.0416666667","59 %","59.0000","4,816 MB","5049436160.0000","0 %","0.0000","100 %","0000010000"
"12/31/2023 6:30:00 AM - 7:30:00 AM","45291.0833333333","59 %","59.0000","4,813 MB","5046713685.3333","0 %","0.0000","100 %","0000010000"
"12/31/2023 7:30:00 AM - 8:30:00 AM","45291.1250000000","59 %","58.6667","4,807 MB","5040724650.6667","0 %","0.0000","100 %","0000010000"
"12/31/2023 8:30:00 AM - 9:30:00 AM","45291.1666666667","59 %","58.8333","4,805 MB","5038178986.6667","0 %","0.0000","100 %","0000010000"
"12/31/2023 9:30:00 AM - 10:30:00 AM","45291.2083333333","59 %","58.6667","4,803 MB","5036188330.6667","0 %","0.0000","100 %","0000010000"
"12/31/2023 10:30:00 AM - 11:30:00 AM","45291.2500000000","59 %","58.6667","4,800 MB","5033646762.6667","0 %","0.0000","100 %","0000010000"
"12/31/2023 11:30:00 AM - 12:30:00 PM","45291.2916666667","59 %","58.8333","4,802 MB","5035144533.3333","0 %","0.0000","100 %","0000010000"
"12/31/2023 12:30:00 PM - 1:30:00 PM","45291.3333333333","59 %","58.6667","4,802 MB","5035316565.3333","0 %","0.0000","100 %","0000010000"
"12/31/2023 1:30:00 PM - 2:30:00 PM","45291.3750000000","59 %","58.6667","4,802 MB","5035567786.6667","0 %","0.0000","100 %","0000010000"
"12/31/2023 2:30:00 PM - 3:30:00 PM","45291.4166666667","59 %","58.6667","4,797 MB","5030120789.3333","0 %","0.0000","100 %","0000010000"
"12/31/2023 3:30:00 PM - 4:30:00 PM","45291.4583333333","59 %","59.0000","4,804 MB","5037432832.0000","0 %","0.0000","100 %","0000010000"
"12/31/2023 4:30:00 PM - 5:30:00 PM","45291.5000000000","59 %","59.0000","4,812 MB","5046112938.6667","0 %","0.0000","100 %","0000010000"
"12/31/2023 5:30:00 PM - 6:30:00 PM","45291.5416666667","59 %","58.8333","4,808 MB","5041477632.0000","0 %","0.0000","100 %","0000010000"
"12/31/2023 6:30:00 PM - 7:30:00 PM","45291.5833333333","59 %","58.6667","4,803 MB","5036337834.6667","0 %","0.0000","100 %","0000010000"
"12/31/2023 7:30:00 PM - 8:30:00 PM","45291.6250000000","58 %","58.5000","4,797 MB","5029990400.0000","0 %","0.0000","100 %","0000010000"
"12/31/2023 8:30:00 PM - 9:30:00 PM","45291.6666666667","59 %","59.0000","4,813 MB","5047305557.3333","0 %","0.0000","100 %","0000010000"
"12/31/2023 9:30:00 PM - 10:30:00 PM","45291.7083333333","59 %","58.6667","4,807 MB","5040316416.0000","0 %","0.0000","100 %","0000010000"
"12/31/2023 10:30:00 PM - 11:30:00 PM","45291.7500000000","59 %","58.8333","4,813 MB","5046756010.6667","0 %","0.0000","100 %","0000010000"
"12/31/2023 11:30:00 PM - 12:30:00 AM","45291.7916666667","59 %","58.8333","4,812 MB","5046103381.3333","0 %","0.0000","100 %","0000010000"
"1/1/2024 12:30:00 AM - 1:30:00 AM","45291.8333333333","59 %","59.0000","4,819 MB","5053162837.3333","0 %","0.0000","100 %","0000010000"
"1/1/2024 1:30:00 AM - 2:30:00 AM","45291.8750000000","59 %","59.0000","4,821 MB","5054869504.0000","0 %","0.0000","100 %","0000010000"
"1/1/2024 2:30:00 AM - 3:30:00 AM","45291.9166666667","59 %","58.8333","4,808 MB","5041552042.6667","0 %","0.0000","100 %","0000010000"
"1/1/2024 3:30:00 AM - 4:30:00 AM","45291.9583333333","58 %","58.5000","4,798 MB","5031520938.6667","0 %","0.0000","100 %","0000010000"
"1/1/2024 4:30:00 AM - 5:30:00 AM","45292.0000000000","59 %","59.0000","4,813 MB","5046708224.0000","0 %","0.0000","100 %","0000010000"
"1/1/2024 5:30:00 AM - 6:30:00 AM","45292.0416666667","59 %","59.0000","4,819 MB","5053173077.3333","0 %","0.0000","100 %","0000010000"
"1/1/2024 6:30:00 AM - 7:30:00 AM","45292.0833333333","59 %","59.0000","4,820 MB","5054398464.0000","0 %","0.0000","100 %","0000010000"
"1/1/2024 7:30:00 AM - 8:30:00 AM","45292.1250000000","59 %","59.0000","4,836 MB","5071100586.6667","0 %","0.0000","100 %","0000010000"
"1/1/2024 8:30:00 AM - 9:30:00 AM","45292.1666666667","59 %","59.0000","4,839 MB","5074497536.0000","0 %","0.0000","100 %","0000010000"
"1/1/2024 9:30:00 AM - 10:30:00 AM","45292.2083333333","59 %","59.0000","4,828 MB","5062607530.6667","0 %","0.0000","100 %","0000010000"
"1/1/2024 10:30:00 AM - 11:30:00 AM","45292.2500000000","59 %","59.0000","4,825 MB","5059524608.0000","0 %","0.0000","100 %","0000010000"
"1/1/2024 11:30:00 AM - 12:30:00 PM","45292.2916666667","59 %","59.0000","4,833 MB","5067594410.6667","0 %","0.0000","100 %","0000010000"
"1/1/2024 12:30:00 PM - 1:30:00 PM","45292.3333333333","59 %","59.0000","4,828 MB","5062708565.3333","0 %","0.0000","100 %","0000010000"
"1/1/2024 1:30:00 PM - 2:30:00 PM","45292.3750000000","59 %","59.0000","4,820 MB","5054056448.0000","0 %","0.0000","100 %","0000010000"
"1/1/2024 2:30:00 PM - 3:30:00 PM","45292.4166666667","59 %","58.8333","4,811 MB","5044545536.0000","0 %","0.0000","100 %","0000010000"
"1/1/2024 3:30:00 PM - 4:30:00 PM","45292.4583333333","59 %","59.0000","4,823 MB","5057639082.6667","0 %","0.0000","100 %","0000010000"
"1/1/2024 4:30:00 PM - 5:30:00 PM","45292.5000000000","59 %","59.0000","4,828 MB","5062462805.3333","0 %","0.0000","100 %","0000010000"
"1/1/2024 5:30:00 PM - 6:30:00 PM","45292.5416666667","59 %","59.0000","4,819 MB","5053324629.3333","0 %","0.0000","100 %","0000010000"
"1/1/2024 6:30:00 PM - 7:30:00 PM","45292.5833333333","59 %","59.0000","4,818 MB","5052448085.3333","0 %","0.0000","100 %","0000010000"
"1/1/2024 7:30:00 PM - 8:30:00 PM","45292.6250000000","59 %","59.0000","4,811 MB","5044642474.6667","0 %","0.0000","100 %","0000010000"
"1/1/2024 8:30:00 PM - 9:30:00 PM","45292.6666666667","59 %","58.8333","4,819 MB","5053385386.6667","0 %","0.0000","100 %","0000010000"
"1/1/2024 9:30:00 PM - 10:30:00 PM","45292.7083333333","59 %","58.8333","4,807 MB","5040281600.0000","0 %","0.0000","100 %","0000010000"
"1/1/2024 10:30:00 PM - 11:30:00 PM","45292.7500000000","59 %","58.8333","4,812 MB","5045815978.6667","0 %","0.0000","100 %","0000010000"
"1/1/2024 11:30:00 PM - 12:30:00 AM","45292.7916666667","59 %","58.8333","4,804 MB","5037068970.6667","0 %","0.0000","100 %","0000010000"
"1/2/2024 12:30:00 AM - 1:30:00 AM","45292.8333333333","59 %","59.0000","4,821 MB","5055264085.3333","0 %","0.0000","100 %","0000010000"
"1/2/2024 1:30:00 AM - 2:30:00 AM","45292.8750000000","59 %","59.0000","4,823 MB","5057263616.0000","0 %","0.0000","100 %","0000010000"
"1/2/2024 2:30:00 AM - 3:30:00 AM","45292.9166666667","59 %","59.0000","4,817 MB","5050964650.6667","0 %","0.0000","100 %","0000010000"
"1/2/2024 3:30:00 AM - 4:30:00 AM","45292.9583333333","59 %","58.6667","4,802 MB","5034952021.3333","0 %","0.0000","100 %","0000010000"
"1/2/2024 4:30:00 AM - 5:30:00 AM","45293.0000000000","59 %","59.0000","4,822 MB","5056631466.6667","0 %","0.0000","100 %","0000010000"
"1/2/2024 5:30:00 AM - 6:30:00 AM","45293.0416666667","59 %","59.0000","4,819 MB","5052782182.4000","0 %","0.0000","100 %","0000010000"
"1/2/2024 6:30:00 AM - 7:30:00 AM","45293.0833333333","59 %","59.0000","4,813 MB","5047102122.6667","0 %","0.0000","100 %","0000010000"
"1/2/2024 7:30:00 AM - 8:30:00 AM","45293.1250000000","59 %","59.0000","4,825 MB","5059802453.3333","0 %","0.0000","100 %","0000010000"
"1/2/2024 8:30:00 AM - 9:30:00 AM","45293.1666666667","59 %","59.0000","4,822 MB","5056486741.3333","0 %","0.0000","100 %","0000010000"
"1/2/2024 9:30:00 AM - 10:30:00 AM","45293.2083333333","59 %","59.0000","4,824 MB","5058254848.0000","0 %","0.0000","100 %","0000010000"
"1/2/2024 10:30:00 AM - 11:30:00 AM","45293.2500000000","59 %","59.0000","4,814 MB","5048250368.0000","0 %","0.0000","100 %","0000010000"
"1/2/2024 11:30:00 AM - 12:30:00 PM","45293.2916666667","59 %","58.6667","4,806 MB","5039916373.3333","0 %","0.0000","100 %","0000010000"
"1/2/2024 12:30:00 PM - 1:30:00 PM","45293.3333333333","58 %","58.5000","4,791 MB","5023898282.6667","0 %","0.0000","100 %","0000010000"
"1/2/2024 1:30:00 PM - 2:30:00 PM","45293.3750000000","59 %","58.6667","4,804 MB","5037679957.3333","0 %","0.0000","100 %","0000010000"
"1/2/2024 2:30:00 PM - 3:30:00 PM","45293.4166666667","58 %","58.1667","4,770 MB","5001569621.3333","0 %","0.0000","100 %","0000010000"
"1/2/2024 3:30:00 PM - 4:30:00 PM","45293.4583333333","58 %","58.1667","4,779 MB","5010874368.0000","0 %","0.0000","100 %","0000010000"
"1/2/2024 4:30:00 PM - 5:30:00 PM","45293.5000000000","59 %","58.6667","4,801 MB","5033873408.0000","0 %","0.0000","100 %","0000010000"
"1/2/2024 5:30:00 PM - 6:30:00 PM","45293.5416666667","58 %","58.5000","4,802 MB","5035509760.0000","0 %","0.0000","100 %","0000010000"
"1/2/2024 6:30:00 PM - 7:30:00 PM","45293.5833333333","59 %","59.1667","4,833 MB","5067982165.3333","0 %","0.0000","100 %","0000010000"
"1/2/2024 7:30:00 PM - 8:30:00 PM","45293.6250000000","59 %","59.1667","4,848 MB","5083359914.6667","0 %","0.0000","100 %","0000010000"
"1/2/2024 8:30:00 PM - 9:30:00 PM","45293.6666666667","59 %","59.1667","4,850 MB","5086057813.3333","0 %","0.0000","100 %","0000010000"
"1/2/2024 9:30:00 PM - 10:30:00 PM","45293.7083333333","59 %","59.0000","4,863 MB","5099143168.0000","0 %","0.0000","100 %","0000010000"
"1/2/2024 10:30:00 PM - 11:30:00 PM","45293.7500000000","59 %","59.3333","4,863 MB","5099066026.6667","0 %","0.0000","100 %","0000010000"
"1/2/2024 11:30:00 PM - 12:30:00 AM","45293.7916666667","59 %","59.3333","4,845 MB","5080369152.0000","0 %","0.0000","100 %","0000010000"
"1/3/2024 12:30:00 AM - 1:30:00 AM","45293.8333333333","59 %","59.0000","4,859 MB","5095100416.0000","0 %","0.0000","100 %","0000010000"
"1/3/2024 1:30:00 AM - 2:30:00 AM","45293.8750000000","59 %","59.0000","4,859 MB","5094992554.6667","0 %","0.0000","100 %","0000010000"
"1/3/2024 2:30:00 AM - 3:30:00 AM","45293.9166666667","59 %","59.0000","4,844 MB","5078879573.3333","0 %","0.0000","100 %","0000010000"
"1/3/2024 3:30:00 AM - 4:30:00 AM","45293.9583333333","59 %","59.0000","4,837 MB","5072296618.6667","0 %","0.0000","100 %","0000010000"
"1/3/2024 4:30:00 AM - 5:30:00 AM","45294.0000000000","59 %","59.0000","4,844 MB","5079229781.3333","0 %","0.0000","100 %","0000010000"
"1/3/2024 5:30:00 AM - 6:30:00 AM","45294.0416666667","59 %","59.0000","4,841 MB","5076331861.3333","0 %","0.0000","100 %","0000010000"
"1/3/2024 6:30:00 AM - 7:30:00 AM","45294.0833333333","59 %","59.0000","4,838 MB","5073177258.6667","0 %","0.0000","100 %","0000010000"
"1/3/2024 7:30:00 AM - 8:30:00 AM","45294.1250000000","59 %","59.0000","4,831 MB","5065797632.0000","0 %","0.0000","100 %","0000010000"
"1/3/2024 8:30:00 AM - 9:30:00 AM","45294.1666666667","59 %","59.0000","4,837 MB","5071484245.3333","0 %","0.0000","100 %","0000010000"
"1/3/2024 9:30:00 AM - 10:30:00 AM","45294.2083333333","59 %","59.0000","4,832 MB","5066504874.6667","0 %","0.0000","100 %","0000010000"
"1/3/2024 10:30:00 AM - 11:30:00 AM","45294.2500000000","59 %","59.0000","4,831 MB","5065434453.3333","0 %","0.0000","100 %","0000010000"
"1/3/2024 11:30:00 AM - 12:30:00 PM","45294.2916666667","59 %","58.6667","4,795 MB","5027913045.3333","0 %","0.0000","100 %","0000010000"
"1/3/2024 12:30:00 PM - 1:30:00 PM","45294.3333333333","58 %","58.0000","4,774 MB","5005921621.3333","0 %","0.0000","100 %","0000010000"
"1/3/2024 1:30:00 PM - 2:30:00 PM","45294.3750000000","58 %","58.1667","4,787 MB","5019370837.3333","0 %","0.0000","100 %","0000010000"
"1/3/2024 2:30:00 PM - 3:30:00 PM","45294.4166666667","58 %","58.5000","4,791 MB","5023313920.0000","0 %","0.0000","100 %","0000010000"
"1/3/2024 3:30:00 PM - 4:30:00 PM","45294.4583333333","58 %","58.3333","4,779 MB","5011621205.3333","0 %","0.0000","100 %","0000010000"
"1/3/2024 4:30:00 PM - 5:30:00 PM","45294.5000000000","59 %","58.6667","4,797 MB","5030408874.6667","0 %","0.0000","100 %","0000010000"
"1/3/2024 5:30:00 PM - 6:30:00 PM","45294.5416666667","58 %","58.0000","4,763 MB","4994114901.3333","0 %","0.0000","100 %","0000010000"
"1/3/2024 6:30:00 PM - 7:30:00 PM","45294.5833333333","59 %","58.8333","4,805 MB","5038289578.6667","0 %","0.0000","100 %","0000010000"
"1/3/2024 7:30:00 PM - 8:30:00 PM","45294.6250000000","59 %","59.0000","4,807 MB","5040321194.6667","0 %","0.0000","100 %","0000010000"
"1/3/2024 8:30:00 PM - 9:30:00 PM","45294.6666666667","59 %","59.0000","4,819 MB","5052568917.3333","0 %","0.0000","100 %","0000010000"
"1/3/2024 9:30:00 PM - 10:30:00 PM","45294.7083333333","59 %","59.0000","4,812 MB","5046191445.3333","0 %","0.0000","100 %","0000010000"
"1/3/2024 10:30:00 PM - 11:30:00 PM","45294.7500000000","59 %","58.8333","4,810 MB","5043208192.0000","0 %","0.0000","100 %","0000010000"
"1/3/2024 11:30:00 PM - 12:30:00 AM","45294.7916666667","59 %","59.0000","4,819 MB","5052575061.3333","0 %","0.0000","100 %","0000010000"
"1/4/2024 12:30:00 AM - 1:30:00 AM","45294.8333333333","59 %","59.0000","4,827 MB","5060979370.6667","0 %","0.0000","100 %","0000010000"
"1/4/2024 1:30:00 AM - 2:30:00 AM","45294.8750000000","59 %","58.8333","4,805 MB","5038516906.6667","0 %","0.0000","100 %","0000010000"
"1/4/2024 2:30:00 AM - 3:30:00 AM","45294.9166666667","59 %","58.6667","4,803 MB","5036287317.3333","0 %","0.0000","100 %","0000010000"
"1/4/2024 3:30:00 AM - 4:30:00 AM","45294.9583333333","58 %","58.3333","4,792 MB","5024260778.6667","0 %","0.0000","100 %","0000010000"
"1/4/2024 4:30:00 AM - 5:30:00 AM","45295.0000000000","59 %","58.6667","4,798 MB","5030985045.3333","0 %","0.0000","100 %","0000010000"
"1/4/2024 5:30:00 AM - 6:30:00 AM","45295.0416666667","59 %","58.8333","4,803 MB","5035941205.3333","0 %","0.0000","100 %","0000010000"
"1/4/2024 6:30:00 AM - 7:30:00 AM","45295.0833333333","58 %","58.1667","4,791 MB","5023841621.3333","0 %","0.0000","100 %","0000010000"
"1/4/2024 7:30:00 AM - 8:30:00 AM","45295.1250000000","58 %","58.3333","4,788 MB","5020178432.0000","0 %","0.0000","100 %","0000010000"
"1/4/2024 8:30:00 AM - 9:30:00 AM","45295.1666666667","58 %","58.3333","4,788 MB","5021095253.3333","0 %","0.0000","100 %","0000010000"
"1/4/2024 9:30:00 AM - 10:30:00 AM","45295.2083333333","58 %","58.5000","4,787 MB","5019802282.6667","0 %","0.0000","100 %","0000010000"
"1/4/2024 10:30:00 AM - 11:30:00 AM","45295.2500000000","58 %","58.0000","4,769 MB","5000335360.0000","0 %","0.0000","100 %","0000010000"
"1/4/2024 11:30:00 AM - 12:30:00 PM","45295.2916666667","58 %","57.8333","4,733 MB","4962534741.3333","0 %","0.0000","100 %","0000010000"
"1/4/2024 12:30:00 PM - 1:30:00 PM","45295.3333333333","58 %","58.0000","4,737 MB","4967221248.0000","0 %","0.0000","100 %","0000010000"
"1/4/2024 1:30:00 PM - 2:30:00 PM","45295.3750000000","58 %","58.1667","4,781 MB","5012781056.0000","0 %","0.0000","100 %","0000010000"
"1/4/2024 2:30:00 PM - 3:30:00 PM","45295.4166666667","58 %","58.0000","4,753 MB","4983420928.0000","0 %","0.0000","100 %","0000010000"
"1/4/2024 3:30:00 PM - 4:30:00 PM","45295.4583333333","58 %","58.0000","4,753 MB","4984342528.0000","0 %","0.0000","100 %","0000010000"
"1/4/2024 4:30:00 PM - 5:30:00 PM","45295.5000000000","58 %","58.0000","4,754 MB","4985348778.6667","0 %","0.0000","100 %","0000010000"
"1/4/2024 5:30:00 PM - 6:30:00 PM","45295.5416666667","58 %","58.0000","4,740 MB","4970249557.3333","0 %","0.0000","100 %","0000010000"
"1/4/2024 6:30:00 PM - 7:30:00 PM","45295.5833333333","58 %","58.0000","4,744 MB","4974487552.0000","0 %","0.0000","100 %","0000010000"
"1/4/2024 7:30:00 PM - 8:30:00 PM","45295.6250000000","58 %","58.0000","4,746 MB","4976579925.3333","0 %","0.0000","100 %","0000010000"
"1/4/2024 8:30:00 PM - 9:30:00 PM","45295.6666666667","58 %","58.1667","4,776 MB","5008332800.0000","0 %","0.0000","100 %","0000010000"
"1/4/2024 9:30:00 PM - 10:30:00 PM","45295.7083333333","58 %","58.5000","4,796 MB","5029471573.3333","0 %","0.0000","100 %","0000010000"
"1/4/2024 10:30:00 PM - 11:30:00 PM","45295.7500000000","59 %","58.8333","4,808 MB","5041879040.0000","0 %","0.0000","100 %","0000010000"
"1/4/2024 11:30:00 PM - 12:30:00 AM","45295.7916666667","59 %","58.8333","4,811 MB","5044239018.6667","0 %","0.0000","100 %","0000010000"
"1/5/2024 12:30:00 AM - 1:30:00 AM","45295.8333333333","59 %","59.0000","4,826 MB","5060494677.3333","0 %","0.0000","100 %","0000010000"
"1/5/2024 1:30:00 AM - 2:30:00 AM","45295.8750000000","59 %","59.0000","4,825 MB","5059814058.6667","0 %","0.0000","100 %","0000010000"
"1/5/2024 2:30:00 AM - 3:30:00 AM","45295.9166666667","59 %","59.0000","4,813 MB","5046530730.6667","0 %","0.0000","100 %","0000010000"
"1/5/2024 3:30:00 AM - 4:30:00 AM","45295.9583333333","58 %","58.3333","4,790 MB","5022219605.3333","0 %","0.0000","100 %","0000010000"
"1/5/2024 4:30:00 AM - 5:30:00 AM","45296.0000000000","59 %","58.6667","4,801 MB","5034326016.0000","0 %","0.0000","100 %","0000010000"
"1/5/2024 5:30:00 AM - 6:30:00 AM","45296.0416666667","59 %","58.6667","4,800 MB","5032716288.0000","0 %","0.0000","100 %","0000010000"
"1/5/2024 6:30:00 AM - 7:30:00 AM","45296.0833333333","59 %","58.8333","4,797 MB","5029975381.3333","0 %","0.0000","100 %","0000010000"
"1/5/2024 7:30:00 AM - 8:30:00 AM","45296.1250000000","59 %","58.6667","4,793 MB","5026110805.3333","0 %","0.0000","100 %","0000010000"
"1/5/2024 8:30:00 AM - 9:30:00 AM","45296.1666666667","58 %","58.3333","4,781 MB","5012723029.3333","0 %","0.0000","100 %","0000010000"
"1/5/2024 9:30:00 AM - 10:30:00 AM","45296.2083333333","58 %","58.1667","4,785 MB","5017266176.0000","0 %","0.0000","100 %","0000010000"
"1/5/2024 10:30:00 AM - 11:30:00 AM","45296.2500000000","58 %","58.1667","4,750 MB","4981054805.3333","0 %","0.0000","100 %","0000010000"
"1/5/2024 11:30:00 AM - 12:30:00 PM","45296.2916666667","58 %","58.1667","4,747 MB","4977881088.0000","0 %","0.0000","100 %","0000010000"
"1/5/2024 12:30:00 PM - 1:30:00 PM","45296.3333333333","58 %","58.1667","4,760 MB","4991391744.0000","0 %","0.0000","100 %","0000010000"
"1/5/2024 1:30:00 PM - 2:30:00 PM","45296.3750000000","58 %","57.5000","4,733 MB","4963174400.0000","0 %","0.0000","100 %","0000010000"
"1/5/2024 2:30:00 PM - 3:30:00 PM","45296.4166666667","58 %","58.0000","4,742 MB","4972436138.6667","0 %","0.0000","100 %","0000010000"
"1/5/2024 3:30:00 PM - 4:30:00 PM","45296.4583333333","58 %","58.1667","4,751 MB","4981538816.0000","0 %","0.0000","100 %","0000010000"
"1/5/2024 4:30:00 PM - 5:30:00 PM","45296.5000000000","58 %","57.8333","4,749 MB","4979903146.6667","0 %","0.0000","100 %","0000010000"
"1/5/2024 5:30:00 PM - 6:30:00 PM","45296.5416666667","58 %","57.8333","4,721 MB","4950316373.3333","0 %","0.0000","100 %","0000010000"
"1/5/2024 6:30:00 PM - 7:30:00 PM","45296.5833333333","58 %","57.6667","4,737 MB","4966881962.6667","0 %","0.0000","100 %","0000010000"
"1/5/2024 7:30:00 PM - 8:30:00 PM","45296.6250000000","58 %","58.0000","4,758 MB","4989211306.6667","0 %","0.0000","100 %","0000010000"
"1/5/2024 8:30:00 PM - 9:30:00 PM","45296.6666666667","58 %","58.1667","4,776 MB","5008125269.3333","0 %","0.0000","100 %","0000010000"
"1/5/2024 9:30:00 PM - 10:30:00 PM","45296.7083333333","58 %","58.5000","4,788 MB","5020867242.6667","0 %","0.0000","100 %","0000010000"
"1/5/2024 10:30:00 PM - 11:30:00 PM","45296.7500000000","59 %","58.8333","4,795 MB","5028290560.0000","0 %","0.0000","100 %","0000010000"
"1/5/2024 11:30:00 PM - 12:30:00 AM","45296.7916666667","58 %","58.3333","4,777 MB","5009312426.6667","0 %","0.0000","100 %","0000010000"
"1/6/2024 12:30:00 AM - 1:30:00 AM","45296.8333333333","59 %","59.0000","4,806 MB","5039281493.3333","0 %","0.0000","100 %","0000010000"
"1/6/2024 1:30:00 AM - 2:30:00 AM","45296.8750000000","59 %","59.0000","4,801 MB","5033971712.0000","0 %","0.0000","100 %","0000010000"
"1/6/2024 2:30:00 AM - 3:30:00 AM","45296.9166666667","58 %","58.3333","4,788 MB","5020517717.3333","0 %","0.0000","100 %","0000010000"
"1/6/2024 3:30:00 AM - 4:30:00 AM","45296.9583333333","58 %","58.1667","4,773 MB","5004840277.3333","0 %","0.0000","100 %","0000010000"
"1/6/2024 4:30:00 AM - 5:30:00 AM","45297.0000000000","58 %","58.3333","4,787 MB","5019953834.6667","0 %","0.0000","100 %","0000010000"
"1/6/2024 5:30:00 AM - 6:30:00 AM","45297.0416666667","57 %","57.3333","4,716 MB","4945438720.0000","0 %","0.0000","100 %","0000010000"
"1/6/2024 6:30:00 AM - 7:30:00 AM","45297.0833333333","58 %","57.6667","4,735 MB","4964572501.3333","0 %","0.0000","100 %","0000010000"
"1/6/2024 7:30:00 AM - 8:30:00 AM","45297.1250000000","59 %","59.0000","4,822 MB","5055954261.3333","0 %","0.0000","100 %","0000010000"
"1/6/2024 8:30:00 AM - 9:30:00 AM","45297.1666666667","59 %","59.0000","4,822 MB","5055868928.0000","0 %","0.0000","100 %","0000010000"
"1/6/2024 9:30:00 AM - 10:30:00 AM","45297.2083333333","59 %","59.0000","4,811 MB","5044859562.6667","0 %","0.0000","100 %","0000010000"
"1/6/2024 10:30:00 AM - 11:30:00 AM","45297.2500000000","59 %","59.0000","4,816 MB","5050187776.0000","0 %","0.0000","100 %","0000010000"
"1/6/2024 11:30:00 AM - 12:30:00 PM","45297.2916666667","59 %","59.0000","4,816 MB","5049703765.3333","0 %","0.0000","100 %","0000010000"
"1/6/2024 12:30:00 PM - 1:30:00 PM","45297.3333333333","59 %","59.0000","4,822 MB","5055744000.0000","0 %","0.0000","100 %","0000010000"
"1/6/2024 1:30:00 PM - 2:30:00 PM","45297.3750000000","59 %","58.8333","4,810 MB","5043311274.6667","0 %","0.0000","100 %","0000010000"
"1/6/2024 2:30:00 PM - 3:30:00 PM","45297.4166666667","59 %","58.6667","4,801 MB","5034690560.0000","0 %","0.0000","100 %","0000010000"
"1/6/2024 3:30:00 PM - 4:30:00 PM","45297.4583333333","59 %","59.0000","4,811 MB","5044897109.3333","0 %","0.0000","100 %","0000010000"
"1/6/2024 4:30:00 PM - 5:30:00 PM","45297.5000000000","59 %","59.0000","4,810 MB","5043389781.3333","0 %","0.0000","100 %","0000010000"
"1/6/2024 5:30:00 PM - 6:30:00 PM","45297.5416666667","59 %","58.8333","4,801 MB","5033864533.3333","0 %","0.0000","100 %","0000010000"
"1/6/2024 6:30:00 PM - 7:30:00 PM","45297.5833333333","59 %","58.6667","4,803 MB","5036533760.0000","0 %","0.0000","100 %","0000010000"
"1/6/2024 7:30:00 PM - 8:30:00 PM","45297.6250000000","59 %","58.8333","4,799 MB","5032512853.3333","0 %","0.0000","100 %","0000010000"
"1/6/2024 8:30:00 PM - 9:30:00 PM","45297.6666666667","59 %","58.8333","4,804 MB","5037340672.0000","0 %","0.0000","100 %","0000010000"
"1/6/2024 9:30:00 PM - 10:30:00 PM","45297.7083333333","59 %","58.8333","4,801 MB","5033697962.6667","0 %","0.0000","100 %","0000010000"
"1/6/2024 10:30:00 PM - 11:30:00 PM","45297.7500000000","59 %","58.6667","4,795 MB","5027720533.3333","0 %","0.0000","100 %","0000010000"
"1/6/2024 11:30:00 PM - 12:30:00 AM","45297.7916666667","58 %","58.5000","4,770 MB","5001746432.0000","0 %","0.0000","100 %","0000010000"
"1/7/2024 12:30:00 AM - 1:30:00 AM","45297.8333333333","59 %","59.0000","4,809 MB","5042094080.0000","0 %","0.0000","100 %","0000010000"
"1/7/2024 1:30:00 AM - 2:30:00 AM","45297.8750000000","59 %","59.0000","4,806 MB","5039223466.6667","0 %","0.0000","100 %","0000010000"
"1/7/2024 2:30:00 AM - 3:30:00 AM","45297.9166666667","59 %","59.0000","4,810 MB","5043223893.3333","0 %","0.0000","100 %","0000010000"
"1/7/2024 3:30:00 AM - 4:30:00 AM","45297.9583333333","59 %","58.8333","4,810 MB","5043377493.3333","0 %","0.0000","100 %","0000010000"
"1/7/2024 4:30:00 AM - 5:30:00 AM","45298.0000000000","59 %","59.0000","4,827 MB","5061153450.6667","0 %","0.0000","100 %","0000010000"
"1/7/2024 5:30:00 AM - 6:30:00 AM","45298.0416666667","59 %","59.0000","4,825 MB","5059372373.3333","0 %","0.0000","100 %","0000010000"
"1/7/2024 6:30:00 AM - 7:30:00 AM","45298.0833333333","59 %","59.0000","4,828 MB","5062004053.3333","0 %","0.0000","100 %","0000010000"
"1/7/2024 7:30:00 AM - 8:30:00 AM","45298.1250000000","59 %","59.0000","4,836 MB","5070458197.3333","0 %","0.0000","100 %","0000010000"
"1/7/2024 8:30:00 AM - 9:30:00 AM","45298.1666666667","59 %","59.0000","4,824 MB","5058805760.0000","0 %","0.0000","100 %","0000010000"
"1/7/2024 9:30:00 AM - 10:30:00 AM","45298.2083333333","59 %","59.0000","4,821 MB","5055461376.0000","0 %","0.0000","100 %","0000010000"
"1/7/2024 10:30:00 AM - 11:30:00 AM","45298.2500000000","59 %","59.0000","4,825 MB","5059380565.3333","0 %","0.0000","100 %","0000010000"
"1/7/2024 11:30:00 AM - 12:30:00 PM","45298.2916666667","59 %","59.0000","4,819 MB","5052759381.3333","0 %","0.0000","100 %","0000010000"
"1/7/2024 12:30:00 PM - 1:30:00 PM","45298.3333333333","59 %","59.0000","4,815 MB","5049375402.6667","0 %","0.0000","100 %","0000010000"
"1/7/2024 1:30:00 PM - 2:30:00 PM","45298.3750000000","59 %","59.0000","4,819 MB","5053435904.0000","0 %","0.0000","100 %","0000010000"
"1/7/2024 2:30:00 PM - 3:30:00 PM","45298.4166666667","59 %","59.0000","4,816 MB","5050204842.6667","0 %","0.0000","100 %","0000010000"
"1/7/2024 3:30:00 PM - 4:30:00 PM","45298.4583333333","59 %","59.0000","4,817 MB","5050573482.6667","0 %","0.0000","100 %","0000010000"
"1/7/2024 4:30:00 PM - 5:30:00 PM","45298.5000000000","59 %","58.6667","4,808 MB","5041224362.6667","0 %","0.0000","100 %","0000010000"
"1/7/2024 5:30:00 PM - 6:30:00 PM","45298.5416666667","59 %","58.8333","4,812 MB","5045796181.3333","0 %","0.0000","100 %","0000010000"
"1/7/2024 6:30:00 PM - 7:30:00 PM","45298.5833333333","59 %","58.8333","4,811 MB","5044399445.3333","0 %","0.0000","100 %","0000010000"
"1/7/2024 7:30:00 PM - 8:30:00 PM","45298.6250000000","59 %","58.8333","4,795 MB","5028302848.0000","0 %","0.0000","100 %","0000010000"
"1/7/2024 8:30:00 PM - 9:30:00 PM","45298.6666666667","58 %","58.5000","4,789 MB","5021446144.0000","0 %","0.0000","100 %","0000010000"
"1/7/2024 9:30:00 PM - 10:30:00 PM","45298.7083333333","58 %","58.5000","4,796 MB","5028629845.3333","0 %","0.0000","100 %","0000010000"
"1/7/2024 10:30:00 PM - 11:30:00 PM","45298.7500000000","59 %","58.8333","4,801 MB","5034345813.3333","0 %","0.0000","100 %","0000010000"
"1/7/2024 11:30:00 PM - 12:30:00 AM","45298.7916666667","59 %","58.8333","4,805 MB","5038824789.3333","0 %","0.0000","100 %","0000010000"
"1/8/2024 12:30:00 AM - 1:30:00 AM","45298.8333333333","59 %","59.0000","4,818 MB","5051932672.0000","0 %","0.0000","100 %","0000010000"
"1/8/2024 1:30:00 AM - 2:30:00 AM","45298.8750000000","59 %","59.0000","4,818 MB","5051559936.0000","0 %","0.0000","100 %","0000010000"
"1/8/2024 2:30:00 AM - 3:30:00 AM","45298.9166666667","59 %","59.0000","4,814 MB","5047767040.0000","0 %","0.0000","100 %","0000010000"
"1/8/2024 3:30:00 AM - 4:30:00 AM","45298.9583333333","59 %","59.0000","4,812 MB","5046108160.0000","0 %","0.0000","100 %","0000010000"
"1/8/2024 4:30:00 AM - 5:30:00 AM","45299.0000000000","59 %","59.0000","4,829 MB","5063785813.3333","0 %","0.0000","100 %","0000010000"
"1/8/2024 5:30:00 AM - 6:30:00 AM","45299.0416666667","59 %","59.0000","4,827 MB","5061429248.0000","0 %","0.0000","100 %","0000010000"
"1/8/2024 6:30:00 AM - 7:30:00 AM","45299.0833333333","59 %","59.0000","4,832 MB","5066290790.4000","0 %","0.0000","100 %","0000010000"
"1/8/2024 7:30:00 AM - 8:30:00 AM","45299.1250000000","59 %","59.0000","4,838 MB","5072586752.0000","0 %","0.0000","100 %","0000010000"
"1/8/2024 8:30:00 AM - 9:30:00 AM","45299.1666666667","59 %","59.0000","4,832 MB","5066209280.0000","0 %","0.0000","100 %","0000010000"
"1/8/2024 9:30:00 AM - 10:30:00 AM","45299.2083333333","59 %","59.0000","4,829 MB","5063181107.2000","0 %","0.0000","100 %","0000010000"
"1/8/2024 10:30:00 AM - 11:30:00 AM","45299.2500000000","59 %","59.0000","4,816 MB","5050258090.6667","0 %","0.0000","100 %","0000010000"
"1/8/2024 11:30:00 AM - 12:30:00 PM","45299.2916666667","58 %","58.3333","4,779 MB","5011292160.0000","0 %","0.0000","100 %","0000010000"
"1/8/2024 12:30:00 PM - 1:30:00 PM","45299.3333333333","58 %","58.3333","4,775 MB","5006860970.6667","0 %","0.0000","100 %","0000010000"
"1/8/2024 1:30:00 PM - 2:30:00 PM","45299.3750000000","59 %","58.6667","4,798 MB","5031160490.6667","0 %","0.0000","100 %","0000010000"
"1/8/2024 2:30:00 PM - 3:30:00 PM","45299.4166666667","58 %","58.0000","4,762 MB","4993094997.3333","0 %","0.0000","100 %","0000010000"
"1/8/2024 3:30:00 PM - 4:30:00 PM","45299.4583333333","58 %","57.8333","4,746 MB","4976074069.3333","0 %","0.0000","100 %","0000010000"
"1/8/2024 4:30:00 PM - 5:30:00 PM","45299.5000000000","58 %","58.5000","4,793 MB","5025952426.6667","0 %","0.0000","100 %","0000010000"
"1/8/2024 5:30:00 PM - 6:30:00 PM","45299.5416666667","58 %","58.0000","4,773 MB","5005116757.3333","0 %","0.0000","100 %","0000010000"
"1/8/2024 6:30:00 PM - 7:30:00 PM","45299.5833333333","59 %","58.6667","4,821 MB","5055241557.3333","0 %","0.0000","100 %","0000010000"
"1/8/2024 7:30:00 PM - 8:30:00 PM","45299.6250000000","59 %","59.0000","4,823 MB","5056947541.3333","0 %","0.0000","100 %","0000010000"
"1/8/2024 8:30:00 PM - 9:30:00 PM","45299.6666666667","59 %","59.0000","4,832 MB","5066999808.0000","0 %","0.0000","100 %","0000010000"
"1/8/2024 9:30:00 PM - 10:30:00 PM","45299.7083333333","59 %","59.0000","4,827 MB","5061335722.6667","0 %","0.0000","100 %","0000010000"
"1/8/2024 10:30:00 PM - 11:30:00 PM","45299.7500000000","60 %","59.5000","4,874 MB","5111271424.0000","0 %","0.0000","100 %","0000010000"
"1/8/2024 11:30:00 PM - 12:30:00 AM","45299.7916666667","59 %","59.3333","4,874 MB","5110629717.3333","0 %","0.0000","100 %","0000010000"
"1/9/2024 12:30:00 AM - 1:30:00 AM","45299.8333333333","60 %","59.5000","4,877 MB","5114105173.3333","0 %","0.0000","100 %","0000010000"
"1/9/2024 1:30:00 AM - 2:30:00 AM","45299.8750000000","60 %","59.5000","4,878 MB","5115251370.6667","0 %","0.0000","100 %","0000010000"
"1/9/2024 2:30:00 AM - 3:30:00 AM","45299.9166666667","60 %","59.6000","4,881 MB","5117798809.6000","0 %","0.0000","100 %","0000010000"
"1/9/2024 3:30:00 AM - 4:30:00 AM","45299.9583333333","59 %","59.0000","4,859 MB","5094647125.3333","0 %","0.0000","100 %","0000010000"
"1/9/2024 4:30:00 AM - 5:30:00 AM","45300.0000000000","59 %","59.1667","4,867 MB","5103166805.3333","0 %","0.0000","100 %","0000010000"
"1/9/2024 5:30:00 AM - 6:30:00 AM","45300.0416666667","60 %","59.5000","4,876 MB","5112905045.3333","0 %","0.0000","100 %","0000010000"
"1/9/2024 6:30:00 AM - 7:30:00 AM","45300.0833333333","60 %","59.6000","4,873 MB","5109973811.2000","0 %","0.0000","100 %","0000010000"
"1/9/2024 7:30:00 AM - 8:30:00 AM","45300.1250000000","60 %","59.5000","4,874 MB","5110622890.6667","0 %","0.0000","100 %","0000010000"
"1/9/2024 8:30:00 AM - 9:30:00 AM","45300.1666666667","60 %","60.0000","4,891 MB","5128592725.3333","0 %","0.0000","100 %","0000010000"
"1/9/2024 9:30:00 AM - 10:30:00 AM","45300.2083333333","60 %","59.6000","4,871 MB","5107707904.0000","0 %","0.0000","100 %","0000010000"
"1/9/2024 10:30:00 AM - 11:30:00 AM","45300.2500000000","59 %","59.0000","4,843 MB","5077742933.3333","0 %","0.0000","100 %","0000010000"
"1/9/2024 11:30:00 AM - 12:30:00 PM","45300.2916666667","59 %","59.0000","4,848 MB","5083800234.6667","0 %","0.0000","100 %","0000010000"
"1/9/2024 12:30:00 PM - 1:30:00 PM","45300.3333333333","59 %","59.0000","4,813 MB","5046327978.6667","0 %","0.0000","100 %","0000010000"
"1/9/2024 1:30:00 PM - 2:30:00 PM","45300.3750000000","59 %","59.0000","4,833 MB","5067850410.6667","0 %","0.0000","100 %","0000010000"
"1/9/2024 2:30:00 PM - 3:30:00 PM","45300.4166666667","59 %","59.1667","4,831 MB","5066061824.0000","0 %","0.0000","100 %","0000010000"
"1/9/2024 3:30:00 PM - 4:30:00 PM","45300.4583333333","59 %","59.0000","4,813 MB","5046560768.0000","0 %","0.0000","100 %","0000010000"
"1/9/2024 4:30:00 PM - 5:30:00 PM","45300.5000000000","59 %","59.0000","4,818 MB","5052218026.6667","0 %","0.0000","100 %","0000010000"
"1/9/2024 5:30:00 PM - 6:30:00 PM","45300.5416666667","59 %","59.1667","4,835 MB","5069628757.3333","0 %","0.0000","100 %","0000010000"
"1/9/2024 6:30:00 PM - 7:30:00 PM","45300.5833333333","59 %","59.1667","4,829 MB","5063717546.6667","0 %","0.0000","100 %","0000010000"
"1/9/2024 7:30:00 PM - 8:30:00 PM","45300.6250000000","59 %","59.1667","4,860 MB","5095633578.6667","0 %","0.0000","100 %","0000010000"
"1/9/2024 8:30:00 PM - 9:30:00 PM","45300.6666666667","59 %","59.1667","4,859 MB","5094569301.3333","0 %","0.0000","100 %","0000010000"
"1/9/2024 9:30:00 PM - 10:30:00 PM","45300.7083333333","59 %","59.1667","4,860 MB","5096198144.0000","0 %","0.0000","100 %","0000010000"
"1/9/2024 10:30:00 PM - 11:30:00 PM","45300.7500000000","59 %","59.1667","4,859 MB","5094715392.0000","0 %","0.0000","100 %","0000010000"
"1/9/2024 11:30:00 PM - 12:30:00 AM","45300.7916666667","59 %","59.0000","4,851 MB","5087094784.0000","0 %","0.0000","100 %","0000010000"
"1/10/2024 12:30:00 AM - 1:30:00 AM","45300.8333333333","59 %","59.0000","4,867 MB","5103574357.3333","0 %","0.0000","100 %","0000010000"
"1/10/2024 1:30:00 AM - 2:30:00 AM","45300.8750000000","60 %","59.5000","4,873 MB","5110230357.3333","0 %","0.0000","100 %","0000010000"
"1/10/2024 2:30:00 AM - 3:30:00 AM","45300.9166666667","59 %","59.0000","4,859 MB","5095130726.4000","0 %","0.0000","100 %","0000010000"
"1/10/2024 3:30:00 AM - 4:30:00 AM","45300.9583333333","59 %","59.1667","4,848 MB","5083734698.6667","0 %","0.0000","100 %","0000010000"
"1/10/2024 4:30:00 AM - 5:30:00 AM","45301.0000000000","59 %","59.3333","4,855 MB","5090693120.0000","0 %","0.0000","100 %","0000010000"
"1/10/2024 5:30:00 AM - 6:30:00 AM","45301.0416666667","59 %","59.1667","4,862 MB","5097782613.3333","0 %","0.0000","100 %","0000010000"
"1/10/2024 6:30:00 AM - 7:30:00 AM","45301.0833333333","60 %","59.8000","4,879 MB","5115703296.0000","0 %","0.0000","100 %","0000010000"
"1/10/2024 7:30:00 AM - 8:30:00 AM","45301.1250000000","60 %","60.0000","4,883 MB","5120660138.6667","0 %","0.0000","100 %","0000010000"
"1/10/2024 8:30:00 AM - 9:30:00 AM","45301.1666666667","60 %","59.6667","4,877 MB","5114047829.3333","0 %","0.0000","100 %","0000010000"
"1/10/2024 9:30:00 AM - 10:30:00 AM","45301.2083333333","59 %","59.3333","4,865 MB","5101568000.0000","0 %","0.0000","100 %","0000010000"
"1/10/2024 10:30:00 AM - 11:30:00 AM","45301.2500000000","59 %","59.0000","4,838 MB","5073192277.3333","0 %","0.0000","100 %","0000010000"
"1/10/2024 11:30:00 AM - 12:30:00 PM","45301.2916666667","60 %","59.5000","4,866 MB","5102813184.0000","0 %","0.0000","100 %","0000010000"
"1/10/2024 12:30:00 PM - 1:30:00 PM","45301.3333333333","60 %","59.8333","4,903 MB","5141460992.0000","0 %","0.0000","100 %","0000010000"
"1/10/2024 1:30:00 PM - 2:30:00 PM","45301.3750000000","60 %","60.0000","4,924 MB","5162812757.3333","0 %","0.0000","100 %","0000010000"
"1/10/2024 2:30:00 PM - 3:30:00 PM","45301.4166666667","59 %","59.3333","4,872 MB","5109039786.6667","0 %","0.0000","100 %","0000010000"
"1/10/2024 3:30:00 PM - 4:30:00 PM","45301.4583333333","60 %","59.6667","4,883 MB","5119991125.3333","0 %","0.0000","100 %","0000010000"
"1/10/2024 4:30:00 PM - 5:30:00 PM","45301.5000000000","60 %","59.6667","4,893 MB","5130174464.0000","0 %","0.0000","100 %","0000010000"
"1/10/2024 5:30:00 PM - 6:30:00 PM","45301.5416666667","59 %","59.1667","4,867 MB","5103898624.0000","0 %","0.0000","100 %","0000010000"
"1/10/2024 6:30:00 PM - 7:30:00 PM","45301.5833333333","60 %","59.6667","4,887 MB","5124249600.0000","0 %","0.0000","100 %","0000010000"
"1/10/2024 7:30:00 PM - 8:30:00 PM","45301.6250000000","60 %","60.0000","4,915 MB","5154183850.6667","0 %","0.0000","100 %","0000010000"
"1/10/2024 8:30:00 PM - 9:30:00 PM","45301.6666666667","60 %","60.0000","4,915 MB","5153601536.0000","0 %","0.0000","100 %","0000010000"
"1/10/2024 9:30:00 PM - 10:30:00 PM","45301.7083333333","60 %","60.0000","4,912 MB","5150339754.6667","0 %","0.0000","100 %","0000010000"
"1/10/2024 10:30:00 PM - 11:30:00 PM","45301.7500000000","60 %","60.0000","4,911 MB","5149411328.0000","0 %","0.0000","100 %","0000010000"
"1/10/2024 11:30:00 PM - 12:30:00 AM","45301.7916666667","60 %","60.0000","4,900 MB","5138348714.6667","0 %","0.0000","100 %","0000010000"
"1/11/2024 12:30:00 AM - 1:30:00 AM","45301.8333333333","60 %","60.0000","4,924 MB","5163296768.0000","0 %","0.0000","100 %","0000010000"
"1/11/2024 1:30:00 AM - 2:30:00 AM","45301.8750000000","60 %","60.0000","4,928 MB","5167337472.0000","0 %","0.0000","100 %","0000010000"
"1/11/2024 2:30:00 AM - 3:30:00 AM","45301.9166666667","60 %","60.0000","4,919 MB","5158184960.0000","0 %","0.0000","100 %","0000010000"
"1/11/2024 3:30:00 AM - 4:30:00 AM","45301.9583333333","60 %","60.0000","4,899 MB","5136759466.6667","0 %","0.0000","100 %","0000010000"
"1/11/2024 4:30:00 AM - 5:30:00 AM","45302.0000000000","60 %","60.0000","4,905 MB","5143188821.3333","0 %","0.0000","100 %","0000010000"
"1/11/2024 5:30:00 AM - 6:30:00 AM","45302.0416666667","60 %","60.0000","4,908 MB","5146778009.6000","0 %","0.0000","100 %","0000010000"
"1/11/2024 6:30:00 AM - 7:30:00 AM","45302.0833333333","60 %","60.0000","4,903 MB","5140831573.3333","0 %","0.0000","100 %","0000010000"
"1/11/2024 7:30:00 AM - 8:30:00 AM","45302.1250000000","60 %","60.0000","4,897 MB","5134362624.0000","0 %","0.0000","100 %","0000010000"
"1/11/2024 8:30:00 AM - 9:30:00 AM","45302.1666666667","60 %","59.5000","4,879 MB","5115684181.3333","0 %","0.0000","100 %","0000010000"
"1/11/2024 9:30:00 AM - 10:30:00 AM","45302.2083333333","60 %","59.6667","4,868 MB","5104889856.0000","0 %","0.0000","100 %","0000010000"
"1/11/2024 10:30:00 AM - 11:30:00 AM","45302.2500000000","60 %","59.5000","4,875 MB","5111356757.3333","0 %","0.0000","100 %","0000010000"
"1/11/2024 11:30:00 AM - 12:30:00 PM","45302.2916666667","59 %","59.1667","4,862 MB","5098469376.0000","0 %","0.0000","100 %","0000010000"
"1/11/2024 12:30:00 PM - 1:30:00 PM","45302.3333333333","59 %","59.3333","4,843 MB","5078423552.0000","0 %","0.0000","100 %","0000010000"
"1/11/2024 1:30:00 PM - 2:30:00 PM","45302.3750000000","59 %","59.1667","4,840 MB","5075128320.0000","0 %","0.0000","100 %","0000010000"
"1/11/2024 2:30:00 PM - 3:30:00 PM","45302.4166666667","59 %","59.1667","4,827 MB","5061548714.6667","0 %","0.0000","100 %","0000010000"
"1/11/2024 3:30:00 PM - 4:30:00 PM","45302.4583333333","59 %","59.0000","4,808 MB","5041915221.3333","0 %","0.0000","100 %","0000010000"
"1/11/2024 4:30:00 PM - 5:30:00 PM","45302.5000000000","59 %","59.0000","4,815 MB","5048550741.3333","0 %","0.0000","100 %","0000010000"
"1/11/2024 5:30:00 PM - 6:30:00 PM","45302.5416666667","59 %","58.8333","4,819 MB","5052952576.0000","0 %","0.0000","100 %","0000010000"
"1/11/2024 6:30:00 PM - 7:30:00 PM","45302.5833333333","59 %","59.0000","4,827 MB","5061634048.0000","0 %","0.0000","100 %","0000010000"
"1/11/2024 7:30:00 PM - 8:30:00 PM","45302.6250000000","59 %","59.0000","4,855 MB","5091049472.0000","0 %","0.0000","100 %","0000010000"
"1/11/2024 8:30:00 PM - 9:30:00 PM","45302.6666666667","59 %","59.0000","4,856 MB","5091668650.6667","0 %","0.0000","100 %","0000010000"
"1/11/2024 9:30:00 PM - 10:30:00 PM","45302.7083333333","59 %","59.0000","4,854 MB","5089731925.3333","0 %","0.0000","100 %","0000010000"
"1/11/2024 10:30:00 PM - 11:30:00 PM","45302.7500000000","59 %","59.0000","4,847 MB","5082881365.3333","0 %","0.0000","100 %","0000010000"
"1/11/2024 11:30:00 PM - 12:30:00 AM","45302.7916666667","59 %","59.0000","4,848 MB","5083008341.3333","0 %","0.0000","100 %","0000010000"
"1/12/2024 12:30:00 AM - 1:30:00 AM","45302.8333333333","59 %","59.0000","4,861 MB","5097115648.0000","0 %","0.0000","100 %","0000010000"
"1/12/2024 1:30:00 AM - 2:30:00 AM","45302.8750000000","59 %","59.0000","4,856 MB","5091703466.6667","0 %","0.0000","100 %","0000010000"
"1/12/2024 2:30:00 AM - 3:30:00 AM","45302.9166666667","59 %","59.0000","4,845 MB","5080505002.6667","0 %","0.0000","100 %","0000010000"
"1/12/2024 3:30:00 AM - 4:30:00 AM","45302.9583333333","59 %","59.0000","4,836 MB","5070678698.6667","0 %","0.0000","100 %","0000010000"
"1/12/2024 4:30:00 AM - 5:30:00 AM","45303.0000000000","59 %","59.0000","4,848 MB","5083160576.0000","0 %","0.0000","100 %","0000010000"
"1/12/2024 5:30:00 AM - 6:30:00 AM","45303.0416666667","60 %","59.5000","4,868 MB","5104482986.6667","0 %","0.0000","100 %","0000010000"
"1/12/2024 6:30:00 AM - 7:30:00 AM","45303.0833333333","60 %","59.5000","4,866 MB","5102524416.0000","0 %","0.0000","100 %","0000010000"
"1/12/2024 7:30:00 AM - 8:30:00 AM","45303.1250000000","60 %","59.5000","4,866 MB","5102460245.3333","0 %","0.0000","100 %","0000010000"
"1/12/2024 8:30:00 AM - 9:30:00 AM","45303.1666666667","59 %","59.0000","4,861 MB","5097288362.6667","0 %","0.0000","100 %","0000010000"
"1/12/2024 9:30:00 AM - 10:30:00 AM","45303.2083333333","59 %","59.0000","4,860 MB","5096383146.6667","0 %","0.0000","100 %","0000010000"
"1/12/2024 10:30:00 AM - 11:30:00 AM","45303.2500000000","59 %","59.0000","4,854 MB","5089967445.3333","0 %","0.0000","100 %","0000010000"
"1/12/2024 11:30:00 AM - 12:30:00 PM","45303.2916666667","59 %","58.6667","4,820 MB","5054615552.0000","0 %","0.0000","100 %","0000010000"
"1/12/2024 12:30:00 PM - 1:30:00 PM","45303.3333333333","59 %","58.8333","4,824 MB","5058377728.0000","0 %","0.0000","100 %","0000010000"
"1/12/2024 1:30:00 PM - 2:30:00 PM","45303.3750000000","59 %","59.0000","4,830 MB","5064512170.6667","0 %","0.0000","100 %","0000010000"
"1/12/2024 2:30:00 PM - 3:30:00 PM","45303.4166666667","59 %","59.0000","4,813 MB","5046528000.0000","0 %","0.0000","100 %","0000010000"
"1/12/2024 3:30:00 PM - 4:30:00 PM","45303.4583333333","59 %","59.0000","4,844 MB","5079186773.3333","0 %","0.0000","100 %","0000010000"
"1/12/2024 4:30:00 PM - 5:30:00 PM","45303.5000000000","59 %","59.0000","4,808 MB","5041681749.3333","0 %","0.0000","100 %","0000010000"
"1/12/2024 5:30:00 PM - 6:30:00 PM","45303.5416666667","58 %","58.3333","4,789 MB","5021599744.0000","0 %","0.0000","100 %","0000010000"
"1/12/2024 6:30:00 PM - 7:30:00 PM","45303.5833333333","59 %","58.8333","4,808 MB","5041057109.3333","0 %","0.0000","100 %","0000010000"
"1/12/2024 7:30:00 PM - 8:30:00 PM","45303.6250000000","59 %","59.0000","4,854 MB","5089327104.0000","0 %","0.0000","100 %","0000010000"
"1/12/2024 8:30:00 PM - 9:30:00 PM","45303.6666666667","60 %","59.8333","4,883 MB","5120367274.6667","0 %","0.0000","100 %","0000010000"
"1/12/2024 9:30:00 PM - 10:30:00 PM","45303.7083333333","60 %","59.6667","4,881 MB","5117595648.0000","0 %","0.0000","100 %","0000010000"
"1/12/2024 10:30:00 PM - 11:30:00 PM","45303.7500000000","60 %","59.5000","4,875 MB","5112111786.6667","0 %","0.0000","100 %","0000010000"
"1/12/2024 11:30:00 PM - 12:30:00 AM","45303.7916666667","60 %","59.6667","4,878 MB","5115342165.3333","0 %","0.0000","100 %","0000010000"
"1/13/2024 12:30:00 AM - 1:30:00 AM","45303.8333333333","60 %","60.0000","4,892 MB","5129430357.3333","0 %","0.0000","100 %","0000010000"
"1/13/2024 1:30:00 AM - 2:30:00 AM","45303.8750000000","59 %","59.3333","4,872 MB","5108386474.6667","0 %","0.0000","100 %","0000010000"
"1/13/2024 2:30:00 AM - 3:30:00 AM","45303.9166666667","59 %","59.0000","4,855 MB","5090426880.0000","0 %","0.0000","100 %","0000010000"
"1/13/2024 3:30:00 AM - 4:30:00 AM","45303.9583333333","59 %","59.0000","4,837 MB","5071766186.6667","0 %","0.0000","100 %","0000010000"
"1/13/2024 4:30:00 AM - 5:30:00 AM","45304.0000000000","59 %","59.0000","4,845 MB","5080684544.0000","0 %","0.0000","100 %","0000010000"
"1/13/2024 5:30:00 AM - 6:30:00 AM","45304.0416666667","59 %","59.0000","4,845 MB","5079994368.0000","0 %","0.0000","100 %","0000010000"
"1/13/2024 6:30:00 AM - 7:30:00 AM","45304.0833333333","59 %","59.0000","4,846 MB","5080965120.0000","0 %","0.0000","100 %","0000010000"
"1/13/2024 7:30:00 AM - 8:30:00 AM","45304.1250000000","58 %","57.5000","4,728 MB","4957544448.0000","0 %","0.0000","100 %","0000010000"
"1/13/2024 8:30:00 AM - 9:30:00 AM","45304.1666666667","58 %","58.5000","4,793 MB","5025985877.3333","0 %","0.0000","100 %","0000010000"
"1/13/2024 9:30:00 AM - 10:30:00 AM","45304.2083333333","59 %","59.3333","4,866 MB","5102532608.0000","0 %","0.0000","100 %","0000010000"
"1/13/2024 10:30:00 AM - 11:30:00 AM","45304.2500000000","60 %","60.0000","4,901 MB","5138818389.3333","0 %","0.0000","100 %","0000010000"
"1/13/2024 11:30:00 AM - 12:30:00 PM","45304.2916666667","60 %","60.0000","4,902 MB","5140430165.3333","0 %","0.0000","100 %","0000010000"
"1/13/2024 12:30:00 PM - 1:30:00 PM","45304.3333333333","60 %","60.0000","4,905 MB","5143777962.6667","0 %","0.0000","100 %","0000010000"
"1/13/2024 1:30:00 PM - 2:30:00 PM","45304.3750000000","60 %","60.0000","4,894 MB","5132194474.6667","0 %","0.0000","100 %","0000010000"
"1/13/2024 2:30:00 PM - 3:30:00 PM","45304.4166666667","60 %","59.8333","4,881 MB","5117623637.3333","0 %","0.0000","100 %","0000010000"
"1/13/2024 3:30:00 PM - 4:30:00 PM","45304.4583333333","60 %","59.8333","4,889 MB","5126902442.6667","0 %","0.0000","100 %","0000010000"
"1/13/2024 4:30:00 PM - 5:30:00 PM","45304.5000000000","60 %","60.0000","4,890 MB","5127189845.3333","0 %","0.0000","100 %","0000010000"
"1/13/2024 5:30:00 PM - 6:30:00 PM","45304.5416666667","60 %","59.6667","4,883 MB","5119793834.6667","0 %","0.0000","100 %","0000010000"
"1/13/2024 6:30:00 PM - 7:30:00 PM","45304.5833333333","59 %","59.3333","4,861 MB","5096606378.6667","0 %","0.0000","100 %","0000010000"
"1/13/2024 7:30:00 PM - 8:30:00 PM","45304.6250000000","60 %","60.0000","4,883 MB","5120140629.3333","0 %","0.0000","100 %","0000010000"
"1/13/2024 8:30:00 PM - 9:30:00 PM","45304.6666666667","60 %","59.8333","4,871 MB","5107410944.0000","0 %","0.0000","100 %","0000010000"
"1/13/2024 9:30:00 PM - 10:30:00 PM","45304.7083333333","60 %","60.0000","4,892 MB","5130003797.3333","0 %","0.0000","100 %","0000010000"
"1/13/2024 10:30:00 PM - 11:30:00 PM","45304.7500000000","60 %","59.8333","4,885 MB","5121827498.6667","0 %","0.0000","100 %","0000010000"
"1/13/2024 11:30:00 PM - 12:30:00 AM","45304.7916666667","60 %","59.8333","4,889 MB","5126273024.0000","0 %","0.0000","100 %","0000010000"
"1/14/2024 12:30:00 AM - 1:30:00 AM","45304.8333333333","60 %","60.0000","4,890 MB","5127400789.3333","0 %","0.0000","100 %","0000010000"
"1/14/2024 1:30:00 AM - 2:30:00 AM","45304.8750000000","60 %","60.0000","4,892 MB","5129860437.3333","0 %","0.0000","100 %","0000010000"
"1/14/2024 2:30:00 AM - 3:30:00 AM","45304.9166666667","60 %","59.5000","4,881 MB","5118235306.6667","0 %","0.0000","100 %","0000010000"
"1/14/2024 3:30:00 AM - 4:30:00 AM","45304.9583333333","59 %","59.0000","4,865 MB","5100881237.3333","0 %","0.0000","100 %","0000010000"
"1/14/2024 4:30:00 AM - 5:30:00 AM","45305.0000000000","60 %","59.5000","4,874 MB","5111119872.0000","0 %","0.0000","100 %","0000010000"
"1/14/2024 5:30:00 AM - 6:30:00 AM","45305.0416666667","60 %","59.5000","4,879 MB","5115556522.6667","0 %","0.0000","100 %","0000010000"
"1/14/2024 6:30:00 AM - 7:30:00 AM","45305.0833333333","60 %","59.5000","4,871 MB","5107662165.3333","0 %","0.0000","100 %","0000010000"
"1/14/2024 7:30:00 AM - 8:30:00 AM","45305.1250000000","60 %","59.5000","4,879 MB","5116517717.3333","0 %","0.0000","100 %","0000010000"
"1/14/2024 8:30:00 AM - 9:30:00 AM","45305.1666666667","60 %","59.5000","4,879 MB","5115587925.3333","0 %","0.0000","100 %","0000010000"
"1/14/2024 9:30:00 AM - 10:30:00 AM","45305.2083333333","60 %","59.5000","4,877 MB","5113680554.6667","0 %","0.0000","100 %","0000010000"
"1/14/2024 10:30:00 AM - 11:30:00 AM","45305.2500000000","60 %","59.5000","4,872 MB","5108496384.0000","0 %","0.0000","100 %","0000010000"
"1/14/2024 11:30:00 AM - 12:30:00 PM","45305.2916666667","60 %","59.5000","4,871 MB","5107507882.6667","0 %","0.0000","100 %","0000010000"
"1/14/2024 12:30:00 PM - 1:30:00 PM","45305.3333333333","60 %","59.5000","4,870 MB","5106738517.3333","0 %","0.0000","100 %","0000010000"
"1/14/2024 1:30:00 PM - 2:30:00 PM","45305.3750000000","60 %","59.5000","4,871 MB","5107108522.6667","0 %","0.0000","100 %","0000010000"
"1/14/2024 2:30:00 PM - 3:30:00 PM","45305.4166666667","60 %","59.8333","4,879 MB","5116218709.3333","0 %","0.0000","100 %","0000010000"
"1/14/2024 3:30:00 PM - 4:30:00 PM","45305.4583333333","60 %","59.5000","4,878 MB","5115247957.3333","0 %","0.0000","100 %","0000010000"
"1/14/2024 4:30:00 PM - 5:30:00 PM","45305.5000000000","59 %","59.3333","4,877 MB","5114011648.0000","0 %","0.0000","100 %","0000010000"
"1/14/2024 5:30:00 PM - 6:30:00 PM","45305.5416666667","59 %","59.3333","4,874 MB","5110896640.0000","0 %","0.0000","100 %","0000010000"
"1/14/2024 6:30:00 PM - 7:30:00 PM","45305.5833333333","59 %","59.3333","4,861 MB","5097178453.3333","0 %","0.0000","100 %","0000010000"
"1/14/2024 7:30:00 PM - 8:30:00 PM","45305.6250000000","60 %","59.6667","4,883 MB","5119987029.3333","0 %","0.0000","100 %","0000010000"
"1/14/2024 8:30:00 PM - 9:30:00 PM","45305.6666666667","60 %","59.6667","4,880 MB","5117485056.0000","0 %","0.0000","100 %","0000010000"
"1/14/2024 9:30:00 PM - 10:30:00 PM","45305.7083333333","59 %","59.3333","4,867 MB","5103703381.3333","0 %","0.0000","100 %","0000010000"
"1/14/2024 10:30:00 PM - 11:30:00 PM","45305.7500000000","59 %","59.0000","4,858 MB","5094109184.0000","0 %","0.0000","100 %","0000010000"
"1/14/2024 11:30:00 PM - 12:30:00 AM","45305.7916666667","60 %","59.5000","4,869 MB","5105577301.3333","0 %","0.0000","100 %","0000010000"
"1/15/2024 12:30:00 AM - 1:30:00 AM","45305.8333333333","59 %","59.3333","4,863 MB","5099608746.6667","0 %","0.0000","100 %","0000010000"
"1/15/2024 1:30:00 AM - 2:30:00 AM","45305.8750000000","59 %","59.3333","4,866 MB","5102312789.3333","0 %","0.0000","100 %","0000010000"
"1/15/2024 2:30:00 AM - 3:30:00 AM","45305.9166666667","59 %","59.3333","4,873 MB","5110003712.0000","0 %","0.0000","100 %","0000010000"
"1/15/2024 3:30:00 AM - 4:30:00 AM","45305.9583333333","59 %","59.0000","4,863 MB","5099737088.0000","0 %","0.0000","100 %","0000010000"
"1/15/2024 4:30:00 AM - 5:30:00 AM","45306.0000000000","60 %","59.5000","4,877 MB","5113685333.3333","0 %","0.0000","100 %","0000010000"
"1/15/2024 5:30:00 AM - 6:30:00 AM","45306.0416666667","60 %","60.0000","4,889 MB","5126937258.6667","0 %","0.0000","100 %","0000010000"
"1/15/2024 6:30:00 AM - 7:30:00 AM","45306.0833333333","60 %","60.0000","4,896 MB","5134260906.6667","0 %","0.0000","100 %","0000010000"
"1/15/2024 7:30:00 AM - 8:30:00 AM","45306.1250000000","60 %","59.8333","4,882 MB","5119574016.0000","0 %","0.0000","100 %","0000010000"
"1/15/2024 8:30:00 AM - 9:30:00 AM","45306.1666666667","60 %","60.0000","4,884 MB","5121281365.3333","0 %","0.0000","100 %","0000010000"
"1/15/2024 9:30:00 AM - 10:30:00 AM","45306.2083333333","60 %","59.6667","4,881 MB","5118026410.6667","0 %","0.0000","100 %","0000010000"
"1/15/2024 10:30:00 AM - 11:30:00 AM","45306.2500000000","60 %","60.0000","4,888 MB","5125483178.6667","0 %","0.0000","100 %","0000010000"
"1/15/2024 11:30:00 AM - 12:30:00 PM","45306.2916666667","60 %","60.0000","4,897 MB","5135359317.3333","0 %","0.0000","100 %","0000010000"
"1/15/2024 12:30:00 PM - 1:30:00 PM","45306.3333333333","60 %","60.0000","4,920 MB","5159375530.6667","0 %","0.0000","100 %","0000010000"
"1/15/2024 1:30:00 PM - 2:30:00 PM","45306.3750000000","60 %","60.0000","4,920 MB","5159439701.3333","0 %","0.0000","100 %","0000010000"
"1/15/2024 2:30:00 PM - 3:30:00 PM","45306.4166666667","60 %","60.0000","4,922 MB","5160580437.3333","0 %","0.0000","100 %","0000010000"
"1/15/2024 3:30:00 PM - 4:30:00 PM","45306.4583333333","60 %","60.0000","4,908 MB","5146665642.6667","0 %","0.0000","100 %","0000010000"
"1/15/2024 4:30:00 PM - 5:30:00 PM","45306.5000000000","60 %","60.0000","4,915 MB","5153340757.3333","0 %","0.0000","100 %","0000010000"
"1/15/2024 5:30:00 PM - 6:30:00 PM","45306.5416666667","60 %","59.6667","4,894 MB","5131234645.3333","0 %","0.0000","100 %","0000010000"
"1/15/2024 6:30:00 PM - 7:30:00 PM","45306.5833333333","60 %","59.6667","4,895 MB","5132435456.0000","0 %","0.0000","100 %","0000010000"
"1/15/2024 7:30:00 PM - 8:30:00 PM","45306.6250000000","60 %","60.0000","4,911 MB","5149578581.3333","0 %","0.0000","100 %","0000010000"
"1/15/2024 8:30:00 PM - 9:30:00 PM","45306.6666666667","60 %","60.0000","4,904 MB","5142307498.6667","0 %","0.0000","100 %","0000010000"
"1/15/2024 9:30:00 PM - 10:30:00 PM","45306.7083333333","60 %","60.0000","4,897 MB","5134706688.0000","0 %","0.0000","100 %","0000010000"
"1/15/2024 10:30:00 PM - 11:30:00 PM","45306.7500000000","60 %","60.0000","4,898 MB","5135646037.3333","0 %","0.0000","100 %","0000010000"
"1/15/2024 11:30:00 PM - 12:30:00 AM","45306.7916666667","60 %","59.8333","4,892 MB","5129626282.6667","0 %","0.0000","100 %","0000010000"
"1/16/2024 12:30:00 AM - 1:30:00 AM","45306.8333333333","60 %","60.0000","4,898 MB","5136196266.6667","0 %","0.0000","100 %","0000010000"
"1/16/2024 1:30:00 AM - 2:30:00 AM","45306.8750000000","60 %","60.0000","4,892 MB","5129676117.3333","0 %","0.0000","100 %","0000010000"
"1/16/2024 2:30:00 AM - 3:30:00 AM","45306.9166666667","60 %","60.0000","4,893 MB","5130904234.6667","0 %","0.0000","100 %","0000010000"
"1/16/2024 3:30:00 AM - 4:30:00 AM","45306.9583333333","60 %","60.0000","4,916 MB","5154352469.3333","0 %","0.0000","100 %","0000010000"
"1/16/2024 4:30:00 AM - 5:30:00 AM","45307.0000000000","60 %","60.0000","4,931 MB","5170049706.6667","0 %","0.0000","100 %","0000010000"
"1/16/2024 5:30:00 AM - 6:30:00 AM","45307.0416666667","60 %","60.0000","4,918 MB","5156876288.0000","0 %","0.0000","100 %","0000010000"
"1/16/2024 6:30:00 AM - 7:30:00 AM","45307.0833333333","60 %","60.0000","4,927 MB","5165925034.6667","0 %","0.0000","100 %","0000010000"
"1/16/2024 7:30:00 AM - 8:30:00 AM","45307.1250000000","60 %","60.0000","4,920 MB","5159219200.0000","0 %","0.0000","100 %","0000010000"
"1/16/2024 8:30:00 AM - 9:30:00 AM","45307.1666666667","60 %","60.0000","4,910 MB","5148753920.0000","0 %","0.0000","100 %","0000010000"
"1/16/2024 9:30:00 AM - 10:30:00 AM","45307.2083333333","60 %","60.0000","4,912 MB","5150644224.0000","0 %","0.0000","100 %","0000010000"
"1/16/2024 10:30:00 AM - 11:30:00 AM","45307.2500000000","60 %","59.5000","4,879 MB","5115649365.3333","0 %","0.0000","100 %","0000010000"
"1/16/2024 11:30:00 AM - 12:30:00 PM","45307.2916666667","59 %","59.3333","4,876 MB","5112915968.0000","0 %","0.0000","100 %","0000010000"
"1/16/2024 12:30:00 PM - 1:30:00 PM","45307.3333333333","59 %","59.0000","4,856 MB","5091764224.0000","0 %","0.0000","100 %","0000010000"
"1/16/2024 1:30:00 PM - 2:30:00 PM","45307.3750000000","59 %","59.1667","4,861 MB","5097356629.3333","0 %","0.0000","100 %","0000010000"
"1/16/2024 2:30:00 PM - 3:30:00 PM","45307.4166666667","60 %","59.6667","4,876 MB","5112629248.0000","0 %","0.0000","100 %","0000010000"
"1/16/2024 3:30:00 PM - 4:30:00 PM","45307.4583333333","59 %","59.0000","4,849 MB","5084867242.6667","0 %","0.0000","100 %","0000010000"
"1/16/2024 4:30:00 PM - 5:30:00 PM","45307.5000000000","59 %","59.3333","4,859 MB","5094857386.6667","0 %","0.0000","100 %","0000010000"
"1/16/2024 5:30:00 PM - 6:30:00 PM","45307.5416666667","60 %","59.5000","4,866 MB","5101997397.3333","0 %","0.0000","100 %","0000010000"
"1/16/2024 6:30:00 PM - 7:30:00 PM","45307.5833333333","60 %","59.5000","4,877 MB","5113531050.6667","0 %","0.0000","100 %","0000010000"
"1/16/2024 7:30:00 PM - 8:30:00 PM","45307.6250000000","60 %","59.6667","4,886 MB","5123517098.6667","0 %","0.0000","100 %","0000010000"
"1/16/2024 8:30:00 PM - 9:30:00 PM","45307.6666666667","60 %","59.8333","4,892 MB","5129312256.0000","0 %","0.0000","100 %","0000010000"
"1/16/2024 9:30:00 PM - 10:30:00 PM","45307.7083333333","60 %","60.0000","4,895 MB","5132298922.6667","0 %","0.0000","100 %","0000010000"
"1/16/2024 10:30:00 PM - 11:30:00 PM","45307.7500000000","60 %","60.0000","4,889 MB","5126383616.0000","0 %","0.0000","100 %","0000010000"
"1/16/2024 11:30:00 PM - 12:30:00 AM","45307.7916666667","60 %","59.8333","4,894 MB","5131489280.0000","0 %","0.0000","100 %","0000010000"
"1/17/2024 12:30:00 AM - 1:30:00 AM","45307.8333333333","60 %","60.0000","4,911 MB","5149937664.0000","0 %","0.0000","100 %","0000010000"
"1/17/2024 1:30:00 AM - 2:30:00 AM","45307.8750000000","59 %","59.3333","4,855 MB","5090844672.0000","0 %","0.0000","100 %","0000010000"
"1/17/2024 2:30:00 AM - 3:30:00 AM","45307.9166666667","60 %","59.8333","4,895 MB","5132536490.6667","0 %","0.0000","100 %","0000010000"
"1/17/2024 3:30:00 AM - 4:30:00 AM","45307.9583333333","60 %","60.0000","4,886 MB","5123392853.3333","0 %","0.0000","100 %","0000010000"
"1/17/2024 4:30:00 AM - 5:30:00 AM","45308.0000000000","60 %","60.0000","4,906 MB","5144012800.0000","0 %","0.0000","100 %","0000010000"
"1/17/2024 5:30:00 AM - 6:30:00 AM","45308.0416666667","60 %","59.8333","4,911 MB","5149647530.6667","0 %","0.0000","100 %","0000010000"
"1/17/2024 6:30:00 AM - 7:30:00 AM","45308.0833333333","60 %","60.0000","4,927 MB","5166174208.0000","0 %","0.0000","100 %","0000010000"
"1/17/2024 7:30:00 AM - 8:30:00 AM","45308.1250000000","60 %","60.0000","4,932 MB","5171548160.0000","0 %","0.0000","100 %","0000010000"
"1/17/2024 8:30:00 AM - 9:30:00 AM","45308.1666666667","60 %","60.0000","4,925 MB","5164406101.3333","0 %","0.0000","100 %","0000010000"
"1/17/2024 9:30:00 AM - 10:30:00 AM","45308.2083333333","60 %","59.6667","4,889 MB","5126800725.3333","0 %","0.0000","100 %","0000010000"
"1/17/2024 10:30:00 AM - 11:30:00 AM","45308.2500000000","60 %","59.5000","4,880 MB","5116764842.6667","0 %","0.0000","100 %","0000010000"
"1/17/2024 11:30:00 AM - 12:30:00 PM","45308.2916666667","59 %","59.3333","4,878 MB","5114985130.6667","0 %","0.0000","100 %","0000010000"
"1/17/2024 12:30:00 PM - 1:30:00 PM","45308.3333333333","59 %","59.1667","4,866 MB","5102702592.0000","0 %","0.0000","100 %","0000010000"
"1/17/2024 1:30:00 PM - 2:30:00 PM","45308.3750000000","60 %","59.6667","4,892 MB","5129811285.3333","0 %","0.0000","100 %","0000010000"
"1/17/2024 2:30:00 PM - 3:30:00 PM","45308.4166666667","59 %","59.3333","4,866 MB","5102642517.3333","0 %","0.0000","100 %","0000010000"
"1/17/2024 3:30:00 PM - 4:30:00 PM","45308.4583333333","59 %","59.3333","4,867 MB","5103204352.0000","0 %","0.0000","100 %","0000010000"
"1/17/2024 4:30:00 PM - 5:30:00 PM","45308.5000000000","60 %","59.6667","4,886 MB","5123698688.0000","0 %","0.0000","100 %","0000010000"
"1/17/2024 5:30:00 PM - 6:30:00 PM","45308.5416666667","59 %","59.1667","4,853 MB","5089133226.6667","0 %","0.0000","100 %","0000010000"
"1/17/2024 6:30:00 PM - 7:30:00 PM","45308.5833333333","59 %","59.3333","4,864 MB","5099754837.3333","0 %","0.0000","100 %","0000010000"
"1/17/2024 7:30:00 PM - 8:30:00 PM","45308.6250000000","60 %","60.0000","4,896 MB","5133865642.6667","0 %","0.0000","100 %","0000010000"
"1/17/2024 8:30:00 PM - 9:30:00 PM","45308.6666666667","60 %","60.0000","4,893 MB","5131162965.3333","0 %","0.0000","100 %","0000010000"
"1/17/2024 9:30:00 PM - 10:30:00 PM","45308.7083333333","60 %","60.0000","4,884 MB","5121447936.0000","0 %","0.0000","100 %","0000010000"
"1/17/2024 10:30:00 PM - 11:30:00 PM","45308.7500000000","60 %","60.0000","4,884 MB","5121758003.2000","0 %","0.0000","100 %","0000010000"
"1/17/2024 11:30:00 PM - 12:30:00 AM","45308.7916666667","60 %","59.6667","4,883 MB","5120664234.6667","0 %","0.0000","100 %","0000010000"
"1/18/2024 12:30:00 AM - 1:30:00 AM","45308.8333333333","60 %","60.0000","4,895 MB","5132882602.6667","0 %","0.0000","100 %","0000010000"
"1/18/2024 1:30:00 AM - 2:30:00 AM","45308.8750000000","60 %","60.0000","4,891 MB","5128383146.6667","0 %","0.0000","100 %","0000010000"
"1/18/2024 2:30:00 AM - 3:30:00 AM","45308.9166666667","60 %","59.7143","4,884 MB","5121414875.4286","0 %","0.0000","100 %","0000010000"
"1/18/2024 3:30:00 AM - 4:30:00 AM","45308.9583333333","59 %","59.3333","4,865 MB","5101438293.3333","0 %","0.0000","100 %","0000010000"
"1/18/2024 4:30:00 AM - 5:30:00 AM","45309.0000000000","52 %","51.8333","4,234 MB","4439861930.6667","0 %","0.0000","100 %","0000010000"
"1/18/2024 5:30:00 AM - 6:30:00 AM","45309.0416666667","56 %","55.5000","4,558 MB","4779855189.3333","0 %","0.0000","100 %","0000010000"
"1/18/2024 6:30:00 AM - 7:30:00 AM","45309.0833333333","53 %","53.1667","4,356 MB","4567588181.3333","0 %","0.0000","100 %","0000010000"
"1/18/2024 7:30:00 AM - 8:30:00 AM","45309.1250000000","51 %","50.6667","4,129 MB","4329702058.6667","0 %","0.0000","100 %","0000010000"
"1/18/2024 8:30:00 AM - 9:30:00 AM","45309.1666666667","50 %","50.0000","4,102 MB","4301469696.0000","0 %","0.0000","100 %","0000010000"
"1/18/2024 9:30:00 AM - 10:30:00 AM","45309.2083333333","50 %","50.0000","4,103 MB","4301883392.0000","0 %","0.0000","100 %","0000010000"
"1/18/2024 10:30:00 AM - 11:30:00 AM","45309.2500000000","50 %","50.1667","4,113 MB","4312307712.0000","0 %","0.0000","100 %","0000010000"
"1/18/2024 11:30:00 AM - 12:30:00 PM","45309.2916666667","50 %","50.0000","4,082 MB","4280251050.6667","0 %","0.0000","100 %","0000010000"
"1/18/2024 12:30:00 PM - 1:30:00 PM","45309.3333333333","50 %","49.5000","4,064 MB","4261762389.3333","0 %","0.0000","100 %","0000010000"
"1/18/2024 1:30:00 PM - 2:30:00 PM","45309.3750000000","50 %","49.6667","4,081 MB","4278721877.3333","0 %","0.0000","100 %","0000010000"
"1/18/2024 2:30:00 PM - 3:30:00 PM","45309.4166666667","50 %","49.6667","4,069 MB","4266361514.6667","0 %","0.0000","100 %","0000010000"
"1/18/2024 3:30:00 PM - 4:30:00 PM","45309.4583333333","49 %","49.1667","4,051 MB","4248245589.3333","0 %","0.0000","100 %","0000010000"
"1/18/2024 4:30:00 PM - 5:30:00 PM","45309.5000000000","50 %","50.1667","4,111 MB","4311086421.3333","0 %","0.0000","100 %","0000010000"
"1/18/2024 5:30:00 PM - 6:30:00 PM","45309.5416666667","51 %","51.0000","4,166 MB","4368006485.3333","0 %","0.0000","100 %","0000010000"
"1/18/2024 6:30:00 PM - 7:30:00 PM","45309.5833333333","52 %","51.6667","4,226 MB","4431383893.3333","0 %","0.0000","100 %","0000010000"
"1/18/2024 7:30:00 PM - 8:30:00 PM","45309.6250000000","53 %","52.6667","4,302 MB","4510647637.3333","0 %","0.0000","100 %","0000010000"
"1/18/2024 8:30:00 PM - 9:30:00 PM","45309.6666666667","53 %","53.1667","4,343 MB","4554339669.3333","0 %","0.0000","100 %","0000010000"
"1/18/2024 9:30:00 PM - 10:30:00 PM","45309.7083333333","55 %","54.8333","4,481 MB","4699069781.3333","0 %","0.0000","100 %","0000010000"
"1/18/2024 10:30:00 PM - 11:30:00 PM","45309.7500000000","54 %","54.1667","4,419 MB","4633462101.3333","0 %","0.0000","100 %","0000010000"
"1/18/2024 11:30:00 PM - 12:30:00 AM","45309.7916666667","58 %","57.5000","4,708 MB","4936999594.6667","0 %","0.0000","100 %","0000010000"
"1/19/2024 12:30:00 AM - 1:30:00 AM","45309.8333333333","60 %","59.6667","4,902 MB","5139609600.0000","0 %","0.0000","100 %","0000010000"
"1/19/2024 1:30:00 AM - 2:30:00 AM","45309.8750000000","60 %","59.6667","4,888 MB","5125074944.0000","0 %","0.0000","100 %","0000010000"
"1/19/2024 2:30:00 AM - 3:30:00 AM","45309.9166666667","60 %","60.0000","4,928 MB","5167463082.6667","0 %","0.0000","100 %","0000010000"
"1/19/2024 3:30:00 AM - 4:30:00 AM","45309.9583333333","62 %","62.0000","5,082 MB","5328388778.6667","0 %","0.0000","100 %","0000010000"
"1/19/2024 4:30:00 AM - 5:30:00 AM","45310.0000000000","62 %","62.0000","5,100 MB","5348007253.3333","0 %","0.0000","100 %","0000010000"
"1/19/2024 5:30:00 AM - 6:30:00 AM","45310.0416666667","62 %","62.0000","5,098 MB","5346121728.0000","0 %","0.0000","100 %","0000010000"
"1/19/2024 6:30:00 AM - 7:30:00 AM","45310.0833333333","62 %","62.1667","5,105 MB","5353409194.6667","0 %","0.0000","100 %","0000010000"
"1/19/2024 7:30:00 AM - 8:30:00 AM","45310.1250000000","62 %","62.5000","5,111 MB","5359408469.3333","0 %","0.0000","100 %","0000010000"
"1/19/2024 8:30:00 AM - 9:30:00 AM","45310.1666666667","62 %","61.8333","5,090 MB","5337247744.0000","0 %","0.0000","100 %","0000010000"
"1/19/2024 9:30:00 AM - 10:30:00 AM","45310.2083333333","62 %","61.8333","5,050 MB","5295231658.6667","0 %","0.0000","100 %","0000010000"
"1/19/2024 10:30:00 AM - 11:30:00 AM","45310.2500000000","62 %","62.0000","5,079 MB","5325976917.3333","0 %","0.0000","100 %","0000010000"
"1/19/2024 11:30:00 AM - 12:30:00 PM","45310.2916666667","61 %","61.1667","5,038 MB","5282667861.3333","0 %","0.0000","100 %","0000010000"
"1/19/2024 12:30:00 PM - 1:30:00 PM","45310.3333333333","62 %","61.6667","5,048 MB","5292996608.0000","0 %","0.0000","100 %","0000010000"
"1/19/2024 1:30:00 PM - 2:30:00 PM","45310.3750000000","61 %","61.1667","5,031 MB","5275613184.0000","0 %","0.0000","100 %","0000010000"
"1/19/2024 2:30:00 PM - 3:30:00 PM","45310.4166666667","61 %","61.3333","5,041 MB","5285408768.0000","0 %","0.0000","100 %","0000010000"
"1/19/2024 3:30:00 PM - 4:30:00 PM","45310.4583333333","61 %","61.0000","5,020 MB","5263540224.0000","0 %","0.0000","100 %","0000010000"
"1/19/2024 4:30:00 PM - 5:30:00 PM","45310.5000000000","61 %","61.3333","5,036 MB","5281130496.0000","0 %","0.0000","100 %","0000010000"
"1/19/2024 5:30:00 PM - 6:30:00 PM","45310.5416666667","61 %","61.1667","5,027 MB","5271034538.6667","0 %","0.0000","100 %","0000010000"
"1/19/2024 6:30:00 PM - 7:30:00 PM","45310.5833333333","61 %","61.1667","5,032 MB","5276378453.3333","0 %","0.0000","100 %","0000010000"
"1/19/2024 7:30:00 PM - 8:30:00 PM","45310.6250000000","62 %","61.5000","5,060 MB","5306170026.6667","0 %","0.0000","100 %","0000010000"
"1/19/2024 8:30:00 PM - 9:30:00 PM","45310.6666666667","62 %","62.0000","5,087 MB","5333910186.6667","0 %","0.0000","100 %","0000010000"
"1/19/2024 9:30:00 PM - 10:30:00 PM","45310.7083333333","62 %","62.3333","5,108 MB","5355791018.6667","0 %","0.0000","100 %","0000010000"
"1/19/2024 10:30:00 PM - 11:30:00 PM","45310.7500000000","62 %","62.3333","5,109 MB","5357336576.0000","0 %","0.0000","100 %","0000010000"
"1/19/2024 11:30:00 PM - 12:30:00 AM","45310.7916666667","62 %","62.3333","5,109 MB","5357697706.6667","0 %","0.0000","100 %","0000010000"
"1/20/2024 12:30:00 AM - 1:30:00 AM","45310.8333333333","63 %","63.0000","5,130 MB","5378964821.3333","0 %","0.0000","100 %","0000010000"
"1/20/2024 1:30:00 AM - 2:30:00 AM","45310.8750000000","63 %","63.0000","5,129 MB","5378170880.0000","0 %","0.0000","100 %","0000010000"
"1/20/2024 2:30:00 AM - 3:30:00 AM","45310.9166666667","62 %","62.5000","5,121 MB","5370058752.0000","0 %","0.0000","100 %","0000010000"
"1/20/2024 3:30:00 AM - 4:30:00 AM","45310.9583333333","62 %","62.0000","5,116 MB","5364863658.6667","0 %","0.0000","100 %","0000010000"
"1/20/2024 4:30:00 AM - 5:30:00 AM","45311.0000000000","63 %","62.6667","5,129 MB","5377957205.3333","0 %","0.0000","100 %","0000010000"
"1/20/2024 5:30:00 AM - 6:30:00 AM","45311.0416666667","62 %","62.5000","5,127 MB","5375552170.6667","0 %","0.0000","100 %","0000010000"
"1/20/2024 6:30:00 AM - 7:30:00 AM","45311.0833333333","62 %","62.5000","5,119 MB","5367655082.6667","0 %","0.0000","100 %","0000010000"
"1/20/2024 7:30:00 AM - 8:30:00 AM","45311.1250000000","62 %","62.0000","5,075 MB","5321216000.0000","0 %","0.0000","100 %","0000010000"
"1/20/2024 8:30:00 AM - 9:30:00 AM","45311.1666666667","61 %","60.8333","4,963 MB","5203955712.0000","0 %","0.0000","100 %","0000010000"
"1/20/2024 9:30:00 AM - 10:30:00 AM","45311.2083333333","61 %","61.1667","5,025 MB","5269022720.0000","0 %","0.0000","100 %","0000010000"
"1/20/2024 10:30:00 AM - 11:30:00 AM","45311.2500000000","62 %","62.0000","5,087 MB","5334125909.3333","0 %","0.0000","100 %","0000010000"
"1/20/2024 11:30:00 AM - 12:30:00 PM","45311.2916666667","62 %","62.0000","5,095 MB","5342735018.6667","0 %","0.0000","100 %","0000010000"
"1/20/2024 12:30:00 PM - 1:30:00 PM","45311.3333333333","62 %","62.0000","5,098 MB","5346026154.6667","0 %","0.0000","100 %","0000010000"
"1/20/2024 1:30:00 PM - 2:30:00 PM","45311.3750000000","62 %","62.0000","5,087 MB","5334558720.0000","0 %","0.0000","100 %","0000010000"
"1/20/2024 2:30:00 PM - 3:30:00 PM","45311.4166666667","62 %","62.0000","5,093 MB","5340628992.0000","0 %","0.0000","100 %","0000010000"
"1/20/2024 3:30:00 PM - 4:30:00 PM","45311.4583333333","62 %","62.0000","5,076 MB","5322415445.3333","0 %","0.0000","100 %","0000010000"
"1/20/2024 4:30:00 PM - 5:30:00 PM","45311.5000000000","62 %","62.0000","5,081 MB","5327781205.3333","0 %","0.0000","100 %","0000010000"
"1/20/2024 5:30:00 PM - 6:30:00 PM","45311.5416666667","62 %","62.0000","5,082 MB","5329321984.0000","0 %","0.0000","100 %","0000010000"
"1/20/2024 6:30:00 PM - 7:30:00 PM","45311.5833333333","62 %","61.6667","5,053 MB","5298862080.0000","0 %","0.0000","100 %","0000010000"
"1/20/2024 7:30:00 PM - 8:30:00 PM","45311.6250000000","62 %","62.0000","5,076 MB","5322354005.3333","0 %","0.0000","100 %","0000010000"
"1/20/2024 8:30:00 PM - 9:30:00 PM","45311.6666666667","62 %","62.0000","5,072 MB","5317989034.6667","0 %","0.0000","100 %","0000010000"
"1/20/2024 9:30:00 PM - 10:30:00 PM","45311.7083333333","62 %","62.0000","5,066 MB","5311657301.3333","0 %","0.0000","100 %","0000010000"
"1/20/2024 10:30:00 PM - 11:30:00 PM","45311.7500000000","62 %","62.0000","5,083 MB","5329599341.7143","0 %","0.0000","100 %","0000010000"
"1/20/2024 11:30:00 PM - 12:30:00 AM","45311.7916666667","62 %","62.3333","5,104 MB","5352245930.6667","0 %","0.0000","100 %","0000010000"
"1/21/2024 12:30:00 AM - 1:30:00 AM","45311.8333333333","62 %","62.0000","5,095 MB","5342160213.3333","0 %","0.0000","100 %","0000010000"
"1/21/2024 1:30:00 AM - 2:30:00 AM","45311.8750000000","62 %","62.0000","5,094 MB","5341210624.0000","0 %","0.0000","100 %","0000010000"
"1/21/2024 2:30:00 AM - 3:30:00 AM","45311.9166666667","62 %","62.0000","5,080 MB","5326981802.6667","0 %","0.0000","100 %","0000010000"
"1/21/2024 3:30:00 AM - 4:30:00 AM","45311.9583333333","62 %","62.0000","5,066 MB","5312266240.0000","0 %","0.0000","100 %","0000010000"
"1/21/2024 4:30:00 AM - 5:30:00 AM","45312.0000000000","62 %","62.0000","5,077 MB","5323102208.0000","0 %","0.0000","100 %","0000010000"
"1/21/2024 5:30:00 AM - 6:30:00 AM","45312.0416666667","62 %","62.0000","5,081 MB","5327923200.0000","0 %","0.0000","100 %","0000010000"
"1/21/2024 6:30:00 AM - 7:30:00 AM","45312.0833333333","62 %","62.0000","5,073 MB","5319750314.6667","0 %","0.0000","100 %","0000010000"
"1/21/2024 7:30:00 AM - 8:30:00 AM","45312.1250000000","62 %","62.0000","5,089 MB","5336080384.0000","0 %","0.0000","100 %","0000010000"
"1/21/2024 8:30:00 AM - 9:30:00 AM","45312.1666666667","62 %","62.0000","5,081 MB","5327499264.0000","0 %","0.0000","100 %","0000010000"
"1/21/2024 9:30:00 AM - 10:30:00 AM","45312.2083333333","62 %","62.0000","5,096 MB","5343539200.0000","0 %","0.0000","100 %","0000010000"
"1/21/2024 10:30:00 AM - 11:30:00 AM","45312.2500000000","62 %","62.1667","5,094 MB","5341226325.3333","0 %","0.0000","100 %","0000010000"
"1/21/2024 11:30:00 AM - 12:30:00 PM","45312.2916666667","62 %","62.0000","5,087 MB","5334127957.3333","0 %","0.0000","100 %","0000010000"
"1/21/2024 12:30:00 PM - 1:30:00 PM","45312.3333333333","62 %","62.1667","5,101 MB","5349023061.3333","0 %","0.0000","100 %","0000010000"
"1/21/2024 1:30:00 PM - 2:30:00 PM","45312.3750000000","63 %","62.8333","5,141 MB","5390433621.3333","0 %","0.0000","100 %","0000010000"
"1/21/2024 2:30:00 PM - 3:30:00 PM","45312.4166666667","63 %","62.8333","5,135 MB","5384047957.3333","0 %","0.0000","100 %","0000010000"
"1/21/2024 3:30:00 PM - 4:30:00 PM","45312.4583333333","62 %","62.5000","5,123 MB","5371701930.6667","0 %","0.0000","100 %","0000010000"
"1/21/2024 4:30:00 PM - 5:30:00 PM","45312.5000000000","63 %","62.6667","5,132 MB","5381401258.6667","0 %","0.0000","100 %","0000010000"
"1/21/2024 5:30:00 PM - 6:30:00 PM","45312.5416666667","62 %","62.3333","5,105 MB","5353077418.6667","0 %","0.0000","100 %","0000010000"
"1/21/2024 6:30:00 PM - 7:30:00 PM","45312.5833333333","62 %","61.8333","5,068 MB","5314643968.0000","0 %","0.0000","100 %","0000010000"
"1/21/2024 7:30:00 PM - 8:30:00 PM","45312.6250000000","62 %","62.3333","5,102 MB","5349537109.3333","0 %","0.0000","100 %","0000010000"
"1/21/2024 8:30:00 PM - 9:30:00 PM","45312.6666666667","62 %","62.0000","5,089 MB","5336678400.0000","0 %","0.0000","100 %","0000010000"
"1/21/2024 9:30:00 PM - 10:30:00 PM","45312.7083333333","62 %","62.0000","5,084 MB","5330525525.3333","0 %","0.0000","100 %","0000010000"
"1/21/2024 10:30:00 PM - 11:30:00 PM","45312.7500000000","62 %","62.0000","5,080 MB","5326774272.0000","0 %","0.0000","100 %","0000010000"
"1/21/2024 11:30:00 PM - 12:30:00 AM","45312.7916666667","62 %","62.0000","5,075 MB","5322032469.3333","0 %","0.0000","100 %","0000010000"
"1/22/2024 12:30:00 AM - 1:30:00 AM","45312.8333333333","62 %","62.0000","5,083 MB","5329927509.3333","0 %","0.0000","100 %","0000010000"
"1/22/2024 1:30:00 AM - 2:30:00 AM","45312.8750000000","62 %","62.0000","5,079 MB","5326039722.6667","0 %","0.0000","100 %","0000010000"
"1/22/2024 2:30:00 AM - 3:30:00 AM","45312.9166666667","62 %","62.0000","5,065 MB","5310567765.3333","0 %","0.0000","100 %","0000010000"
"1/22/2024 3:30:00 AM - 4:30:00 AM","45312.9583333333","62 %","62.0000","5,060 MB","5305683968.0000","0 %","0.0000","100 %","0000010000"
"1/22/2024 4:30:00 AM - 5:30:00 AM","45313.0000000000","62 %","62.0000","5,085 MB","5331659434.6667","0 %","0.0000","100 %","0000010000"
"1/22/2024 5:30:00 AM - 6:30:00 AM","45313.0416666667","62 %","62.0000","5,083 MB","5329841493.3333","0 %","0.0000","100 %","0000010000"
"1/22/2024 6:30:00 AM - 7:30:00 AM","45313.0833333333","62 %","62.0000","5,086 MB","5333338112.0000","0 %","0.0000","100 %","0000010000"
"1/22/2024 7:30:00 AM - 8:30:00 AM","45313.1250000000","62 %","62.0000","5,085 MB","5331736576.0000","0 %","0.0000","100 %","0000010000"
"1/22/2024 8:30:00 AM - 9:30:00 AM","45313.1666666667","62 %","62.0000","5,077 MB","5323332949.3333","0 %","0.0000","100 %","0000010000"
"1/22/2024 9:30:00 AM - 10:30:00 AM","45313.2083333333","62 %","62.0000","5,079 MB","5325705216.0000","0 %","0.0000","100 %","0000010000"
"1/22/2024 10:30:00 AM - 11:30:00 AM","45313.2500000000","62 %","61.5000","5,056 MB","5301159936.0000","0 %","0.0000","100 %","0000010000"
"1/22/2024 11:30:00 AM - 12:30:00 PM","45313.2916666667","62 %","61.5714","5,048 MB","5293670400.0000","0 %","0.0000","100 %","0000010000"
"1/22/2024 12:30:00 PM - 1:30:00 PM","45313.3333333333","62 %","62.1667","5,076 MB","5322249557.3333","0 %","0.0000","100 %","0000010000"
"1/22/2024 1:30:00 PM - 2:30:00 PM","45313.3750000000","63 %","62.6667","5,123 MB","5371741525.3333","0 %","0.0000","100 %","0000010000"
"1/22/2024 2:30:00 PM - 3:30:00 PM","45313.4166666667","62 %","62.0000","5,070 MB","5315906218.6667","0 %","0.0000","100 %","0000010000"
"1/22/2024 3:30:00 PM - 4:30:00 PM","45313.4583333333","62 %","62.0000","5,073 MB","5319815168.0000","0 %","0.0000","100 %","0000010000"
"1/22/2024 4:30:00 PM - 5:30:00 PM","45313.5000000000","62 %","62.1667","5,075 MB","5321691818.6667","0 %","0.0000","100 %","0000010000"
"1/22/2024 5:30:00 PM - 6:30:00 PM","45313.5416666667","62 %","62.0000","5,050 MB","5295668565.3333","0 %","0.0000","100 %","0000010000"
"1/22/2024 6:30:00 PM - 7:30:00 PM","45313.5833333333","62 %","62.0000","5,069 MB","5315723264.0000","0 %","0.0000","100 %","0000010000"
"1/22/2024 7:30:00 PM - 8:30:00 PM","45313.6250000000","62 %","62.3333","5,115 MB","5363058688.0000","0 %","0.0000","100 %","0000010000"
"1/22/2024 8:30:00 PM - 9:30:00 PM","45313.6666666667","62 %","62.1667","5,095 MB","5342532266.6667","0 %","0.0000","100 %","0000010000"
"1/22/2024 9:30:00 PM - 10:30:00 PM","45313.7083333333","62 %","62.1667","5,099 MB","5347067904.0000","0 %","0.0000","100 %","0000010000"
"1/22/2024 10:30:00 PM - 11:30:00 PM","45313.7500000000","62 %","62.3333","5,107 MB","5355302912.0000","0 %","0.0000","100 %","0000010000"
"1/22/2024 11:30:00 PM - 12:30:00 AM","45313.7916666667","62 %","62.5000","5,117 MB","5365490346.6667","0 %","0.0000","100 %","0000010000"
"1/23/2024 12:30:00 AM - 1:30:00 AM","45313.8333333333","63 %","62.6667","5,128 MB","5376627370.6667","0 %","0.0000","100 %","0000010000"
"1/23/2024 1:30:00 AM - 2:30:00 AM","45313.8750000000","63 %","62.8333","5,130 MB","5378894506.6667","0 %","0.0000","100 %","0000010000"
"1/23/2024 2:30:00 AM - 3:30:00 AM","45313.9166666667","62 %","62.5000","5,113 MB","5361832618.6667","0 %","0.0000","100 %","0000010000"
"1/23/2024 3:30:00 AM - 4:30:00 AM","45313.9583333333","62 %","62.0000","5,100 MB","5347911680.0000","0 %","0.0000","100 %","0000010000"
"1/23/2024 4:30:00 AM - 5:30:00 AM","45314.0000000000","62 %","62.5000","5,122 MB","5371080021.3333","0 %","0.0000","100 %","0000010000"
"1/23/2024 5:30:00 AM - 6:30:00 AM","45314.0416666667","63 %","62.8333","5,138 MB","5387644928.0000","0 %","0.0000","100 %","0000010000"
"1/23/2024 6:30:00 AM - 7:30:00 AM","45314.0833333333","63 %","62.8333","5,138 MB","5387911850.6667","0 %","0.0000","100 %","0000010000"
"1/23/2024 7:30:00 AM - 8:30:00 AM","45314.1250000000","63 %","62.8333","5,140 MB","5389583701.3333","0 %","0.0000","100 %","0000010000"
"1/23/2024 8:30:00 AM - 9:30:00 AM","45314.1666666667","63 %","62.8333","5,144 MB","5394249045.3333","0 %","0.0000","100 %","0000010000"
"1/23/2024 9:30:00 AM - 10:30:00 AM","45314.2083333333","63 %","62.8333","5,138 MB","5387520682.6667","0 %","0.0000","100 %","0000010000"
"1/23/2024 10:30:00 AM - 11:30:00 AM","45314.2500000000","63 %","62.6667","5,139 MB","5388410880.0000","0 %","0.0000","100 %","0000010000"
"1/23/2024 11:30:00 AM - 12:30:00 PM","45314.2916666667","62 %","62.5000","5,119 MB","5368182784.0000","0 %","0.0000","100 %","0000010000"
"1/23/2024 12:30:00 PM - 1:30:00 PM","45314.3333333333","62 %","62.5000","5,111 MB","5359169536.0000","0 %","0.0000","100 %","0000010000"
"1/23/2024 1:30:00 PM - 2:30:00 PM","45314.3750000000","62 %","62.0000","5,087 MB","5334262442.6667","0 %","0.0000","100 %","0000010000"
"1/23/2024 2:30:00 PM - 3:30:00 PM","45314.4166666667","62 %","62.3333","5,108 MB","5356176042.6667","0 %","0.0000","100 %","0000010000"
"1/23/2024 3:30:00 PM - 4:30:00 PM","45314.4583333333","63 %","62.6667","5,127 MB","5376065536.0000","0 %","0.0000","100 %","0000010000"
"1/23/2024 4:30:00 PM - 5:30:00 PM","45314.5000000000","63 %","62.8333","5,148 MB","5398093141.3333","0 %","0.0000","100 %","0000010000"
"1/23/2024 5:30:00 PM - 6:30:00 PM","45314.5416666667","62 %","62.3333","5,108 MB","5356211541.3333","0 %","0.0000","100 %","0000010000"
"1/23/2024 6:30:00 PM - 7:30:00 PM","45314.5833333333","62 %","62.5000","5,120 MB","5369203370.6667","0 %","0.0000","100 %","0000010000"
"1/23/2024 7:30:00 PM - 8:30:00 PM","45314.6250000000","63 %","62.6667","5,133 MB","5382541312.0000","0 %","0.0000","100 %","0000010000"
"1/23/2024 8:30:00 PM - 9:30:00 PM","45314.6666666667","63 %","62.8333","5,136 MB","5385882282.6667","0 %","0.0000","100 %","0000010000"
"1/23/2024 9:30:00 PM - 10:30:00 PM","45314.7083333333","63 %","62.8333","5,137 MB","5386442752.0000","0 %","0.0000","100 %","0000010000"
"1/23/2024 10:30:00 PM - 11:30:00 PM","45314.7500000000","63 %","62.8333","5,134 MB","5383901866.6667","0 %","0.0000","100 %","0000010000"
"1/23/2024 11:30:00 PM - 12:30:00 AM","45314.7916666667","63 %","62.6667","5,131 MB","5379951957.3333","0 %","0.0000","100 %","0000010000"
"1/24/2024 12:30:00 AM - 1:30:00 AM","45314.8333333333","63 %","63.0000","5,150 MB","5400483157.3333","0 %","0.0000","100 %","0000010000"
"1/24/2024 1:30:00 AM - 2:30:00 AM","45314.8750000000","63 %","63.0000","5,148 MB","5398436522.6667","0 %","0.0000","100 %","0000010000"
"1/24/2024 2:30:00 AM - 3:30:00 AM","45314.9166666667","63 %","62.8333","5,134 MB","5383889578.6667","0 %","0.0000","100 %","0000010000"
"1/24/2024 3:30:00 AM - 4:30:00 AM","45314.9583333333","62 %","62.5000","5,122 MB","5371059541.3333","0 %","0.0000","100 %","0000010000"
"1/24/2024 4:30:00 AM - 5:30:00 AM","45315.0000000000","63 %","62.6667","5,130 MB","5378994176.0000","0 %","0.0000","100 %","0000010000"
"1/24/2024 5:30:00 AM - 6:30:00 AM","45315.0416666667","63 %","62.6667","5,133 MB","5382347434.6667","0 %","0.0000","100 %","0000010000"
"1/24/2024 6:30:00 AM - 7:30:00 AM","45315.0833333333","63 %","63.0000","5,144 MB","5393991680.0000","0 %","0.0000","100 %","0000010000"
"1/24/2024 7:30:00 AM - 8:30:00 AM","45315.1250000000","62 %","62.5000","5,130 MB","5378677418.6667","0 %","0.0000","100 %","0000010000"
"1/24/2024 8:30:00 AM - 9:30:00 AM","45315.1666666667","63 %","62.6667","5,130 MB","5379592192.0000","0 %","0.0000","100 %","0000010000"
"1/24/2024 9:30:00 AM - 10:30:00 AM","45315.2083333333","62 %","62.5000","5,105 MB","5352990037.3333","0 %","0.0000","100 %","0000010000"
"1/24/2024 10:30:00 AM - 11:30:00 AM","45315.2500000000","62 %","62.5000","5,116 MB","5364183722.6667","0 %","0.0000","100 %","0000010000"
"1/24/2024 11:30:00 AM - 12:30:00 PM","45315.2916666667","62 %","62.5000","5,120 MB","5368230570.6667","0 %","0.0000","100 %","0000010000"
"1/24/2024 12:30:00 PM - 1:30:00 PM","45315.3333333333","62 %","62.0000","5,080 MB","5327116288.0000","0 %","0.0000","100 %","0000010000"
"1/24/2024 1:30:00 PM - 2:30:00 PM","45315.3750000000","62 %","62.3333","5,103 MB","5351105194.6667","0 %","0.0000","100 %","0000010000"
"1/24/2024 2:30:00 PM - 3:30:00 PM","45315.4166666667","62 %","62.1667","5,101 MB","5348524714.6667","0 %","0.0000","100 %","0000010000"
"1/24/2024 3:30:00 PM - 4:30:00 PM","45315.4583333333","62 %","61.8333","5,074 MB","5320000853.3333","0 %","0.0000","100 %","0000010000"
"1/24/2024 4:30:00 PM - 5:30:00 PM","45315.5000000000","62 %","62.0000","5,088 MB","5335560192.0000","0 %","0.0000","100 %","0000010000"
"1/24/2024 5:30:00 PM - 6:30:00 PM","45315.5416666667","62 %","62.0000","5,067 MB","5312929109.3333","0 %","0.0000","100 %","0000010000"
"1/24/2024 6:30:00 PM - 7:30:00 PM","45315.5833333333","62 %","61.8333","5,065 MB","5310675626.6667","0 %","0.0000","100 %","0000010000"
"1/24/2024 7:30:00 PM - 8:30:00 PM","45315.6250000000","62 %","62.3333","5,104 MB","5352282112.0000","0 %","0.0000","100 %","0000010000"
"1/24/2024 8:30:00 PM - 9:30:00 PM","45315.6666666667","62 %","62.3333","5,108 MB","5356260693.3333","0 %","0.0000","100 %","0000010000"
"1/24/2024 9:30:00 PM - 10:30:00 PM","45315.7083333333","62 %","62.3333","5,118 MB","5366317738.6667","0 %","0.0000","100 %","0000010000"
"1/24/2024 10:30:00 PM - 11:30:00 PM","45315.7500000000","62 %","62.5000","5,121 MB","5369675093.3333","0 %","0.0000","100 %","0000010000"
"1/24/2024 11:30:00 PM - 12:30:00 AM","45315.7916666667","63 %","62.8333","5,133 MB","5382696277.3333","0 %","0.0000","100 %","0000010000"
"1/25/2024 12:30:00 AM - 1:30:00 AM","45315.8333333333","63 %","63.0000","5,151 MB","5401450496.0000","0 %","0.0000","100 %","0000010000"
"1/25/2024 1:30:00 AM - 2:30:00 AM","45315.8750000000","63 %","63.0000","5,147 MB","5397022720.0000","0 %","0.0000","100 %","0000010000"
"1/25/2024 2:30:00 AM - 3:30:00 AM","45315.9166666667","63 %","62.6667","5,131 MB","5379826346.6667","0 %","0.0000","100 %","0000010000"
"1/25/2024 3:30:00 AM - 4:30:00 AM","45315.9583333333","62 %","62.5000","5,114 MB","5362045610.6667","0 %","0.0000","100 %","0000010000"
"1/25/2024 4:30:00 AM - 5:30:00 AM","45316.0000000000","63 %","62.6667","5,124 MB","5372715008.0000","0 %","0.0000","100 %","0000010000"
"1/25/2024 5:30:00 AM - 6:30:00 AM","45316.0416666667","62 %","62.5000","5,109 MB","5356853930.6667","0 %","0.0000","100 %","0000010000"
"1/25/2024 6:30:00 AM - 7:30:00 AM","45316.0833333333","63 %","62.8333","5,132 MB","5381802666.6667","0 %","0.0000","100 %","0000010000"
"1/25/2024 7:30:00 AM - 8:30:00 AM","45316.1250000000","63 %","62.6667","5,126 MB","5374659925.3333","0 %","0.0000","100 %","0000010000"
"1/25/2024 8:30:00 AM - 9:30:00 AM","45316.1666666667","63 %","62.8333","5,130 MB","5379151189.3333","0 %","0.0000","100 %","0000010000"
"1/25/2024 9:30:00 AM - 10:30:00 AM","45316.2083333333","63 %","62.6667","5,122 MB","5370602837.3333","0 %","0.0000","100 %","0000010000"
"1/25/2024 10:30:00 AM - 11:30:00 AM","45316.2500000000","62 %","62.1667","5,084 MB","5330940586.6667","0 %","0.0000","100 %","0000010000"
"1/25/2024 11:30:00 AM - 12:30:00 PM","45316.2916666667","62 %","62.3333","5,089 MB","5336066048.0000","0 %","0.0000","100 %","0000010000"
"1/25/2024 12:30:00 PM - 1:30:00 PM","45316.3333333333","63 %","62.6667","5,120 MB","5369227946.6667","0 %","0.0000","100 %","0000010000"
"1/25/2024 1:30:00 PM - 2:30:00 PM","45316.3750000000","62 %","62.5000","5,112 MB","5360058368.0000","0 %","0.0000","100 %","0000010000"
"1/25/2024 2:30:00 PM - 3:30:00 PM","45316.4166666667","62 %","62.1667","5,086 MB","5333086208.0000","0 %","0.0000","100 %","0000010000"
"1/25/2024 3:30:00 PM - 4:30:00 PM","45316.4583333333","62 %","62.3333","5,085 MB","5331950933.3333","0 %","0.0000","100 %","0000010000"
"1/25/2024 4:30:00 PM - 5:30:00 PM","45316.5000000000","62 %","62.1667","5,098 MB","5345868458.6667","0 %","0.0000","100 %","0000010000"
"1/25/2024 5:30:00 PM - 6:30:00 PM","45316.5416666667","62 %","62.0000","5,078 MB","5324722176.0000","0 %","0.0000","100 %","0000010000"
"1/25/2024 6:30:00 PM - 7:30:00 PM","45316.5833333333","62 %","62.3333","5,116 MB","5364753749.3333","0 %","0.0000","100 %","0000010000"
"1/25/2024 7:30:00 PM - 8:30:00 PM","45316.6250000000","62 %","62.1667","5,090 MB","5337755648.0000","0 %","0.0000","100 %","0000010000"
"1/25/2024 8:30:00 PM - 9:30:00 PM","45316.6666666667","62 %","62.0000","5,079 MB","5326060202.6667","0 %","0.0000","100 %","0000010000"
"1/25/2024 9:30:00 PM - 10:30:00 PM","45316.7083333333","62 %","62.3333","5,109 MB","5357697706.6667","0 %","0.0000","100 %","0000010000"
"1/25/2024 10:30:00 PM - 11:30:00 PM","45316.7500000000","62 %","62.1667","5,109 MB","5357173418.6667","0 %","0.0000","100 %","0000010000"
"1/25/2024 11:30:00 PM - 12:30:00 AM","45316.7916666667","62 %","62.3333","5,105 MB","5352708096.0000","0 %","0.0000","100 %","0000010000"
"1/26/2024 12:30:00 AM - 1:30:00 AM","45316.8333333333","63 %","63.0000","5,135 MB","5384559957.3333","0 %","0.0000","100 %","0000010000"
"1/26/2024 1:30:00 AM - 2:30:00 AM","45316.8750000000","63 %","63.0000","5,141 MB","5390337365.3333","0 %","0.0000","100 %","0000010000"
"1/26/2024 2:30:00 AM - 3:30:00 AM","45316.9166666667","63 %","62.6667","5,127 MB","5376397994.6667","0 %","0.0000","100 %","0000010000"
"1/26/2024 3:30:00 AM - 4:30:00 AM","45316.9583333333","62 %","62.3333","5,110 MB","5358560597.3333","0 %","0.0000","100 %","0000010000"
"1/26/2024 4:30:00 AM - 5:30:00 AM","45317.0000000000","63 %","62.6667","5,127 MB","5375881216.0000","0 %","0.0000","100 %","0000010000"
"1/26/2024 5:30:00 AM - 6:30:00 AM","45317.0416666667","62 %","62.5000","5,120 MB","5369073664.0000","0 %","0.0000","100 %","0000010000"
"1/26/2024 6:30:00 AM - 7:30:00 AM","45317.0833333333","62 %","62.5000","5,117 MB","5365289642.6667","0 %","0.0000","100 %","0000010000"
"1/26/2024 7:30:00 AM - 8:30:00 AM","45317.1250000000","62 %","62.5000","5,125 MB","5373766997.3333","0 %","0.0000","100 %","0000010000"
"1/26/2024 8:30:00 AM - 9:30:00 AM","45317.1666666667","63 %","62.8333","5,133 MB","5382796629.3333","0 %","0.0000","100 %","0000010000"
"1/26/2024 9:30:00 AM - 10:30:00 AM","45317.2083333333","63 %","62.6667","5,124 MB","5373347840.0000","0 %","0.0000","100 %","0000010000"
"1/26/2024 10:30:00 AM - 11:30:00 AM","45317.2500000000","63 %","62.8333","5,122 MB","5371136682.6667","0 %","0.0000","100 %","0000010000"
"1/26/2024 11:30:00 AM - 12:30:00 PM","45317.2916666667","62 %","62.3333","5,096 MB","5343676416.0000","0 %","0.0000","100 %","0000010000"
"1/26/2024 12:30:00 PM - 1:30:00 PM","45317.3333333333","62 %","62.5000","5,118 MB","5366545749.3333","0 %","0.0000","100 %","0000010000"
"1/26/2024 1:30:00 PM - 2:30:00 PM","45317.3750000000","63 %","62.8333","5,141 MB","5390297088.0000","0 %","0.0000","100 %","0000010000"
"1/26/2024 2:30:00 PM - 3:30:00 PM","45317.4166666667","63 %","62.8333","5,149 MB","5399270741.3333","0 %","0.0000","100 %","0000010000"
"1/26/2024 3:30:00 PM - 4:30:00 PM","45317.4583333333","63 %","62.8333","5,148 MB","5398216021.3333","0 %","0.0000","100 %","0000010000"
"1/26/2024 4:30:00 PM - 5:30:00 PM","45317.5000000000","63 %","62.8333","5,141 MB","5391041194.6667","0 %","0.0000","100 %","0000010000"
"1/26/2024 5:30:00 PM - 6:30:00 PM","45317.5416666667","63 %","62.6667","5,123 MB","5372159317.3333","0 %","0.0000","100 %","0000010000"
"1/26/2024 6:30:00 PM - 7:30:00 PM","45317.5833333333","62 %","62.5000","5,127 MB","5376165205.3333","0 %","0.0000","100 %","0000010000"
"1/26/2024 7:30:00 PM - 8:30:00 PM","45317.6250000000","63 %","62.6667","5,118 MB","5366121813.3333","0 %","0.0000","100 %","0000010000"
"1/26/2024 8:30:00 PM - 9:30:00 PM","45317.6666666667","62 %","62.3333","5,100 MB","5348145152.0000","0 %","0.0000","100 %","0000010000"
"1/26/2024 9:30:00 PM - 10:30:00 PM","45317.7083333333","63 %","62.6667","5,120 MB","5368416938.6667","0 %","0.0000","100 %","0000010000"
"1/26/2024 10:30:00 PM - 11:30:00 PM","45317.7500000000","62 %","62.5000","5,127 MB","5376142677.3333","0 %","0.0000","100 %","0000010000"
"1/26/2024 11:30:00 PM - 12:30:00 AM","45317.7916666667","62 %","62.5000","5,123 MB","5371432277.3333","0 %","0.0000","100 %","0000010000"
"1/27/2024 12:30:00 AM - 1:30:00 AM","45317.8333333333","62 %","62.1667","5,106 MB","5353695232.0000","0 %","0.0000","100 %","0000010000"
"1/27/2024 1:30:00 AM - 2:30:00 AM","45317.8750000000","61 %","61.0000","4,980 MB","5222075050.6667","0 %","0.0000","100 %","0000010000"
"1/27/2024 2:30:00 AM - 3:30:00 AM","45317.9166666667","62 %","61.5000","5,046 MB","5291627178.6667","0 %","0.0000","100 %","0000010000"
"1/27/2024 3:30:00 AM - 4:30:00 AM","45317.9583333333","62 %","62.0000","5,078 MB","5324714666.6667","0 %","0.0000","100 %","0000010000"
"1/27/2024 4:30:00 AM - 5:30:00 AM","45318.0000000000","62 %","62.0000","5,075 MB","5321622186.6667","0 %","0.0000","100 %","0000010000"
"1/27/2024 5:30:00 AM - 6:30:00 AM","45318.0416666667","62 %","62.0000","5,065 MB","5311272277.3333","0 %","0.0000","100 %","0000010000"
"1/27/2024 6:30:00 AM - 7:30:00 AM","45318.0833333333","62 %","62.0000","5,069 MB","5314840576.0000","0 %","0.0000","100 %","0000010000"
"1/27/2024 7:30:00 AM - 8:30:00 AM","45318.1250000000","62 %","62.0000","5,065 MB","5311518037.3333","0 %","0.0000","100 %","0000010000"
"1/27/2024 8:30:00 AM - 9:30:00 AM","45318.1666666667","62 %","61.8333","5,061 MB","5307099136.0000","0 %","0.0000","100 %","0000010000"
"1/27/2024 9:30:00 AM - 10:30:00 AM","45318.2083333333","60 %","60.1667","4,932 MB","5171856725.3333","0 %","0.0000","100 %","0000010000"
"1/27/2024 10:30:00 AM - 11:30:00 AM","45318.2500000000","62 %","62.1667","5,100 MB","5347437909.3333","0 %","0.0000","100 %","0000010000"
"1/27/2024 11:30:00 AM - 12:30:00 PM","45318.2916666667","62 %","62.1667","5,099 MB","5346846720.0000","0 %","0.0000","100 %","0000010000"
"1/27/2024 12:30:00 PM - 1:30:00 PM","45318.3333333333","62 %","62.3333","5,107 MB","5354725376.0000","0 %","0.0000","100 %","0000010000"
"1/27/2024 1:30:00 PM - 2:30:00 PM","45318.3750000000","62 %","62.1667","5,097 MB","5344907946.6667","0 %","0.0000","100 %","0000010000"
"1/27/2024 2:30:00 PM - 3:30:00 PM","45318.4166666667","62 %","62.0000","5,083 MB","5329859242.6667","0 %","0.0000","100 %","0000010000"
"1/27/2024 3:30:00 PM - 4:30:00 PM","45318.4583333333","62 %","62.0000","5,096 MB","5343262720.0000","0 %","0.0000","100 %","0000010000"
"1/27/2024 4:30:00 PM - 5:30:00 PM","45318.5000000000","62 %","62.0000","5,093 MB","5340219392.0000","0 %","0.0000","100 %","0000010000"
"1/27/2024 5:30:00 PM - 6:30:00 PM","45318.5416666667","62 %","62.0000","5,089 MB","5335920640.0000","0 %","0.0000","100 %","0000010000"
"1/27/2024 6:30:00 PM - 7:30:00 PM","45318.5833333333","62 %","62.0000","5,089 MB","5336427861.3333","0 %","0.0000","100 %","0000010000"
"1/27/2024 7:30:00 PM - 8:30:00 PM","45318.6250000000","62 %","62.0000","5,083 MB","5329828522.6667","0 %","0.0000","100 %","0000010000"
"1/27/2024 8:30:00 PM - 9:30:00 PM","45318.6666666667","62 %","62.0000","5,081 MB","5327446016.0000","0 %","0.0000","100 %","0000010000"
"1/27/2024 9:30:00 PM - 10:30:00 PM","45318.7083333333","62 %","62.0000","5,072 MB","5318062080.0000","0 %","0.0000","100 %","0000010000"
"1/27/2024 10:30:00 PM - 11:30:00 PM","45318.7500000000","62 %","62.0000","5,079 MB","5325835605.3333","0 %","0.0000","100 %","0000010000"
"1/27/2024 11:30:00 PM - 12:30:00 AM","45318.7916666667","62 %","62.0000","5,076 MB","5322136234.6667","0 %","0.0000","100 %","0000010000"
"1/28/2024 12:30:00 AM - 1:30:00 AM","45318.8333333333","62 %","62.0000","5,094 MB","5341564245.3333","0 %","0.0000","100 %","0000010000"
"1/28/2024 1:30:00 AM - 2:30:00 AM","45318.8750000000","62 %","62.0000","5,091 MB","5338071040.0000","0 %","0.0000","100 %","0000010000"
"1/28/2024 2:30:00 AM - 3:30:00 AM","45318.9166666667","62 %","62.0000","5,076 MB","5322594304.0000","0 %","0.0000","100 %","0000010000"
"1/28/2024 3:30:00 AM - 4:30:00 AM","45318.9583333333","62 %","62.0000","5,064 MB","5310260565.3333","0 %","0.0000","100 %","0000010000"
"1/28/2024 4:30:00 AM - 5:30:00 AM","45319.0000000000","62 %","61.8333","5,048 MB","5293013674.6667","0 %","0.0000","100 %","0000010000"
"1/28/2024 5:30:00 AM - 6:30:00 AM","45319.0416666667","61 %","61.3333","5,030 MB","5274464256.0000","0 %","0.0000","100 %","0000010000"
"1/28/2024 6:30:00 AM - 7:30:00 AM","45319.0833333333","61 %","61.1667","5,031 MB","5275179008.0000","0 %","0.0000","100 %","0000010000"
"1/28/2024 7:30:00 AM - 8:30:00 AM","45319.1250000000","60 %","60.3333","4,939 MB","5178726400.0000","0 %","0.0000","100 %","0000010000"
"1/28/2024 8:30:00 AM - 9:30:00 AM","45319.1666666667","61 %","61.1667","5,017 MB","5260617728.0000","0 %","0.0000","100 %","0000010000"
"1/28/2024 9:30:00 AM - 10:30:00 AM","45319.2083333333","61 %","61.0000","5,012 MB","5255000064.0000","0 %","0.0000","100 %","0000010000"
"1/28/2024 10:30:00 AM - 11:30:00 AM","45319.2500000000","61 %","61.0000","5,002 MB","5245500074.6667","0 %","0.0000","100 %","0000010000"
"1/28/2024 11:30:00 AM - 12:30:00 PM","45319.2916666667","61 %","61.0000","5,013 MB","5256548352.0000","0 %","0.0000","100 %","0000010000"
"1/28/2024 12:30:00 PM - 1:30:00 PM","45319.3333333333","61 %","61.0000","5,012 MB","5255794005.3333","0 %","0.0000","100 %","0000010000"
"1/28/2024 1:30:00 PM - 2:30:00 PM","45319.3750000000","61 %","61.0000","5,003 MB","5246412800.0000","0 %","0.0000","100 %","0000010000"
"1/28/2024 2:30:00 PM - 3:30:00 PM","45319.4166666667","61 %","60.8333","4,994 MB","5236633600.0000","0 %","0.0000","100 %","0000010000"
"1/28/2024 3:30:00 PM - 4:30:00 PM","45319.4583333333","61 %","61.0000","5,004 MB","5247010133.3333","0 %","0.0000","100 %","0000010000"
"1/28/2024 4:30:00 PM - 5:30:00 PM","45319.5000000000","61 %","61.0000","4,999 MB","5241772032.0000","0 %","0.0000","100 %","0000010000"
"1/28/2024 5:30:00 PM - 6:30:00 PM","45319.5416666667","61 %","61.0000","4,995 MB","5238059008.0000","0 %","0.0000","100 %","0000010000"
"1/28/2024 6:30:00 PM - 7:30:00 PM","45319.5833333333","61 %","61.0000","5,004 MB","5247342592.0000","0 %","0.0000","100 %","0000010000"
"1/28/2024 7:30:00 PM - 8:30:00 PM","45319.6250000000","61 %","61.0000","5,012 MB","5255163221.3333","0 %","0.0000","100 %","0000010000"
"1/28/2024 8:30:00 PM - 9:30:00 PM","45319.6666666667","61 %","61.1667","5,021 MB","5264850261.3333","0 %","0.0000","100 %","0000010000"
"1/28/2024 9:30:00 PM - 10:30:00 PM","45319.7083333333","61 %","61.1667","5,019 MB","5263033685.3333","0 %","0.0000","100 %","0000010000"
"1/28/2024 10:30:00 PM - 11:30:00 PM","45319.7500000000","61 %","61.1667","5,014 MB","5257593514.6667","0 %","0.0000","100 %","0000010000"
"1/28/2024 11:30:00 PM - 12:30:00 AM","45319.7916666667","61 %","61.2000","5,022 MB","5265987993.6000","0 %","0.0000","100 %","0000010000"
"1/29/2024 12:30:00 AM - 1:30:00 AM","45319.8333333333","61 %","61.0000","5,008 MB","5251577856.0000","0 %","0.0000","100 %","0000010000"
"1/29/2024 1:30:00 AM - 2:30:00 AM","45319.8750000000","61 %","61.0000","5,016 MB","5259168426.6667","0 %","0.0000","100 %","0000010000"
"1/29/2024 2:30:00 AM - 3:30:00 AM","45319.9166666667","61 %","61.0000","5,011 MB","5254225920.0000","0 %","0.0000","100 %","0000010000"
"1/29/2024 3:30:00 AM - 4:30:00 AM","45319.9583333333","61 %","61.0000","4,985 MB","5227276970.6667","0 %","0.0000","100 %","0000010000"
"1/29/2024 4:30:00 AM - 5:30:00 AM","45320.0000000000","61 %","61.0000","5,003 MB","5245661184.0000","0 %","0.0000","100 %","0000010000"
"1/29/2024 5:30:00 AM - 6:30:00 AM","45320.0416666667","61 %","61.0000","4,987 MB","5228873045.3333","0 %","0.0000","100 %","0000010000"
"1/29/2024 6:30:00 AM - 7:30:00 AM","45320.0833333333","61 %","61.0000","4,989 MB","5230897152.0000","0 %","0.0000","100 %","0000010000"
"1/29/2024 7:30:00 AM - 8:30:00 AM","45320.1250000000","61 %","61.0000","4,978 MB","5219509589.3333","0 %","0.0000","100 %","0000010000"
"1/29/2024 8:30:00 AM - 9:30:00 AM","45320.1666666667","61 %","60.8333","4,979 MB","5221018282.6667","0 %","0.0000","100 %","0000010000"
"1/29/2024 9:30:00 AM - 10:30:00 AM","45320.2083333333","61 %","61.0000","4,988 MB","5230022656.0000","0 %","0.0000","100 %","0000010000"
"1/29/2024 10:30:00 AM - 11:30:00 AM","45320.2500000000","61 %","60.6667","4,971 MB","5212633088.0000","0 %","0.0000","100 %","0000010000"
"1/29/2024 11:30:00 AM - 12:30:00 PM","45320.2916666667","61 %","60.6667","4,978 MB","5220199765.3333","0 %","0.0000","100 %","0000010000"
"1/29/2024 12:30:00 PM - 1:30:00 PM","45320.3333333333","60 %","60.5000","4,971 MB","5212122453.3333","0 %","0.0000","100 %","0000010000"
"1/29/2024 1:30:00 PM - 2:30:00 PM","45320.3750000000","61 %","60.6667","4,978 MB","5219792896.0000","0 %","0.0000","100 %","0000010000"
"1/29/2024 2:30:00 PM - 3:30:00 PM","45320.4166666667","61 %","60.6667","4,971 MB","5212343637.3333","0 %","0.0000","100 %","0000010000"
"1/29/2024 3:30:00 PM - 4:30:00 PM","45320.4583333333","60 %","60.3333","4,953 MB","5193539584.0000","0 %","0.0000","100 %","0000010000"
"1/29/2024 4:30:00 PM - 5:30:00 PM","45320.5000000000","61 %","60.8333","4,985 MB","5227474261.3333","0 %","0.0000","100 %","0000010000"
"1/29/2024 5:30:00 PM - 6:30:00 PM","45320.5416666667","62 %","61.5000","5,041 MB","5286152874.6667","0 %","0.0000","100 %","0000010000"
"1/29/2024 6:30:00 PM - 7:30:00 PM","45320.5833333333","61 %","61.1667","5,037 MB","5281449301.3333","0 %","0.0000","100 %","0000010000"
"1/29/2024 7:30:00 PM - 8:30:00 PM","45320.6250000000","62 %","62.0000","5,082 MB","5328773120.0000","0 %","0.0000","100 %","0000010000"
"1/29/2024 8:30:00 PM - 9:30:00 PM","45320.6666666667","62 %","62.0000","5,098 MB","5346138794.6667","0 %","0.0000","100 %","0000010000"
"1/29/2024 9:30:00 PM - 10:30:00 PM","45320.7083333333","62 %","62.0000","5,094 MB","5341513728.0000","0 %","0.0000","100 %","0000010000"
"1/29/2024 10:30:00 PM - 11:30:00 PM","45320.7500000000","62 %","62.0000","5,091 MB","5337836885.3333","0 %","0.0000","100 %","0000010000"
"1/29/2024 11:30:00 PM - 12:30:00 AM","45320.7916666667","62 %","62.1667","5,105 MB","5352616618.6667","0 %","0.0000","100 %","0000010000"
"1/30/2024 12:30:00 AM - 1:30:00 AM","45320.8333333333","62 %","62.3333","5,105 MB","5353200298.6667","0 %","0.0000","100 %","0000010000"
"1/30/2024 1:30:00 AM - 2:30:00 AM","45320.8750000000","62 %","62.3333","5,117 MB","5365975722.6667","0 %","0.0000","100 %","0000010000"
"1/30/2024 2:30:00 AM - 3:30:00 AM","45320.9166666667","62 %","62.0000","5,103 MB","5351185749.3333","0 %","0.0000","100 %","0000010000"
"1/30/2024 3:30:00 AM - 4:30:00 AM","45320.9583333333","62 %","62.0000","5,097 MB","5344122197.3333","0 %","0.0000","100 %","0000010000"
"1/30/2024 4:30:00 AM - 5:30:00 AM","45321.0000000000","62 %","62.1667","5,111 MB","5359404373.3333","0 %","0.0000","100 %","0000010000"
"1/30/2024 5:30:00 AM - 6:30:00 AM","45321.0416666667","62 %","62.1667","5,114 MB","5362051072.0000","0 %","0.0000","100 %","0000010000"
"1/30/2024 6:30:00 AM - 7:30:00 AM","45321.0833333333","62 %","62.1667","5,112 MB","5360472746.6667","0 %","0.0000","100 %","0000010000"
"1/30/2024 7:30:00 AM - 8:30:00 AM","45321.1250000000","62 %","62.5000","5,117 MB","5365394090.6667","0 %","0.0000","100 %","0000010000"
"1/30/2024 8:30:00 AM - 9:30:00 AM","45321.1666666667","62 %","62.2000","5,106 MB","5353579315.2000","0 %","0.0000","100 %","0000010000"
"1/30/2024 9:30:00 AM - 10:30:00 AM","45321.2083333333","62 %","62.1667","5,090 MB","5336801962.6667","0 %","0.0000","100 %","0000010000"
"1/30/2024 10:30:00 AM - 11:30:00 AM","45321.2500000000","62 %","61.8333","5,078 MB","5325156352.0000","0 %","0.0000","100 %","0000010000"
"1/30/2024 11:30:00 AM - 12:30:00 PM","45321.2916666667","62 %","61.5000","5,038 MB","5282976426.6667","0 %","0.0000","100 %","0000010000"
"1/30/2024 12:30:00 PM - 1:30:00 PM","45321.3333333333","62 %","61.6667","5,049 MB","5294088192.0000","0 %","0.0000","100 %","0000010000"
"1/30/2024 1:30:00 PM - 2:30:00 PM","45321.3750000000","62 %","61.8333","5,046 MB","5291412138.6667","0 %","0.0000","100 %","0000010000"
"1/30/2024 2:30:00 PM - 3:30:00 PM","45321.4166666667","62 %","61.8333","5,063 MB","5308459690.6667","0 %","0.0000","100 %","0000010000"
"1/30/2024 3:30:00 PM - 4:30:00 PM","45321.4583333333","62 %","61.8333","5,065 MB","5310548650.6667","0 %","0.0000","100 %","0000010000"
"1/30/2024 4:30:00 PM - 5:30:00 PM","45321.5000000000","62 %","61.6667","5,048 MB","5293496320.0000","0 %","0.0000","100 %","0000010000"
"1/30/2024 5:30:00 PM - 6:30:00 PM","45321.5416666667","62 %","61.8333","5,063 MB","5309295957.3333","0 %","0.0000","100 %","0000010000"
"1/30/2024 6:30:00 PM - 7:30:00 PM","45321.5833333333","62 %","61.8333","5,054 MB","5300012373.3333","0 %","0.0000","100 %","0000010000"
"1/30/2024 7:30:00 PM - 8:30:00 PM","45321.6250000000","62 %","62.0000","5,091 MB","5338333866.6667","0 %","0.0000","100 %","0000010000"
"1/30/2024 8:30:00 PM - 9:30:00 PM","45321.6666666667","62 %","62.1667","5,092 MB","5339699882.6667","0 %","0.0000","100 %","0000010000"
"1/30/2024 9:30:00 PM - 10:30:00 PM","45321.7083333333","62 %","62.0000","5,088 MB","5335620949.3333","0 %","0.0000","100 %","0000010000"
"1/30/2024 10:30:00 PM - 11:30:00 PM","45321.7500000000","62 %","62.0000","5,092 MB","5338968746.6667","0 %","0.0000","100 %","0000010000"
"1/30/2024 11:30:00 PM - 12:30:00 AM","45321.7916666667","62 %","62.2857","5,101 MB","5348694308.5714","0 %","0.0000","100 %","0000010000"
"1/31/2024 12:30:00 AM - 1:30:00 AM","45321.8333333333","62 %","62.3333","5,118 MB","5366777856.0000","0 %","0.0000","100 %","0000010000"
"1/31/2024 1:30:00 AM - 2:30:00 AM","45321.8750000000","62 %","62.5000","5,119 MB","5367153322.6667","0 %","0.0000","100 %","0000010000"
"1/31/2024 2:30:00 AM - 3:30:00 AM","45321.9166666667","62 %","62.0000","5,100 MB","5347364181.3333","0 %","0.0000","100 %","0000010000"
"1/31/2024 3:30:00 AM - 4:30:00 AM","45321.9583333333","62 %","62.0000","5,094 MB","5340965546.6667","0 %","0.0000","100 %","0000010000"
"1/31/2024 4:30:00 AM - 5:30:00 AM","45322.0000000000","62 %","62.3333","5,108 MB","5355962368.0000","0 %","0.0000","100 %","0000010000"
"1/31/2024 5:30:00 AM - 6:30:00 AM","45322.0416666667","62 %","62.0000","5,079 MB","5325529088.0000","0 %","0.0000","100 %","0000010000"
"1/31/2024 6:30:00 AM - 7:30:00 AM","45322.0833333333","62 %","62.5000","5,115 MB","5363349504.0000","0 %","0.0000","100 %","0000010000"
"1/31/2024 7:30:00 AM - 8:30:00 AM","45322.1250000000","62 %","62.5000","5,112 MB","5360769706.6667","0 %","0.0000","100 %","0000010000"
"1/31/2024 8:30:00 AM - 9:30:00 AM","45322.1666666667","63 %","62.6667","5,118 MB","5367111680.0000","0 %","0.0000","100 %","0000010000"
"1/31/2024 9:30:00 AM - 10:30:00 AM","45322.2083333333","62 %","62.5000","5,121 MB","5370178901.3333","0 %","0.0000","100 %","0000010000"
"1/31/2024 10:30:00 AM - 11:30:00 AM","45322.2500000000","62 %","62.1667","5,105 MB","5352762709.3333","0 %","0.0000","100 %","0000010000"
"1/31/2024 11:30:00 AM - 12:30:00 PM","45322.2916666667","62 %","62.0000","5,091 MB","5337970005.3333","0 %","0.0000","100 %","0000010000"
"1/31/2024 12:30:00 PM - 1:30:00 PM","45322.3333333333","62 %","62.1667","5,093 MB","5340308821.3333","0 %","0.0000","100 %","0000010000"
"1/31/2024 1:30:00 PM - 2:30:00 PM","45322.3750000000","62 %","62.1667","5,101 MB","5348920661.3333","0 %","0.0000","100 %","0000010000"
"1/31/2024 2:30:00 PM - 3:30:00 PM","45322.4166666667","62 %","62.5000","5,106 MB","5353901397.3333","0 %","0.0000","100 %","0000010000"
"1/31/2024 3:30:00 PM - 4:30:00 PM","45322.4583333333","62 %","62.0000","5,084 MB","5331439616.0000","0 %","0.0000","100 %","0000010000"
"1/31/2024 4:30:00 PM - 5:30:00 PM","45322.5000000000","62 %","62.3333","5,086 MB","5333341525.3333","0 %","0.0000","100 %","0000010000"
"1/31/2024 5:30:00 PM - 6:30:00 PM","45322.5416666667","62 %","62.3333","5,087 MB","5334026922.6667","0 %","0.0000","100 %","0000010000"
"1/31/2024 6:30:00 PM - 7:30:00 PM","45322.5833333333","62 %","62.1667","5,087 MB","5334282240.0000","0 %","0.0000","100 %","0000010000"
"1/31/2024 7:30:00 PM - 8:30:00 PM","45322.6250000000","62 %","62.5000","5,124 MB","5373143722.6667","0 %","0.0000","100 %","0000010000"
"1/31/2024 8:30:00 PM - 9:30:00 PM","45322.6666666667","62 %","62.5000","5,124 MB","5372592810.6667","0 %","0.0000","100 %","0000010000"
"1/31/2024 9:30:00 PM - 10:30:00 PM","45322.7083333333","63 %","62.6667","5,123 MB","5372295850.6667","0 %","0.0000","100 %","0000010000"
"1/31/2024 10:30:00 PM - 11:30:00 PM","45322.7500000000","62 %","61.8333","5,079 MB","5325572096.0000","0 %","0.0000","100 %","0000010000"
"1/31/2024 11:30:00 PM - 12:30:00 AM","45322.7916666667","62 %","61.8333","5,061 MB","5306520234.6667","0 %","0.0000","100 %","0000010000"
"2/1/2024 12:30:00 AM - 1:30:00 AM","45322.8333333333","62 %","62.3333","5,116 MB","5365024085.3333","0 %","0.0000","100 %","0000010000"
"2/1/2024 1:30:00 AM - 2:30:00 AM","45322.8750000000","62 %","62.5000","5,122 MB","5370663594.6667","0 %","0.0000","100 %","0000010000"
"2/1/2024 2:30:00 AM - 3:30:00 AM","45322.9166666667","62 %","62.3333","5,117 MB","5365381120.0000","0 %","0.0000","100 %","0000010000"
"2/1/2024 3:30:00 AM - 4:30:00 AM","45322.9583333333","62 %","62.0000","5,090 MB","5337626624.0000","0 %","0.0000","100 %","0000010000"
"2/1/2024 4:30:00 AM - 5:30:00 AM","45323.0000000000","62 %","62.0000","5,098 MB","5345149610.6667","0 %","0.0000","100 %","0000010000"
"Averages (of 1493 values)",,"60 %",,"4,910 MB",,"0 %",,"100 %",