"Date Time","Date Time(RAW)","Total","Total(RAW)","Processor 1","Processor 1(RAW)","Processor 2","Processor 2(RAW)","Processor 3","Processor 3(RAW)","Processor 4","Processor 4(RAW)","Processor 5","Processor 5(RAW)","Processor 6","Processor 6(RAW)","Processor 7","Processor 7(RAW)","Processor 8","Processor 8(RAW)","Downtime","Downtime(RAW)","Coverage","Coverage(RAW)"
"12/1/2023 12:30:00 AM - 1:30:00 AM","45260.8333333333","6.25 %","6.2500","13 %","13.1667","","0.0833","38 %","37.5833","0 %","0.0000","1 %","1.0833","0 %","0.0000","0 %","0.0000","0 %","0.0000","0 %","0.0000","100 %","0000010000"
"12/1/2023 1:30:00 AM - 2:30:00 AM","45260.8750000000","6.25 %","6.2500","13 %","13.1667","","0.2500","37 %","37.2500","0 %","0.0000","1 %","1.0000","0 %","0.0000","0 %","0.0000","0 %","0.0000","0 %","0.0000","100 %","0000010000"
"12/1/2023 2:30:00 AM - 3:30:00 AM","45260.9166666667","6.33 %","6.3333","13 %","13.1667","","0.3333","37 %","37.3333","0 %","0.0000","1 %","1.0000","0 %","0.0000","0 %","0.0000","0 %","0.0000","0 %","0.0000","100 %","0000010000"
"12/1/2023 3:30:00 AM - 4:30:00 AM","45260.9583333333","6.25 %","6.2500","13 %","12.9167","","0.2500","38 %","37.9167","0 %","0.0000","","0.9167","0 %","0.0000","0 %","0.0000","0 %","0.0000","0 %","0.0000","100 %","0000010000"
"12/1/2023 4:30:00 AM - 5:30:00 AM","45261.0000000000","6.50 %","6.5000","13 %","13.2500","","0.4167","38 %","37.6667","0 %","0.0000","","0.9167","0 %","0.0000","0 %","0.0000","0 %","0.0000","0 %","0.0000","100 %","0000010000"
"12/1/2023 5:30:00 AM - 6:30:00 AM","45261.0416666667","6.08 %","6.0833","13 %","13.1667","","0.1667","37 %","37.2500","0 %","0.0000","","0.8333","0 %","0.0000","0 %","0.0000","0 %","0.0000","0 %","0.0000","100 %","0000010000"
"12/1/2023 6:30:00 AM - 7:30:00 AM","45261.0833333333","6.25 %","6.2500","13 %","12.5833","","0.2500","38 %","37.9167","0 %","0.0000","1 %","1.0000","0 %","0.0000","0 %","0.0000","0 %","0.0000","0 %","0.0000","100 %","0000010000"
"12/1/2023 7:30:00 AM - 8:30:00 AM","45261.1250000000","6.25 %","6.2500","13 %","12.9167","","0.1667","38 %","38.1667","0 %","0.0000","1 %","1.0000","0 %","0.0000","0 %","0.0000","0 %","0.0000","0 %","0.0000","100 %","0000010000"
"12/1/2023 8:30:00 AM - 9:30:00 AM","45261.1666666667","6.33 %","6.3333","13 %","12.8333","","0.2500","38 %","37.9167","0 %","0.0000","","0.9167","0 %","0.0000","0 %","0.0000","0 %","0.0000","0 %","0.0000","100 %","0000010000"
"12/1/2023 9:30:00 AM - 10:30:00 AM","45261.2083333333","6.33 %","6.3333","13 %","13.0833","","0.1667","38 %","38.0000","0 %","0.0000","1 %","1.0833","0 %","0.0000","0 %","0.0000","0 %","0.0000","0 %","0.0000","100 %","0000010000"
"12/1/2023 10:30:00 AM - 11:30:00 AM","45261.2500000000","6.50 %","6.5000","14 %","13.5833","","0.5833","37 %","37.1667","0 %","0.0000","","0.9167","0 %","0.0000","0 %","0.0000","0 %","0.0000","0 %","0.0000","100 %","0000010000"
"12/1/2023 11:30:00 AM - 12:30:00 PM","45261.2916666667","6.42 %","6.4167","13 %","13.0000","","0.3333","38 %","38.0000","0 %","0.0000","","0.8333","0 %","0.0000","0 %","0.0000","0 %","0.0000","0 %","0.0000","100 %","0000010000"
"12/1/2023 12:30:00 PM - 1:30:00 PM","45261.3333333333","6.50 %","6.5000","13 %","13.0833","","0.3333","38 %","38.0833","0 %","0.0000","","0.9167","0 %","0.0000","0 %","0.0000","0 %","0.0000","0 %","0.0000","100 %","0000010000"
"12/1/2023 1:30:00 PM - 2:30:00 PM","45261.3750000000","6.58 %","6.5833","13 %","13.4167","","0.3333","38 %","37.6667","","0.0833","1 %","1.0833","0 %","0.0000","0 %","0.0000","0 %","0.0000","0 %","0.0000","100 %","0000010000"
"12/1/2023 2:30:00 PM - 3:30:00 PM","45261.4166666667","6.58 %","6.5833","14 %","13.9167","","0.4167","38 %","37.8333","0 %","0.0000","1 %","1.3333","0 %","0.0000","","0.0833","0 %","0.0000","0 %","0.0000","100 %","0000010000"
"12/1/2023 3:30:00 PM - 4:30:00 PM","45261.4583333333","6.50 %","6.5000","13 %","13.3333","","0.1667","38 %","38.0833","0 %","0.0000","1 %","1.0000","0 %","0.0000","0 %","0.0000","0 %","0.0000","0 %","0.0000","100 %","0000010000"
"12/1/2023 4:30:00 PM - 5:30:00 PM","45261.5000000000","6.58 %","6.5833","13 %","13.0833","","0.3333","38 %","38.2500","0 %","0.0000","1 %","1.0000","0 %","0.0000","0 %","0.0000","0 %","0.0000","0 %","0.0000","100 %","0000010000"
"12/1/2023 5:30:00 PM - 6:30:00 PM","45261.5416666667","6.33 %","6.3333","14 %","13.7500","","0.0833","38 %","37.5000","0 %","0.0000","1 %","1.0833","0 %","0.0000","0 %","0.0000","0 %","0.0000","0 %","0.0000","100 %","0000010000"
"12/1/2023 6:30:00 PM - 7:30:00 PM","45261.5833333333","6.33 %","6.3333","13 %","12.7500","","0.1667","38 %","38.2500","0 %","0.0000","1 %","1.0833","0 %","0.0000","0 %","0.0000","0 %","0.0000","0 %","0.0000","100 %","0000010000"
"12/1/2023 7:30:00 PM - 8:30:00 PM","45261.6250000000","5.80 %","5.8000","14 %","13.6000","","0.1000","34 %","33.9000","","0.1000","1 %","1.0000","0 %","0.0000","0 %","0.0000","0 %","0.0000","0 %","0.0000","100 %","0000010000"
"12/1/2023 8:30:00 PM - 9:30:00 PM","45261.6666666667","7.25 %","7.2500","20 %","19.7500","","0.8333","36 %","35.5000","","0.2500","2 %","1.8333","","0.1667","","0.3333","","0.1667","0 %","0.0000","100 %","0000010000"
"12/1/2023 9:30:00 PM - 10:30:00 PM","45261.7083333333","7.25 %","7.2500","18 %","18.1667","","0.5833","38 %","38.0000","0 %","0.0000","2 %","1.5833","0 %","0.0000","0 %","0.0000","0 %","0.0000","0 %","0.0000","100 %","0000010000"
"12/1/2023 10:30:00 PM - 11:30:00 PM","45261.7500000000","7.25 %","7.2500","19 %","18.8333","","0.2500","37 %","37.2500","0 %","0.0000","2 %","1.5833","0 %","0.0000","0 %","0.0000","0 %","0.0000","0 %","0.0000","100 %","0000010000"
"12/1/2023 11:30:00 PM - 12:30:00 AM","45261.7916666667","6.50 %","6.5000","14 %","14.3333","","0.0833","38 %","38.3333","0 %","0.0000","1 %","1.1667","0 %","0.0000","","0.0833","0 %","0.0000","0 %","0.0000","100 %","0000010000"
"12/2/2023 12:30:00 AM - 1:30:00 AM","45261.8333333333","6.36 %","6.3636","13 %","13.1818","","0.0909","38 %","38.0909","0 %","0.0000","","0.7273","0 %","0.0000","0 %","0.0000","0 %","0.0000","0 %","0.0000","100 %","0000010000"
"12/2/2023 1:30:00 AM - 2:30:00 AM","45261.8750000000","6.17 %","6.1667","12 %","12.5000","","0.0833","37 %","37.3333","0 %","0.0000","","0.8333","0 %","0.0000","0 %","0.0000","0 %","0.0000","0 %","0.0000","100 %","0000010000"
"12/2/2023 2:30:00 AM - 3:30:00 AM","45261.9166666667","5.83 %","5.8333","12 %","11.8333","0 %","0.0000","35 %","35.4167","0 %","0.0000","","0.7500","0 %","0.0000","0 %","0.0000","0 %","0.0000","0 %","0.0000","100 %","0000010000"
"12/2/2023 3:30:00 AM - 4:30:00 AM","45261.9583333333","6.17 %","6.1667","12 %","12.4167","0 %","0.0000","38 %","37.7500","0 %","0.0000","","0.5833","0 %","0.0000","0 %","0.0000","0 %","0.0000","0 %","0.0000","100 %","0000010000"
"12/2/2023 4:30:00 AM - 5:30:00 AM","45262.0000000000","6.17 %","6.1667","13 %","12.7500","0 %","0.0000","37 %","37.3333","0 %","0.0000","","0.7500","0 %","0.0000","0 %","0.0000","0 %","0.0000","0 %","0.0000","100 %","0000010000"
"12/2/2023 5:30:00 AM - 6:30:00 AM","45262.0416666667","6 %","6.0000","13 %","12.5833","0 %","0.0000","37 %","37.1667","0 %","0.0000","","0.4167","0 %","0.0000","0 %","0.0000","0 %","0.0000","0 %","0.0000","100 %","0000010000"
"12/2/2023 6:30:00 AM - 7:30:00 AM","45262.0833333333","6 %","6.0000","12 %","12.0909","0 %","0.0000","37 %","37.2727","0 %","0.0000","","0.7273","0 %","0.0000","0 %","0.0000","0 %","0.0000","0 %","0.0000","100 %","0000010000"
"12/2/2023 7:30:00 AM - 8:30:00 AM","45262.1250000000","6 %","6.0000","12 %","11.8333","0 %","0.0000","38 %","37.8333","0 %","0.0000","","0.5833","0 %","0.0000","0 %","0.0000","0 %","0.0000","0 %","0.0000","100 %","0000010000"
"12/2/2023 8:30:00 AM - 9:30:00 AM","45262.1666666667","6.25 %","6.2500","12 %","12.3333","0 %","0.0000","38 %","37.7500","0 %","0.0000","","0.9167","0 %","0.0000","0 %","0.0000","0 %","0.0000","0 %","0.0000","100 %","0000010000"
"12/2/2023 9:30:00 AM - 10:30:00 AM","45262.2083333333","6 %","6.0000","12 %","11.7500","0 %","0.0000","38 %","38.3333","0 %","0.0000","","0.5833","0 %","0.0000","","0.0833","0 %","0.0000","0 %","0.0000","100 %","0000010000"
"12/2/2023 10:30:00 AM - 11:30:00 AM","45262.2500000000","5.92 %","5.9167","12 %","11.9167","0 %","0.0000","37 %","37.3333","0 %","0.0000","","0.5000","0 %","0.0000","0 %","0.0000","0 %","0.0000","0 %","0.0000","100 %","0000010000"
"12/2/2023 11:30:00 AM - 12:30:00 PM","45262.2916666667","6 %","6.0000","13 %","12.9167","0 %","0.0000","37 %","36.6667","0 %","0.0000","","0.8333","0 %","0.0000","0 %","0.0000","0 %","0.0000","0 %","0.0000","100 %","0000010000"
"12/2/2023 12:30:00 PM - 1:30:00 PM","45262.3333333333","6.17 %","6.1667","12 %","12.2500","0 %","0.0000","38 %","37.8333","0 %","0.0000","","0.5833","0 %","0.0000","0 %","0.0000","0 %","0.0000","0 %","0.0000","100 %","0000010000"
"12/2/2023 1:30:00 PM - 2:30:00 PM","45262.3750000000","6 %","6.0000","12 %","12.4167","0 %","0.0000","38 %","37.9167","0 %","0.0000","","0.5833","0 %","0.0000","0 %","0.0000","0 %","0.0000","0 %","0.0000","100 %","0000010000"
"12/2/2023 2:30:00 PM - 3:30:00 PM","45262.4166666667","6.17 %","6.1667","13 %","12.6667","0 %","0.0000","38 %","37.7500","0 %","0.0000","","0.7500","0 %","0.0000","0 %","0.0000","0 %","0.0000","0 %","0.0000","100 %","0000010000"
"12/2/2023 3:30:00 PM - 4:30:00 PM","45262.4583333333","6.17 %","6.1667","13 %","12.8333","","0.1667","37 %","36.8333","0 %","0.0000","","0.7500","0 %","0.0000","","0.0833","0 %","0.0000","0 %","0.0000","100 %","0000010000"
"12/2/2023 4:30:00 PM - 5:30:00 PM","45262.5000000000","6.33 %","6.3333","12 %","12.1667","","0.0833","38 %","38.1667","0 %","0.0000","","0.6667","0 %","0.0000","0 %","0.0000","0 %","0.0000","0 %","0.0000","100 %","0000010000"
"12/2/2023 5:30:00 PM - 6:30:00 PM","45262.5416666667","6.08 %","6.0833","13 %","12.6667","","0.0833","37 %","37.4167","0 %","0.0000","","0.5833","0 %","0.0000","0 %","0.0000","0 %","0.0000","0 %","0.0000","100 %","0000010000"
"12/2/2023 6:30:00 PM - 7:30:00 PM","45262.5833333333","6.08 %","6.0833","12 %","12.4167","0 %","0.0000","38 %","37.6667","0 %","0.0000","","0.7500","0 %","0.0000","0 %","0.0000","0 %","0.0000","0 %","0.0000","100 %","0000010000"
"12/2/2023 7:30:00 PM - 8:30:00 PM","45262.6250000000","6 %","6.0000","12 %","12.2500","","0.0833","38 %","38.0000","0 %","0.0000","","0.4167","0 %","0.0000","0 %","0.0000","0 %","0.0000","0 %","0.0000","100 %","0000010000"
"12/2/2023 8:30:00 PM - 9:30:00 PM","45262.6666666667","6.25 %","6.2500","13 %","12.7500","0 %","0.0000","38 %","37.6667","0 %","0.0000","","0.8333","0 %","0.0000","0 %","0.0000","0 %","0.0000","0 %","0.0000","100 %","0000010000"
"12/2/2023 9:30:00 PM - 10:30:00 PM","45262.7083333333","6.08 %","6.0833","12 %","12.3333","0 %","0.0000","38 %","37.9167","0 %","0.0000","","0.5833","0 %","0.0000","0 %","0.0000","0 %","0.0000","0 %","0.0000","100 %","0000010000"
"12/2/2023 10:30:00 PM - 11:30:00 PM","45262.7500000000","6 %","6.0000","12 %","12.3333","0 %","0.0000","38 %","37.7500","0 %","0.0000","","0.7500","0 %","0.0000","0 %","0.0000","0 %","0.0000","0 %","0.0000","100 %","0000010000"
"12/2/2023 11:30:00 PM - 12:30:00 AM","45262.7916666667","6.17 %","6.1667","12 %","12.3333","0 %","0.0000","38 %","38.1667","0 %","0.0000","","0.6667","0 %","0.0000","","0.1667","0 %","0.0000","0 %","0.0000","100 %","0000010000"
"12/3/2023 12:30:00 AM - 1:30:00 AM","45262.8333333333","6.08 %","6.0833","12 %","12.4167","0 %","0.0000","38 %","37.9167","0 %","0.0000","","0.9167","0 %","0.0000","0 %","0.0000","0 %","0.0000","0 %","0.0000","100 %","0000010000"
"12/3/2023 1:30:00 AM - 2:30:00 AM","45262.8750000000","6.17 %","6.1667","12 %","12.5000","0 %","0.0000","38 %","37.9167","0 %","0.0000","","0.7500","0 %","0.0000","0 %","0.0000","0 %","0.0000","0 %","0.0000","100 %","0000010000"
"12/3/2023 2:30:00 AM - 3:30:00 AM","45262.9166666667","6.08 %","6.0833","12 %","12.2500","0 %","0.0000","38 %","37.9167","0 %","0.0000","","0.6667","0 %","0.0000","0 %","0.0000","0 %","0.0000","0 %","0.0000","100 %","0000010000"
"12/3/2023 3:30:00 AM - 4:30:00 AM","45262.9583333333","6 %","6.0000","13 %","12.8333","0 %","0.0000","37 %","37.4167","0 %","0.0000","","0.6667","0 %","0.0000","0 %","0.0000","0 %","0.0000","0 %","0.0000","100 %","0000010000"
"12/3/2023 4:30:00 AM - 5:30:00 AM","45263.0000000000","6.25 %","6.2500","13 %","12.8333","0 %","0.0000","38 %","38.0833","0 %","0.0000","","0.7500","0 %","0.0000","0 %","0.0000","0 %","0.0000","0 %","0.0000","100 %","0000010000"
"12/3/2023 5:30:00 AM - 6:30:00 AM","45263.0416666667","6 %","6.0000","13 %","12.5833","0 %","0.0000","38 %","37.6667","0 %","0.0000","","0.7500","0 %","0.0000","0 %","0.0000","0 %","0.0000","0 %","0.0000","100 %","0000010000"
"12/3/2023 6:30:00 AM - 7:30:00 AM","45263.0833333333","6.17 %","6.1667","12 %","12.2500","0 %","0.0000","38 %","38.1667","0 %","0.0000","","0.8333","0 %","0.0000","0 %","0.0000","0 %","0.0000","0 %","0.0000","100 %","0000010000"
"12/3/2023 7:30:00 AM - 8:30:00 AM","45263.1250000000","6 %","6.0000","13 %","13.0000","0 %","0.0000","37 %","37.0000","0 %","0.0000","1 %","1.0000","0 %","0.0000","0 %","0.0000","0 %","0.0000","0 %","0.0000","100 %","0000010000"
"12/3/2023 8:30:00 AM - 9:30:00 AM","45263.1666666667","6.25 %","6.2500","13 %","12.9167","0 %","0.0000","37 %","37.3333","0 %","0.0000","","0.8333","0 %","0.0000","0 %","0.0000","0 %","0.0000","0 %","0.0000","100 %","0000010000"
"12/3/2023 9:30:00 AM - 10:30:00 AM","45263.2083333333","6.08 %","6.0833","13 %","12.5833","0 %","0.0000","38 %","37.7500","0 %","0.0000","1 %","1.0833","0 %","0.0000","0 %","0.0000","0 %","0.0000","0 %","0.0000","100 %","0000010000"
"12/3/2023 10:30:00 AM - 11:30:00 AM","45263.2500000000","6 %","6.0000","12 %","12.2500","0 %","0.0000","38 %","38.0000","0 %","0.0000","","0.5000","0 %","0.0000","0 %","0.0000","0 %","0.0000","0 %","0.0000","100 %","0000010000"
"12/3/2023 11:30:00 AM - 12:30:00 PM","45263.2916666667","6 %","6.0000","13 %","12.5833","0 %","0.0000","38 %","37.9167","0 %","0.0000","","0.8333","0 %","0.0000","0 %","0.0000","0 %","0.0000","0 %","0.0000","100 %","0000010000"
"12/3/2023 12:30:00 PM - 1:30:00 PM","45263.3333333333","6 %","6.0000","13 %","12.6667","0 %","0.0000","38 %","37.5833","0 %","0.0000","1 %","1.0833","0 %","0.0000","0 %","0.0000","0 %","0.0000","0 %","0.0000","100 %","0000010000"
"12/3/2023 1:30:00 PM - 2:30:00 PM","45263.3750000000","6 %","6.0000","13 %","12.5833","0 %","0.0000","37 %","37.3333","0 %","0.0000","","0.9167","0 %","0.0000","0 %","0.0000","0 %","0.0000","0 %","0.0000","100 %","0000010000"
"12/3/2023 2:30:00 PM - 3:30:00 PM","45263.4166666667","6.17 %","6.1667","13 %","12.8333","0 %","0.0000","38 %","37.5833","0 %","0.0000","","0.8333","0 %","0.0000","0 %","0.0000","0 %","0.0000","0 %","0.0000","100 %","0000010000"
"12/3/2023 3:30:00 PM - 4:30:00 PM","45263.4583333333","6 %","6.0000","13 %","12.7500","0 %","0.0000","37 %","37.3333","0 %","0.0000","","0.9167","0 %","0.0000","0 %","0.0000","0 %","0.0000","0 %","0.0000","100 %","0000010000"
"12/3/2023 4:30:00 PM - 5:30:00 PM","45263.5000000000","6.17 %","6.1667","13 %","12.8333","0 %","0.0000","38 %","37.7500","0 %","0.0000","1 %","1.0833","0 %","0.0000","0 %","0.0000","0 %","0.0000","0 %","0.0000","100 %","0000010000"
"12/3/2023 5:30:00 PM - 6:30:00 PM","45263.5416666667","6.50 %","6.5000","14 %","13.5000","","0.1667","38 %","38.1667","","0.0833","1 %","1.4167","","0.0833","","0.2500","","0.0833","0 %","0.0000","100 %","0000010000"
"12/3/2023 6:30:00 PM - 7:30:00 PM","45263.5833333333","6.08 %","6.0833","13 %","13.0000","0 %","0.0000","37 %","37.3333","0 %","0.0000","","0.8333","0 %","0.0000","0 %","0.0000","0 %","0.0000","0 %","0.0000","100 %","0000010000"
"12/3/2023 7:30:00 PM - 8:30:00 PM","45263.6250000000","6.17 %","6.1667","13 %","13.2500","0 %","0.0000","38 %","37.6667","0 %","0.0000","","0.6667","0 %","0.0000","0 %","0.0000","0 %","0.0000","0 %","0.0000","100 %","0000010000"
"12/3/2023 8:30:00 PM - 9:30:00 PM","45263.6666666667","6.33 %","6.3333","13 %","13.2500","","0.0833","38 %","37.8333","0 %","0.0000","1 %","1.0000","0 %","0.0000","","0.0833","0 %","0.0000","0 %","0.0000","100 %","0000010000"
"12/3/2023 9:30:00 PM - 10:30:00 PM","45263.7083333333","6.25 %","6.2500","13 %","13.0833","0 %","0.0000","38 %","37.5833","0 %","0.0000","","0.9167","0 %","0.0000","0 %","0.0000","0 %","0.0000","0 %","0.0000","100 %","0000010000"
"12/3/2023 10:30:00 PM - 11:30:00 PM","45263.7500000000","6.17 %","6.1667","13 %","13.2500","0 %","0.0000","38 %","37.5000","0 %","0.0000","","0.8333","0 %","0.0000","0 %","0.0000","0 %","0.0000","0 %","0.0000","100 %","0000010000"
"12/3/2023 11:30:00 PM - 12:30:00 AM","45263.7916666667","6.25 %","6.2500","13 %","13.0833","","0.0833","38 %","38.0000","0 %","0.0000","1 %","1.0000","0 %","0.0000","","0.1667","0 %","0.0000","0 %","0.0000","100 %","0000010000"
"12/4/2023 12:30:00 AM - 1:30:00 AM","45263.8333333333","6.17 %","6.1667","13 %","13.0833","0 %","0.0000","37 %","37.0833","0 %","0.0000","","0.8333","0 %","0.0000","0 %","0.0000","0 %","0.0000","0 %","0.0000","100 %","0000010000"
"12/4/2023 1:30:00 AM - 2:30:00 AM","45263.8750000000","6.08 %","6.0833","13 %","13.0833","0 %","0.0000","37 %","37.4167","0 %","0.0000","","0.9167","0 %","0.0000","0 %","0.0000","0 %","0.0000","0 %","0.0000","100 %","0000010000"
"12/4/2023 2:30:00 AM - 3:30:00 AM","45263.9166666667","6.17 %","6.1667","12 %","12.3333","0 %","0.0000","38 %","38.0000","0 %","0.0000","","0.9167","0 %","0.0000","0 %","0.0000","0 %","0.0000","0 %","0.0000","100 %","0000010000"
"12/4/2023 3:30:00 AM - 4:30:00 AM","45263.9583333333","6.17 %","6.1667","13 %","13.0000","0 %","0.0000","37 %","37.0833","","0.0833","","0.7500","0 %","0.0000","0 %","0.0000","0 %","0.0000","0 %","0.0000","100 %","0000010000"
"12/4/2023 4:30:00 AM - 5:30:00 AM","45264.0000000000","6.08 %","6.0833","12 %","12.2500","0 %","0.0000","38 %","37.7500","0 %","0.0000","","0.6667","0 %","0.0000","0 %","0.0000","0 %","0.0000","0 %","0.0000","100 %","0000010000"
"12/4/2023 5:30:00 AM - 6:30:00 AM","45264.0416666667","6.08 %","6.0833","12 %","12.4167","0 %","0.0000","38 %","37.6667","0 %","0.0000","","0.8333","0 %","0.0000","0 %","0.0000","0 %","0.0000","0 %","0.0000","100 %","0000010000"
"12/4/2023 6:30:00 AM - 7:30:00 AM","45264.0833333333","6 %","6.0000","12 %","12.1818","0 %","0.0000","38 %","38.0909","0 %","0.0000","","0.9091","0 %","0.0000","0 %","0.0000","0 %","0.0000","0 %","0.0000","100 %","0000010000"
"12/4/2023 7:30:00 AM - 8:30:00 AM","45264.1250000000","6.25 %","6.2500","13 %","13.0000","","0.0833","38 %","37.5833","0 %","0.0000","1 %","1.0833","0 %","0.0000","0 %","0.0000","0 %","0.0000","0 %","0.0000","100 %","0000010000"
"12/4/2023 8:30:00 AM - 9:30:00 AM","45264.1666666667","6.17 %","6.1667","12 %","12.4167","0 %","0.0000","38 %","38.0833","0 %","0.0000","","0.7500","0 %","0.0000","0 %","0.0000","0 %","0.0000","0 %","0.0000","100 %","0000010000"
"12/4/2023 9:30:00 AM - 10:30:00 AM","45264.2083333333","6.25 %","6.2500","13 %","12.6667","0 %","0.0000","38 %","38.0000","0 %","0.0000","","0.9167","0 %","0.0000","0 %","0.0000","0 %","0.0000","0 %","0.0000","100 %","0000010000"
"12/4/2023 10:30:00 AM - 11:30:00 AM","45264.2500000000","6.42 %","6.4167","13 %","13.4167","0 %","0.0000","38 %","37.5833","0 %","0.0000","","0.9167","0 %","0.0000","0 %","0.0000","0 %","0.0000","0 %","0.0000","100 %","0000010000"
"12/4/2023 11:30:00 AM - 12:30:00 PM","45264.2916666667","6.25 %","6.2500","13 %","13.0833","0 %","0.0000","38 %","37.8333","0 %","0.0000","","0.8333","0 %","0.0000","0 %","0.0000","0 %","0.0000","0 %","0.0000","100 %","0000010000"
"12/4/2023 12:30:00 PM - 1:30:00 PM","45264.3333333333","6.25 %","6.2500","13 %","13.2500","0 %","0.0000","38 %","37.8333","0 %","0.0000","","0.9167","0 %","0.0000","0 %","0.0000","0 %","0.0000","0 %","0.0000","100 %","0000010000"
"12/4/2023 1:30:00 PM - 2:30:00 PM","45264.3750000000","6.33 %","6.3333","13 %","13.3333","0 %","0.0000","38 %","37.9167","0 %","0.0000","1 %","1.0000","0 %","0.0000","0 %","0.0000","0 %","0.0000","0 %","0.0000","100 %","0000010000"
"12/4/2023 2:30:00 PM - 3:30:00 PM","45264.4166666667","6.58 %","6.5833","13 %","13.4167","","0.0833","38 %","38.1667","0 %","0.0000","1 %","1.1667","0 %","0.0000","0 %","0.0000","0 %","0.0000","0 %","0.0000","100 %","0000010000"
"12/4/2023 3:30:00 PM - 4:30:00 PM","45264.4583333333","6.50 %","6.5000","13 %","13.2500","0 %","0.0000","38 %","38.5000","0 %","0.0000","1 %","1.0833","0 %","0.0000","0 %","0.0000","0 %","0.0000","0 %","0.0000","100 %","0000010000"
"12/4/2023 4:30:00 PM - 5:30:00 PM","45264.5000000000","6.50 %","6.5000","14 %","13.5000","0 %","0.0000","38 %","38.3333","0 %","0.0000","1 %","1.1667","0 %","0.0000","0 %","0.0000","0 %","0.0000","0 %","0.0000","100 %","0000010000"
"12/4/2023 5:30:00 PM - 6:30:00 PM","45264.5416666667","6.75 %","6.7500","14 %","13.5833","","0.0833","38 %","38.0833","0 %","0.0000","1 %","1.3333","0 %","0.0000","0 %","0.0000","0 %","0.0000","0 %","0.0000","100 %","0000010000"
"12/4/2023 6:30:00 PM - 7:30:00 PM","45264.5833333333","6.50 %","6.5000","13 %","13.2500","0 %","0.0000","38 %","37.9167","0 %","0.0000","1 %","1.3333","0 %","0.0000","0 %","0.0000","0 %","0.0000","0 %","0.0000","100 %","0000010000"
"12/4/2023 7:30:00 PM - 8:30:00 PM","45264.6250000000","6.25 %","6.2500","13 %","12.6667","","0.0833","37 %","37.3333","0 %","0.0000","1 %","1.1667","0 %","0.0000","","0.0833","0 %","0.0000","0 %","0.0000","100 %","0000010000"
"12/4/2023 8:30:00 PM - 9:30:00 PM","45264.6666666667","6.33 %","6.3333","13 %","13.4167","0 %","0.0000","37 %","37.4167","0 %","0.0000","","0.9167","0 %","0.0000","0 %","0.0000","0 %","0.0000","0 %","0.0000","100 %","0000010000"
"12/4/2023 9:30:00 PM - 10:30:00 PM","45264.7083333333","6.33 %","6.3333","13 %","12.9167","0 %","0.0000","38 %","38.2500","0 %","0.0000","","0.9167","0 %","0.0000","0 %","0.0000","0 %","0.0000","0 %","0.0000","100 %","0000010000"
"12/4/2023 10:30:00 PM - 11:30:00 PM","45264.7500000000","6.42 %","6.4167","13 %","12.9167","0 %","0.0000","38 %","38.1667","0 %","0.0000","1 %","1.0833","0 %","0.0000","0 %","0.0000","0 %","0.0000","0 %","0.0000","100 %","0000010000"
"12/4/2023 11:30:00 PM - 12:30:00 AM","45264.7916666667","6.25 %","6.2500","13 %","12.8333","","0.0833","38 %","37.9167","0 %","0.0000","1 %","1.0833","0 %","0.0000","","0.0833","0 %","0.0000","0 %","0.0000","100 %","0000010000"
"12/5/2023 12:30:00 AM - 1:30:00 AM","45264.8333333333","6 %","6.0000","13 %","12.7500","0 %","0.0000","37 %","37.2500","0 %","0.0000","","0.9167","0 %","0.0000","0 %","0.0000","0 %","0.0000","0 %","0.0000","100 %","0000010000"
"12/5/2023 1:30:00 AM - 2:30:00 AM","45264.8750000000","5.17 %","5.1667","11 %","11.3333","0 %","0.0000","31 %","30.9167","0 %","0.0000","1 %","1.0000","0 %","0.0000","0 %","0.0000","0 %","0.0000","0 %","0.0000","100 %","0000010000"
"12/5/2023 2:30:00 AM - 3:30:00 AM","45264.9166666667","6.08 %","6.0833","13 %","13.0833","0 %","0.0000","37 %","37.0833","0 %","0.0000","","0.9167","0 %","0.0000","0 %","0.0000","0 %","0.0000","0 %","0.0000","100 %","0000010000"
"12/5/2023 3:30:00 AM - 4:30:00 AM","45264.9583333333","6 %","6.0000","13 %","13.2500","0 %","0.0000","37 %","36.7500","0 %","0.0000","1 %","1.0833","0 %","0.0000","0 %","0.0000","0 %","0.0000","0 %","0.0000","100 %","0000010000"
"12/5/2023 4:30:00 AM - 5:30:00 AM","45265.0000000000","5.92 %","5.9167","12 %","12.4167","0 %","0.0000","37 %","36.9167","0 %","0.0000","","0.6667","0 %","0.0000","0 %","0.0000","0 %","0.0000","0 %","0.0000","100 %","0000010000"
"12/5/2023 5:30:00 AM - 6:30:00 AM","45265.0416666667","5.92 %","5.9167","12 %","12.3333","0 %","0.0000","37 %","37.4167","0 %","0.0000","","0.7500","0 %","0.0000","0 %","0.0000","0 %","0.0000","0 %","0.0000","100 %","0000010000"
"12/5/2023 6:30:00 AM - 7:30:00 AM","45265.0833333333","6.17 %","6.1667","13 %","12.8333","0 %","0.0000","37 %","37.2500","0 %","0.0000","1 %","1.1667","0 %","0.0000","0 %","0.0000","0 %","0.0000","0 %","0.0000","100 %","0000010000"
"12/5/2023 7:30:00 AM - 8:30:00 AM","45265.1250000000","6.17 %","6.1667","13 %","13.2500","0 %","0.0000","37 %","37.4167","0 %","0.0000","1 %","1.0833","0 %","0.0000","","0.0833","0 %","0.0000","0 %","0.0000","100 %","0000010000"
"12/5/2023 8:30:00 AM - 9:30:00 AM","45265.1666666667","6.25 %","6.2500","13 %","12.7500","0 %","0.0000","38 %","38.0833","0 %","0.0000","1 %","1.0833","0 %","0.0000","0 %","0.0000","0 %","0.0000","0 %","0.0000","100 %","0000010000"
"12/5/2023 9:30:00 AM - 10:30:00 AM","45265.2083333333","5.75 %","5.7500","12 %","11.7500","","0.0833","34 %","34.5000","0 %","0.0000","","0.7500","0 %","0.0000","0 %","0.0000","0 %","0.0000","0 %","0.0000","100 %","0000010000"
"12/5/2023 10:30:00 AM - 11:30:00 AM","45265.2500000000","6.17 %","6.1667","13 %","13.4167","0 %","0.0000","37 %","37.2500","0 %","0.0000","1 %","1.0000","0 %","0.0000","0 %","0.0000","0 %","0.0000","0 %","0.0000","100 %","0000010000"
"12/5/2023 11:30:00 AM - 12:30:00 PM","45265.2916666667","6.25 %","6.2500","13 %","13.0833","0 %","0.0000","38 %","37.8333","0 %","0.0000","1 %","1.0000","0 %","0.0000","0 %","0.0000","0 %","0.0000","0 %","0.0000","100 %","0000010000"
"12/5/2023 12:30:00 PM - 1:30:00 PM","45265.3333333333","6.42 %","6.4167","14 %","13.5000","","0.0833","38 %","37.8333","0 %","0.0000","1 %","1.0000","0 %","0.0000","0 %","0.0000","0 %","0.0000","0 %","0.0000","100 %","0000010000"
"12/5/2023 1:30:00 PM - 2:30:00 PM","45265.3750000000","6.42 %","6.4167","14 %","13.7500","0 %","0.0000","37 %","37.1667","0 %","0.0000","1 %","1.0833","0 %","0.0000","0 %","0.0000","0 %","0.0000","0 %","0.0000","100 %","0000010000"
"12/5/2023 2:30:00 PM - 3:30:00 PM","45265.4166666667","6.33 %","6.3333","13 %","13.0833","0 %","0.0000","37 %","37.3333","0 %","0.0000","1 %","1.0833","0 %","0.0000","0 %","0.0000","0 %","0.0000","0 %","0.0000","100 %","0000010000"
"12/5/2023 3:30:00 PM - 4:30:00 PM","45265.4583333333","6.42 %","6.4167","14 %","13.8333","0 %","0.0000","37 %","37.3333","0 %","0.0000","1 %","1.0000","0 %","0.0000","0 %","0.0000","0 %","0.0000","0 %","0.0000","100 %","0000010000"
"12/5/2023 4:30:00 PM - 5:30:00 PM","45265.5000000000","6.50 %","6.5000","13 %","13.0833","0 %","0.0000","38 %","38.0833","0 %","0.0000","1 %","1.0000","0 %","0.0000","0 %","0.0000","0 %","0.0000","0 %","0.0000","100 %","0000010000"
"12/5/2023 5:30:00 PM - 6:30:00 PM","45265.5416666667","6.50 %","6.5000","14 %","14.0000","0 %","0.0000","38 %","37.5833","0 %","0.0000","1 %","1.0833","0 %","0.0000","0 %","0.0000","0 %","0.0000","0 %","0.0000","100 %","0000010000"
"12/5/2023 6:30:00 PM - 7:30:00 PM","45265.5833333333","6.33 %","6.3333","13 %","12.8333","0 %","0.0000","38 %","38.0833","0 %","0.0000","","0.9167","0 %","0.0000","0 %","0.0000","0 %","0.0000","0 %","0.0000","100 %","0000010000"
"12/5/2023 7:30:00 PM - 8:30:00 PM","45265.6250000000","6.42 %","6.4167","13 %","12.9167","0 %","0.0000","38 %","38.0000","0 %","0.0000","1 %","1.0833","0 %","0.0000","0 %","0.0000","0 %","0.0000","0 %","0.0000","100 %","0000010000"
"12/5/2023 8:30:00 PM - 9:30:00 PM","45265.6666666667","6.33 %","6.3333","13 %","13.2500","0 %","0.0000","38 %","38.0000","0 %","0.0000","1 %","1.0000","0 %","0.0000","0 %","0.0000","0 %","0.0000","0 %","0.0000","100 %","0000010000"
"12/5/2023 9:30:00 PM - 10:30:00 PM","45265.7083333333","6.50 %","6.5000","13 %","13.4167","","0.0833","38 %","38.2500","","0.0833","1 %","1.2500","0 %","0.0000","","0.0833","0 %","0.0000","0 %","0.0000","100 %","0000010000"
"12/5/2023 10:30:00 PM - 11:30:00 PM","45265.7500000000","6 %","6.0000","12 %","12.4167","0 %","0.0000","35 %","34.9167","0 %","0.0000","","0.9167","0 %","0.0000","0 %","0.0000","0 %","0.0000","0 %","0.0000","100 %","0000010000"
"12/5/2023 11:30:00 PM - 12:30:00 AM","45265.7916666667","6.33 %","6.3333","13 %","13.2500","","0.0833","37 %","37.4167","0 %","0.0000","1 %","1.2500","0 %","0.0000","","0.0833","0 %","0.0000","0 %","0.0000","100 %","0000010000"
"12/6/2023 12:30:00 AM - 1:30:00 AM","45265.8333333333","6.08 %","6.0833","13 %","12.7500","0 %","0.0000","38 %","37.5833","0 %","0.0000","","0.7500","0 %","0.0000","0 %","0.0000","0 %","0.0000","0 %","0.0000","100 %","0000010000"
"12/6/2023 1:30:00 AM - 2:30:00 AM","45265.8750000000","6.42 %","6.4167","13 %","13.0833","0 %","0.0000","37 %","37.4167","0 %","0.0000","1 %","1.1667","0 %","0.0000","0 %","0.0000","0 %","0.0000","0 %","0.0000","100 %","0000010000"
"12/6/2023 2:30:00 AM - 3:30:00 AM","45265.9166666667","6.25 %","6.2500","13 %","13.3333","0 %","0.0000","37 %","37.1667","0 %","0.0000","1 %","1.0000","0 %","0.0000","0 %","0.0000","0 %","0.0000","0 %","0.0000","100 %","0000010000"
"12/6/2023 3:30:00 AM - 4:30:00 AM","45265.9583333333","6.25 %","6.2500","13 %","13.2500","0 %","0.0000","38 %","37.5833","0 %","0.0000","1 %","1.0000","0 %","0.0000","0 %","0.0000","0 %","0.0000","0 %","0.0000","100 %","0000010000"
"12/6/2023 4:30:00 AM - 5:30:00 AM","45266.0000000000","6.25 %","6.2500","13 %","12.7500","0 %","0.0000","38 %","37.6667","0 %","0.0000","1 %","1.0000","0 %","0.0000","0 %","0.0000","0 %","0.0000","0 %","0.0000","100 %","0000010000"
"12/6/2023 5:30:00 AM - 6:30:00 AM","45266.0416666667","6.08 %","6.0833","13 %","12.7500","0 %","0.0000","37 %","37.3333","0 %","0.0000","1 %","1.1667","0 %","0.0000","0 %","0.0000","0 %","0.0000","0 %","0.0000","100 %","0000010000"
"12/6/2023 6:30:00 AM - 7:30:00 AM","45266.0833333333","6.17 %","6.1667","13 %","12.9167","0 %","0.0000","37 %","37.3333","0 %","0.0000","","0.6667","0 %","0.0000","0 %","0.0000","0 %","0.0000","0 %","0.0000","100 %","0000010000"
"12/6/2023 7:30:00 AM - 8:30:00 AM","45266.1250000000","6.33 %","6.3333","13 %","13.0833","0 %","0.0000","38 %","38.0000","0 %","0.0000","1 %","1.0833","0 %","0.0000","","0.0833","0 %","0.0000","0 %","0.0000","100 %","0000010000"
"12/6/2023 8:30:00 AM - 9:30:00 AM","45266.1666666667","6.42 %","6.4167","13 %","12.8333","0 %","0.0000","38 %","38.0000","0 %","0.0000","1 %","1.0000","0 %","0.0000","0 %","0.0000","0 %","0.0000","0 %","0.0000","100 %","0000010000"
"12/6/2023 9:30:00 AM - 10:30:00 AM","45266.2083333333","6.58 %","6.5833","13 %","13.2500","0 %","0.0000","38 %","38.4167","0 %","0.0000","1 %","1.0833","0 %","0.0000","0 %","0.0000","0 %","0.0000","0 %","0.0000","100 %","0000010000"
"12/6/2023 10:30:00 AM - 11:30:00 AM","45266.2500000000","6.42 %","6.4167","14 %","13.5833","0 %","0.0000","38 %","37.9167","0 %","0.0000","1 %","1.1667","0 %","0.0000","0 %","0.0000","0 %","0.0000","0 %","0.0000","100 %","0000010000"
"12/6/2023 11:30:00 AM - 12:30:00 PM","45266.2916666667","6.58 %","6.5833","13 %","13.1667","0 %","0.0000","38 %","38.4167","0 %","0.0000","1 %","1.0833","0 %","0.0000","0 %","0.0000","0 %","0.0000","0 %","0.0000","100 %","0000010000"
"12/6/2023 12:30:00 PM - 1:30:00 PM","45266.3333333333","6.58 %","6.5833","14 %","13.8333","0 %","0.0000","38 %","37.9167","0 %","0.0000","1 %","1.0833","0 %","0.0000","0 %","0.0000","0 %","0.0000","0 %","0.0000","100 %","0000010000"
"12/6/2023 1:30:00 PM - 2:30:00 PM","45266.3750000000","6.75 %","6.7500","14 %","14.1667","0 %","0.0000","38 %","38.0000","0 %","0.0000","1 %","1.4167","0 %","0.0000","0 %","0.0000","0 %","0.0000","0 %","0.0000","100 %","0000010000"
"12/6/2023 2:30:00 PM - 3:30:00 PM","45266.4166666667","6.42 %","6.4167","14 %","13.6667","","0.0833","38 %","37.5833","0 %","0.0000","1 %","1.2500","0 %","0.0000","","0.0833","0 %","0.0000","0 %","0.0000","100 %","0000010000"
"12/6/2023 3:30:00 PM - 4:30:00 PM","45266.4583333333","6.33 %","6.3333","14 %","13.5000","","0.0833","38 %","37.9167","0 %","0.0000","1 %","1.2500","0 %","0.0000","0 %","0.0000","0 %","0.0000","0 %","0.0000","100 %","0000010000"
"12/6/2023 4:30:00 PM - 5:30:00 PM","45266.5000000000","6.17 %","6.1667","13 %","12.6667","0 %","0.0000","36 %","36.0833","0 %","0.0000","1 %","1.3333","0 %","0.0000","0 %","0.0000","0 %","0.0000","0 %","0.0000","100 %","0000010000"
"12/6/2023 5:30:00 PM - 6:30:00 PM","45266.5416666667","6.58 %","6.5833","14 %","13.5000","0 %","0.0000","38 %","38.0000","0 %","0.0000","1 %","1.4167","0 %","0.0000","0 %","0.0000","0 %","0.0000","0 %","0.0000","100 %","0000010000"
"12/6/2023 6:30:00 PM - 7:30:00 PM","45266.5833333333","6.58 %","6.5833","13 %","13.2500","","0.0833","38 %","38.4167","0 %","0.0000","1 %","1.0833","0 %","0.0000","0 %","0.0000","0 %","0.0000","0 %","0.0000","100 %","0000010000"
"12/6/2023 7:30:00 PM - 8:30:00 PM","45266.6250000000","6.58 %","6.5833","13 %","12.8333","0 %","0.0000","39 %","38.7500","0 %","0.0000","1 %","1.0833","0 %","0.0000","0 %","0.0000","0 %","0.0000","0 %","0.0000","100 %","0000010000"
"12/6/2023 8:30:00 PM - 9:30:00 PM","45266.6666666667","6.50 %","6.5000","13 %","13.0000","","0.1667","38 %","38.3333","0 %","0.0000","1 %","1.3333","0 %","0.0000","","0.0833","0 %","0.0000","0 %","0.0000","100 %","0000010000"
"12/6/2023 9:30:00 PM - 10:30:00 PM","45266.7083333333","6.50 %","6.5000","13 %","13.1667","0 %","0.0000","38 %","38.0000","0 %","0.0000","1 %","1.0833","0 %","0.0000","0 %","0.0000","0 %","0.0000","0 %","0.0000","100 %","0000010000"
"12/6/2023 10:30:00 PM - 11:30:00 PM","45266.7500000000","6.42 %","6.4167","13 %","13.3333","0 %","0.0000","38 %","37.7500","0 %","0.0000","1 %","1.0000","0 %","0.0000","0 %","0.0000","0 %","0.0000","0 %","0.0000","100 %","0000010000"
"12/6/2023 11:30:00 PM - 12:30:00 AM","45266.7916666667","6.50 %","6.5000","14 %","13.7500","","0.1667","37 %","36.5833","0 %","0.0000","2 %","1.5000","0 %","0.0000","","0.3333","0 %","0.0000","0 %","0.0000","100 %","0000010000"
"12/7/2023 12:30:00 AM - 1:30:00 AM","45266.8333333333","6.25 %","6.2500","13 %","13.3333","0 %","0.0000","38 %","37.6667","0 %","0.0000","","0.9167","0 %","0.0000","0 %","0.0000","0 %","0.0000","0 %","0.0000","100 %","0000010000"
"12/7/2023 1:30:00 AM - 2:30:00 AM","45266.8750000000","6.33 %","6.3333","13 %","13.3333","0 %","0.0000","38 %","38.0000","0 %","0.0000","1 %","1.0833","0 %","0.0000","0 %","0.0000","0 %","0.0000","0 %","0.0000","100 %","0000010000"
"12/7/2023 2:30:00 AM - 3:30:00 AM","45266.9166666667","6.08 %","6.0833","13 %","12.8333","0 %","0.0000","36 %","36.5000","0 %","0.0000","","0.8333","0 %","0.0000","0 %","0.0000","0 %","0.0000","0 %","0.0000","100 %","0000010000"
"12/7/2023 3:30:00 AM - 4:30:00 AM","45266.9583333333","6.17 %","6.1667","13 %","12.8333","0 %","0.0000","37 %","37.0833","0 %","0.0000","1 %","1.0833","0 %","0.0000","0 %","0.0000","0 %","0.0000","0 %","0.0000","100 %","0000010000"
"12/7/2023 4:30:00 AM - 5:30:00 AM","45267.0000000000","6.08 %","6.0833","12 %","12.3333","0 %","0.0000","38 %","37.7500","0 %","0.0000","","0.8333","0 %","0.0000","0 %","0.0000","0 %","0.0000","0 %","0.0000","100 %","0000010000"
"12/7/2023 5:30:00 AM - 6:30:00 AM","45267.0416666667","6.17 %","6.1667","13 %","12.7500","0 %","0.0000","38 %","37.7500","0 %","0.0000","","0.8333","0 %","0.0000","0 %","0.0000","0 %","0.0000","0 %","0.0000","100 %","0000010000"
"12/7/2023 6:30:00 AM - 7:30:00 AM","45267.0833333333","6.25 %","6.2500","13 %","13.2500","0 %","0.0000","37 %","37.3333","0 %","0.0000","1 %","1.0000","0 %","0.0000","0 %","0.0000","0 %","0.0000","0 %","0.0000","100 %","0000010000"
"12/7/2023 7:30:00 AM - 8:30:00 AM","45267.1250000000","6.08 %","6.0833","13 %","12.8333","0 %","0.0000","38 %","37.8333","0 %","0.0000","1 %","1.0000","0 %","0.0000","0 %","0.0000","0 %","0.0000","0 %","0.0000","100 %","0000010000"
"12/7/2023 8:30:00 AM - 9:30:00 AM","45267.1666666667","6.17 %","6.1667","13 %","13.0000","0 %","0.0000","38 %","37.5000","0 %","0.0000","","0.8333","0 %","0.0000","0 %","0.0000","0 %","0.0000","0 %","0.0000","100 %","0000010000"
"12/7/2023 9:30:00 AM - 10:30:00 AM","45267.2083333333","6.25 %","6.2500","14 %","13.9167","0 %","0.0000","37 %","36.7500","0 %","0.0000","","0.9167","0 %","0.0000","0 %","0.0000","0 %","0.0000","0 %","0.0000","100 %","0000010000"
"12/7/2023 10:30:00 AM - 11:30:00 AM","45267.2500000000","6.17 %","6.1667","12 %","11.5833","2 %","2.3333","37 %","36.5833","0 %","0.0000","1 %","1.0000","0 %","0.0000","0 %","0.0000","0 %","0.0000","0 %","0.0000","100 %","0000010000"
"12/7/2023 11:30:00 AM - 12:30:00 PM","45267.2916666667","6.33 %","6.3333","14 %","13.6667","0 %","0.0000","37 %","37.0000","0 %","0.0000","1 %","1.0833","0 %","0.0000","0 %","0.0000","0 %","0.0000","0 %","0.0000","100 %","0000010000"
"12/7/2023 12:30:00 PM - 1:30:00 PM","45267.3333333333","6.50 %","6.5000","14 %","13.9167","0 %","0.0000","38 %","37.6667","0 %","0.0000","1 %","1.1667","0 %","0.0000","0 %","0.0000","0 %","0.0000","0 %","0.0000","100 %","0000010000"
"12/7/2023 1:30:00 PM - 2:30:00 PM","45267.3750000000","6.25 %","6.2500","14 %","13.5833","0 %","0.0000","37 %","37.1667","0 %","0.0000","","0.8333","0 %","0.0000","0 %","0.0000","0 %","0.0000","0 %","0.0000","100 %","0000010000"
"12/7/2023 2:30:00 PM - 3:30:00 PM","45267.4166666667","6.42 %","6.4167","13 %","13.3333","0 %","0.0000","38 %","37.6667","0 %","0.0000","1 %","1.0000","0 %","0.0000","0 %","0.0000","0 %","0.0000","0 %","0.0000","100 %","0000010000"
"12/7/2023 3:30:00 PM - 4:30:00 PM","45267.4583333333","6.25 %","6.2500","13 %","13.2500","0 %","0.0000","38 %","37.8333","0 %","0.0000","","0.8333","0 %","0.0000","0 %","0.0000","0 %","0.0000","0 %","0.0000","100 %","0000010000"
"12/7/2023 4:30:00 PM - 5:30:00 PM","45267.5000000000","6.25 %","6.2500","14 %","13.5833","0 %","0.0000","37 %","37.0833","0 %","0.0000","1 %","1.0833","0 %","0.0000","0 %","0.0000","0 %","0.0000","0 %","0.0000","100 %","0000010000"
"12/7/2023 5:30:00 PM - 6:30:00 PM","45267.5416666667","6.25 %","6.2500","13 %","12.5833","0 %","0.0000","38 %","38.0833","0 %","0.0000","1 %","1.0000","0 %","0.0000","0 %","0.0000","0 %","0.0000","0 %","0.0000","100 %","0000010000"
"12/7/2023 6:30:00 PM - 7:30:00 PM","45267.5833333333","6.25 %","6.2500","13 %","13.4167","0 %","0.0000","37 %","36.8333","0 %","0.0000","1 %","1.0000","0 %","0.0000","0 %","0.0000","0 %","0.0000","0 %","0.0000","100 %","0000010000"
"12/7/2023 7:30:00 PM - 8:30:00 PM","45267.6250000000","6.33 %","6.3333","13 %","13.1667","","0.0833","36 %","36.0833","0 %","0.0000","1 %","1.4167","0 %","0.0000","0 %","0.0000","0 %","0.0000","0 %","0.0000","100 %","0000010000"
"12/7/2023 8:30:00 PM - 9:30:00 PM","45267.6666666667","6.08 %","6.0833","13 %","12.7500","0 %","0.0000","37 %","37.3333","0 %","0.0000","","0.9167","0 %","0.0000","0 %","0.0000","0 %","0.0000","0 %","0.0000","100 %","0000010000"
"12/7/2023 9:30:00 PM - 10:30:00 PM","45267.7083333333","6.42 %","6.4167","13 %","13.4167","0 %","0.0000","37 %","36.5833","0 %","0.0000","","0.9167","0 %","0.0000","0 %","0.0000","0 %","0.0000","0 %","0.0000","100 %","0000010000"
"12/7/2023 10:30:00 PM - 11:30:00 PM","45267.7500000000","6.25 %","6.2500","13 %","12.9167","0 %","0.0000","38 %","37.7500","0 %","0.0000","","0.9167","0 %","0.0000","0 %","0.0000","0 %","0.0000","0 %","0.0000","100 %","0000010000"
"12/7/2023 11:30:00 PM - 12:30:00 AM","45267.7916666667","6.25 %","6.2500","13 %","13.2500","","0.0833","37 %","37.3333","0 %","0.0000","1 %","1.1667","0 %","0.0000","","0.1667","0 %","0.0000","0 %","0.0000","100 %","0000010000"
"12/8/2023 12:30:00 AM - 1:30:00 AM","45267.8333333333","6.08 %","6.0833","13 %","13.0833","0 %","0.0000","38 %","37.5000","0 %","0.0000","","0.8333","0 %","0.0000","0 %","0.0000","0 %","0.0000","0 %","0.0000","100 %","0000010000"
"12/8/2023 1:30:00 AM - 2:30:00 AM","45267.8750000000","6.33 %","6.3333","13 %","12.7500","","0.0833","38 %","37.6667","0 %","0.0000","1 %","1.3333","0 %","0.0000","","0.0833","0 %","0.0000","0 %","0.0000","100 %","0000010000"
"12/8/2023 2:30:00 AM - 3:30:00 AM","45267.9166666667","6.08 %","6.0833","13 %","13.0833","0 %","0.0000","37 %","36.7500","0 %","0.0000","","0.7500","0 %","0.0000","0 %","0.0000","0 %","0.0000","0 %","0.0000","100 %","0000010000"
"12/8/2023 3:30:00 AM - 4:30:00 AM","45267.9583333333","6.17 %","6.1667","13 %","12.7500","0 %","0.0000","38 %","37.7500","0 %","0.0000","","0.8333","0 %","0.0000","0 %","0.0000","0 %","0.0000","0 %","0.0000","100 %","0000010000"
"12/8/2023 4:30:00 AM - 5:30:00 AM","45268.0000000000","6.17 %","6.1667","13 %","13.0833","0 %","0.0000","38 %","37.5000","0 %","0.0000","","0.9167","0 %","0.0000","0 %","0.0000","0 %","0.0000","0 %","0.0000","100 %","0000010000"
"12/8/2023 5:30:00 AM - 6:30:00 AM","45268.0416666667","6.17 %","6.1667","13 %","12.8333","0 %","0.0000","37 %","37.4167","0 %","0.0000","1 %","1.0000","0 %","0.0000","0 %","0.0000","0 %","0.0000","0 %","0.0000","100 %","0000010000"
"12/8/2023 6:30:00 AM - 7:30:00 AM","45268.0833333333","6.17 %","6.1667","13 %","12.5833","0 %","0.0000","37 %","37.3333","0 %","0.0000","","0.9167","0 %","0.0000","0 %","0.0000","0 %","0.0000","0 %","0.0000","100 %","0000010000"
"12/8/2023 7:30:00 AM - 8:30:00 AM","45268.1250000000","6.25 %","6.2500","13 %","13.0000","0 %","0.0000","38 %","37.6667","0 %","0.0000","","0.9167","0 %","0.0000","0 %","0.0000","0 %","0.0000","0 %","0.0000","100 %","0000010000"
"12/8/2023 8:30:00 AM - 9:30:00 AM","45268.1666666667","6.17 %","6.1667","12 %","12.5000","0 %","0.0000","38 %","38.1667","0 %","0.0000","","0.7500","0 %","0.0000","0 %","0.0000","0 %","0.0000","0 %","0.0000","100 %","0000010000"
"12/8/2023 9:30:00 AM - 10:30:00 AM","45268.2083333333","6.50 %","6.5000","13 %","13.3333","0 %","0.0000","38 %","38.0000","0 %","0.0000","","0.8333","0 %","0.0000","0 %","0.0000","0 %","0.0000","0 %","0.0000","100 %","0000010000"
"12/8/2023 10:30:00 AM - 11:30:00 AM","45268.2500000000","6.25 %","6.2500","13 %","12.7500","0 %","0.0000","38 %","38.5000","0 %","0.0000","","0.8333","0 %","0.0000","0 %","0.0000","0 %","0.0000","0 %","0.0000","100 %","0000010000"
"12/8/2023 11:30:00 AM - 12:30:00 PM","45268.2916666667","6.25 %","6.2500","13 %","13.0833","0 %","0.0000","38 %","37.6667","0 %","0.0000","","0.8333","0 %","0.0000","0 %","0.0000","0 %","0.0000","0 %","0.0000","100 %","0000010000"
"12/8/2023 12:30:00 PM - 1:30:00 PM","45268.3333333333","6.25 %","6.2500","13 %","13.3333","0 %","0.0000","38 %","37.6667","0 %","0.0000","","0.9167","0 %","0.0000","0 %","0.0000","0 %","0.0000","0 %","0.0000","100 %","0000010000"
"12/8/2023 1:30:00 PM - 2:30:00 PM","45268.3750000000","6.50 %","6.5000","13 %","13.4167","0 %","0.0000","38 %","38.1667","0 %","0.0000","1 %","1.0833","0 %","0.0000","0 %","0.0000","0 %","0.0000","0 %","0.0000","100 %","0000010000"
"12/8/2023 2:30:00 PM - 3:30:00 PM","45268.4166666667","6.42 %","6.4167","13 %","13.2500","","0.0833","38 %","38.0833","0 %","0.0000","1 %","1.0000","0 %","0.0000","0 %","0.0000","0 %","0.0000","0 %","0.0000","100 %","0000010000"
"12/8/2023 3:30:00 PM - 4:30:00 PM","45268.4583333333","6.42 %","6.4167","13 %","13.2500","0 %","0.0000","38 %","38.1667","0 %","0.0000","1 %","1.0000","0 %","0.0000","0 %","0.0000","0 %","0.0000","0 %","0.0000","100 %","0000010000"
"12/8/2023 4:30:00 PM - 5:30:00 PM","45268.5000000000","6.50 %","6.5000","14 %","13.5833","0 %","0.0000","38 %","37.5833","0 %","0.0000","1 %","1.1667","0 %","0.0000","0 %","0.0000","0 %","0.0000","0 %","0.0000","100 %","0000010000"
"12/8/2023 5:30:00 PM - 6:30:00 PM","45268.5416666667","6.42 %","6.4167","12 %","12.1667","0 %","0.0000","39 %","38.6667","0 %","0.0000","1 %","1.0000","0 %","0.0000","0 %","0.0000","0 %","0.0000","0 %","0.0000","100 %","0000010000"
"12/8/2023 6:30:00 PM - 7:30:00 PM","45268.5833333333","6.25 %","6.2500","13 %","12.7500","0 %","0.0000","38 %","37.8333","0 %","0.0000","","0.9167","0 %","0.0000","0 %","0.0000","0 %","0.0000","0 %","0.0000","100 %","0000010000"
"12/8/2023 7:30:00 PM - 8:30:00 PM","45268.6250000000","6.33 %","6.3333","13 %","12.9167","0 %","0.0000","38 %","38.0833","0 %","0.0000","1 %","1.2500","0 %","0.0000","","0.0833","0 %","0.0000","0 %","0.0000","100 %","0000010000"
"12/8/2023 8:30:00 PM - 9:30:00 PM","45268.6666666667","6.42 %","6.4167","13 %","12.5833","0 %","0.0000","38 %","38.0000","0 %","0.0000","1 %","1.0000","0 %","0.0000","0 %","0.0000","0 %","0.0000","0 %","0.0000","100 %","0000010000"
"12/8/2023 9:30:00 PM - 10:30:00 PM","45268.7083333333","6.25 %","6.2500","13 %","12.6667","0 %","0.0000","38 %","37.8333","0 %","0.0000","1 %","1.0833","0 %","0.0000","0 %","0.0000","0 %","0.0000","0 %","0.0000","100 %","0000010000"
"12/8/2023 10:30:00 PM - 11:30:00 PM","45268.7500000000","6.33 %","6.3333","13 %","13.2500","0 %","0.0000","38 %","37.6667","0 %","0.0000","","0.8333","0 %","0.0000","0 %","0.0000","0 %","0.0000","0 %","0.0000","100 %","0000010000"
"12/8/2023 11:30:00 PM - 12:30:00 AM","45268.7916666667","6.42 %","6.4167","13 %","13.4167","0 %","0.0000","37 %","37.1667","0 %","0.0000","1 %","1.1667","0 %","0.0000","","0.0833","0 %","0.0000","0 %","0.0000","100 %","0000010000"
"12/9/2023 12:30:00 AM - 1:30:00 AM","45268.8333333333","6.17 %","6.1667","12 %","12.2500","0 %","0.0000","38 %","37.8333","0 %","0.0000","","0.4167","0 %","0.0000","0 %","0.0000","0 %","0.0000","0 %","0.0000","100 %","0000010000"
"12/9/2023 1:30:00 AM - 2:30:00 AM","45268.8750000000","6 %","6.0000","13 %","12.7500","0 %","0.0000","37 %","37.3333","0 %","0.0000","","0.6667","0 %","0.0000","0 %","0.0000","0 %","0.0000","0 %","0.0000","100 %","0000010000"
"12/9/2023 2:30:00 AM - 3:30:00 AM","45268.9166666667","6.08 %","6.0833","13 %","13.0000","0 %","0.0000","37 %","37.0000","0 %","0.0000","","0.7500","0 %","0.0000","0 %","0.0000","0 %","0.0000","0 %","0.0000","100 %","0000010000"
"12/9/2023 3:30:00 AM - 4:30:00 AM","45268.9583333333","6.17 %","6.1667","13 %","12.6667","","0.0833","38 %","37.6667","0 %","0.0000","1 %","1.0000","0 %","0.0000","","0.0833","0 %","0.0000","0 %","0.0000","100 %","0000010000"
"12/9/2023 4:30:00 AM - 5:30:00 AM","45269.0000000000","6.08 %","6.0833","12 %","12.2500","0 %","0.0000","37 %","37.4167","0 %","0.0000","","0.9167","0 %","0.0000","0 %","0.0000","0 %","0.0000","0 %","0.0000","100 %","0000010000"
"12/9/2023 5:30:00 AM - 6:30:00 AM","45269.0416666667","6.17 %","6.1667","13 %","12.6667","","0.0833","38 %","37.9167","0 %","0.0000","","0.8333","0 %","0.0000","0 %","0.0000","0 %","0.0000","0 %","0.0000","100 %","0000010000"
"12/9/2023 6:30:00 AM - 7:30:00 AM","45269.0833333333","6.42 %","6.4167","12 %","12.2500","","0.1667","38 %","38.3333","0 %","0.0000","","0.7500","0 %","0.0000","0 %","0.0000","0 %","0.0000","0 %","0.0000","100 %","0000010000"
"12/9/2023 7:30:00 AM - 8:30:00 AM","45269.1250000000","6.08 %","6.0833","10 %","10.2500","0 %","0.0000","39 %","39.4167","0 %","0.0000","","0.5833","0 %","0.0000","0 %","0.0000","0 %","0.0000","0 %","0.0000","100 %","0000010000"
"12/9/2023 8:30:00 AM - 9:30:00 AM","45269.1666666667","6 %","6.0000","10 %","9.9167","0 %","0.0000","39 %","39.2500","0 %","0.0000","","0.2500","0 %","0.0000","0 %","0.0000","0 %","0.0000","0 %","0.0000","100 %","0000010000"
"12/9/2023 9:30:00 AM - 10:30:00 AM","45269.2083333333","6 %","6.0000","10 %","10.5000","0 %","0.0000","39 %","39.1667","0 %","0.0000","","0.4167","0 %","0.0000","0 %","0.0000","0 %","0.0000","0 %","0.0000","100 %","0000010000"
"12/9/2023 10:30:00 AM - 11:30:00 AM","45269.2500000000","6.08 %","6.0833","10 %","10.2500","0 %","0.0000","39 %","39.4167","0 %","0.0000","","0.5000","0 %","0.0000","0 %","0.0000","0 %","0.0000","0 %","0.0000","100 %","0000010000"
"12/9/2023 11:30:00 AM - 12:30:00 PM","45269.2916666667","6.08 %","6.0833","10 %","9.9167","0 %","0.0000","39 %","39.2500","0 %","0.0000","","0.5000","0 %","0.0000","0 %","0.0000","0 %","0.0000","0 %","0.0000","100 %","0000010000"
"12/9/2023 12:30:00 PM - 1:30:00 PM","45269.3333333333","6.08 %","6.0833","10 %","10.2500","0 %","0.0000","39 %","38.6667","0 %","0.0000","","0.6667","0 %","0.0000","0 %","0.0000","0 %","0.0000","0 %","0.0000","100 %","0000010000"
"12/9/2023 1:30:00 PM - 2:30:00 PM","45269.3750000000","6.08 %","6.0833","10 %","10.1667","0 %","0.0000","39 %","39.2500","0 %","0.0000","","0.7500","0 %","0.0000","0 %","0.0000","0 %","0.0000","0 %","0.0000","100 %","0000010000"
"12/9/2023 2:30:00 PM - 3:30:00 PM","45269.4166666667","6.08 %","6.0833","10 %","10.0833","0 %","0.0000","39 %","39.3333","0 %","0.0000","","0.5000","0 %","0.0000","0 %","0.0000","0 %","0.0000","0 %","0.0000","100 %","0000010000"
"12/9/2023 3:30:00 PM - 4:30:00 PM","45269.4583333333","6.08 %","6.0833","10 %","9.7500","0 %","0.0000","39 %","39.1667","0 %","0.0000","","0.5000","0 %","0.0000","0 %","0.0000","0 %","0.0000","0 %","0.0000","100 %","0000010000"
"12/9/2023 4:30:00 PM - 5:30:00 PM","45269.5000000000","6.17 %","6.1667","10 %","10.0833","0 %","0.0000","40 %","39.6667","0 %","0.0000","","0.6667","0 %","0.0000","0 %","0.0000","0 %","0.0000","0 %","0.0000","100 %","0000010000"
"12/9/2023 5:30:00 PM - 6:30:00 PM","45269.5416666667","6 %","6.0000","11 %","10.9167","0 %","0.0000","39 %","39.0833","0 %","0.0000","","0.4167","0 %","0.0000","0 %","0.0000","0 %","0.0000","0 %","0.0000","100 %","0000010000"
"12/9/2023 6:30:00 PM - 7:30:00 PM","45269.5833333333","6.33 %","6.3333","13 %","12.6667","0 %","0.0000","38 %","37.5833","0 %","0.0000","","0.6667","0 %","0.0000","0 %","0.0000","0 %","0.0000","0 %","0.0000","100 %","0000010000"
"12/9/2023 7:30:00 PM - 8:30:00 PM","45269.6250000000","6.17 %","6.1667","13 %","12.9167","0 %","0.0000","38 %","37.5833","0 %","0.0000","","0.8333","0 %","0.0000","0 %","0.0000","0 %","0.0000","0 %","0.0000","100 %","0000010000"
"12/9/2023 8:30:00 PM - 9:30:00 PM","45269.6666666667","6.33 %","6.3333","13 %","12.7500","0 %","0.0000","38 %","37.9167","0 %","0.0000","","0.9167","0 %","0.0000","0 %","0.0000","0 %","0.0000","0 %","0.0000","100 %","0000010000"
"12/9/2023 9:30:00 PM - 10:30:00 PM","45269.7083333333","6.17 %","6.1667","12 %","12.1667","0 %","0.0000","38 %","37.9167","0 %","0.0000","","0.6667","0 %","0.0000","0 %","0.0000","0 %","0.0000","0 %","0.0000","100 %","0000010000"
"12/9/2023 10:30:00 PM - 11:30:00 PM","45269.7500000000","6.42 %","6.4167","13 %","13.1667","0 %","0.0000","38 %","37.9167","0 %","0.0000","","0.7500","0 %","0.0000","0 %","0.0000","0 %","0.0000","0 %","0.0000","100 %","0000010000"
"12/9/2023 11:30:00 PM - 12:30:00 AM","45269.7916666667","6.33 %","6.3333","13 %","12.5833","","0.0833","38 %","38.4167","0 %","0.0000","1 %","1.0000","0 %","0.0000","","0.0833","0 %","0.0000","0 %","0.0000","100 %","0000010000"
"12/10/2023 12:30:00 AM - 1:30:00 AM","45269.8333333333","6.17 %","6.1667","12 %","12.2500","0 %","0.0000","38 %","38.0000","0 %","0.0000","","0.7500","0 %","0.0000","0 %","0.0000","0 %","0.0000","0 %","0.0000","100 %","0000010000"
"12/10/2023 1:30:00 AM - 2:30:00 AM","45269.8750000000","6.17 %","6.1667","13 %","12.7500","0 %","0.0000","37 %","36.9167","0 %","0.0000","","0.9167","0 %","0.0000","0 %","0.0000","0 %","0.0000","0 %","0.0000","100 %","0000010000"
"12/10/2023 2:30:00 AM - 3:30:00 AM","45269.9166666667","6.17 %","6.1667","13 %","12.6667","0 %","0.0000","38 %","37.5000","0 %","0.0000","","0.9167","0 %","0.0000","0 %","0.0000","0 %","0.0000","0 %","0.0000","100 %","0000010000"
"12/10/2023 3:30:00 AM - 4:30:00 AM","45269.9583333333","6.33 %","6.3333","12 %","12.3333","0 %","0.0000","38 %","38.5000","0 %","0.0000","","0.9167","0 %","0.0000","0 %","0.0000","0 %","0.0000","0 %","0.0000","100 %","0000010000"
"12/10/2023 4:30:00 AM - 5:30:00 AM","45270.0000000000","6.33 %","6.3333","12 %","12.5000","0 %","0.0000","38 %","38.3333","0 %","0.0000","","0.4167","0 %","0.0000","0 %","0.0000","0 %","0.0000","0 %","0.0000","100 %","0000010000"
"12/10/2023 5:30:00 AM - 6:30:00 AM","45270.0416666667","6.33 %","6.3333","14 %","13.5000","","0.0833","37 %","37.1667","0 %","0.0000","1 %","1.0000","0 %","0.0000","","0.0833","0 %","0.0000","0 %","0.0000","100 %","0000010000"
"12/10/2023 6:30:00 AM - 7:30:00 AM","45270.0833333333","6.17 %","6.1667","12 %","12.3333","0 %","0.0000","38 %","37.5833","0 %","0.0000","1 %","1.0000","0 %","0.0000","0 %","0.0000","0 %","0.0000","0 %","0.0000","100 %","0000010000"
"12/10/2023 7:30:00 AM - 8:30:00 AM","45270.1250000000","6.08 %","6.0833","12 %","12.3333","0 %","0.0000","38 %","37.6667","0 %","0.0000","","0.3333","0 %","0.0000","0 %","0.0000","0 %","0.0000","0 %","0.0000","100 %","0000010000"
"12/10/2023 8:30:00 AM - 9:30:00 AM","45270.1666666667","6.08 %","6.0833","12 %","12.5000","0 %","0.0000","38 %","37.5000","0 %","0.0000","","0.6667","0 %","0.0000","0 %","0.0000","0 %","0.0000","0 %","0.0000","100 %","0000010000"
"12/10/2023 9:30:00 AM - 10:30:00 AM","45270.2083333333","6.25 %","6.2500","12 %","12.2500","0 %","0.0000","38 %","37.5833","0 %","0.0000","","0.5833","0 %","0.0000","0 %","0.0000","0 %","0.0000","0 %","0.0000","100 %","0000010000"
"12/10/2023 10:30:00 AM - 11:30:00 AM","45270.2500000000","6.08 %","6.0833","12 %","12.0000","0 %","0.0000","38 %","37.7500","0 %","0.0000","","0.7500","0 %","0.0000","0 %","0.0000","0 %","0.0000","0 %","0.0000","100 %","0000010000"
"12/10/2023 11:30:00 AM - 12:30:00 PM","45270.2916666667","6.33 %","6.3333","12 %","12.4167","0 %","0.0000","38 %","38.3333","0 %","0.0000","","0.8333","0 %","0.0000","0 %","0.0000","0 %","0.0000","0 %","0.0000","100 %","0000010000"
"12/10/2023 12:30:00 PM - 1:30:00 PM","45270.3333333333","6.25 %","6.2500","13 %","12.7500","0 %","0.0000","38 %","37.5833","0 %","0.0000","","0.8333","0 %","0.0000","0 %","0.0000","0 %","0.0000","0 %","0.0000","100 %","0000010000"
"12/10/2023 1:30:00 PM - 2:30:00 PM","45270.3750000000","6.17 %","6.1667","12 %","12.4167","0 %","0.0000","38 %","38.0833","0 %","0.0000","","0.5833","0 %","0.0000","0 %","0.0000","0 %","0.0000","0 %","0.0000","100 %","0000010000"
"12/10/2023 2:30:00 PM - 3:30:00 PM","45270.4166666667","6.25 %","6.2500","12 %","12.0000","0 %","0.0000","38 %","38.0000","0 %","0.0000","","0.8333","0 %","0.0000","0 %","0.0000","0 %","0.0000","0 %","0.0000","100 %","0000010000"
"12/10/2023 3:30:00 PM - 4:30:00 PM","45270.4583333333","6.08 %","6.0833","13 %","13.0833","0 %","0.0000","37 %","36.9167","0 %","0.0000","","0.6667","0 %","0.0000","0 %","0.0000","0 %","0.0000","0 %","0.0000","100 %","0000010000"
"12/10/2023 4:30:00 PM - 5:30:00 PM","45270.5000000000","6.17 %","6.1667","12 %","12.3333","0 %","0.0000","38 %","37.8333","0 %","0.0000","","0.8333","0 %","0.0000","0 %","0.0000","0 %","0.0000","0 %","0.0000","100 %","0000010000"
"12/10/2023 5:30:00 PM - 6:30:00 PM","45270.5416666667","6.25 %","6.2500","13 %","12.7500","0 %","0.0000","37 %","37.1667","0 %","0.0000","","0.7500","0 %","0.0000","0 %","0.0000","0 %","0.0000","0 %","0.0000","100 %","0000010000"
"12/10/2023 6:30:00 PM - 7:30:00 PM","45270.5833333333","6.17 %","6.1667","12 %","12.5000","0 %","0.0000","37 %","37.3333","0 %","0.0000","","0.8333","0 %","0.0000","0 %","0.0000","0 %","0.0000","0 %","0.0000","100 %","0000010000"
"12/10/2023 7:30:00 PM - 8:30:00 PM","45270.6250000000","6.17 %","6.1667","13 %","12.7500","0 %","0.0000","37 %","37.3333","0 %","0.0000","","0.7500","0 %","0.0000","0 %","0.0000","0 %","0.0000","0 %","0.0000","100 %","0000010000"
"12/10/2023 8:30:00 PM - 9:30:00 PM","45270.6666666667","6 %","6.0000","12 %","12.0833","0 %","0.0000","38 %","38.4167","0 %","0.0000","","0.4167","0 %","0.0000","0 %","0.0000","0 %","0.0000","0 %","0.0000","100 %","0000010000"
"12/10/2023 9:30:00 PM - 10:30:00 PM","45270.7083333333","6.25 %","6.2500","13 %","12.9167","0 %","0.0000","38 %","37.5833","0 %","0.0000","","0.7500","0 %","0.0000","0 %","0.0000","0 %","0.0000","0 %","0.0000","100 %","0000010000"
"12/10/2023 10:30:00 PM - 11:30:00 PM","45270.7500000000","6.33 %","6.3333","13 %","12.7500","0 %","0.0000","38 %","37.9167","0 %","0.0000","1 %","1.0000","0 %","0.0000","","0.0833","0 %","0.0000","0 %","0.0000","100 %","0000010000"
"12/10/2023 11:30:00 PM - 12:30:00 AM","45270.7916666667","6.25 %","6.2500","13 %","12.8333","","0.0833","37 %","37.0833","0 %","0.0000","","0.6667","0 %","0.0000","","0.0833","0 %","0.0000","0 %","0.0000","100 %","0000010000"
"12/11/2023 12:30:00 AM - 1:30:00 AM","45270.8333333333","6.17 %","6.1667","13 %","12.5833","0 %","0.0000","38 %","37.6667","0 %","0.0000","","0.5833","0 %","0.0000","0 %","0.0000","0 %","0.0000","0 %","0.0000","100 %","0000010000"
"12/11/2023 1:30:00 AM - 2:30:00 AM","45270.8750000000","6 %","6.0000","13 %","12.6667","0 %","0.0000","37 %","37.3333","0 %","0.0000","","0.7500","0 %","0.0000","0 %","0.0000","0 %","0.0000","0 %","0.0000","100 %","0000010000"
"12/11/2023 2:30:00 AM - 3:30:00 AM","45270.9166666667","6.33 %","6.3333","13 %","12.5833","","0.0833","38 %","37.9167","0 %","0.0000","","0.8333","0 %","0.0000","0 %","0.0000","0 %","0.0000","0 %","0.0000","100 %","0000010000"
"12/11/2023 3:30:00 AM - 4:30:00 AM","45270.9583333333","6.08 %","6.0833","12 %","12.5000","0 %","0.0000","38 %","37.5833","0 %","0.0000","1 %","1.0000","0 %","0.0000","0 %","0.0000","0 %","0.0000","0 %","0.0000","100 %","0000010000"
"12/11/2023 4:30:00 AM - 5:30:00 AM","45271.0000000000","6.17 %","6.1667","13 %","12.9167","0 %","0.0000","38 %","37.5833","0 %","0.0000","","0.8333","0 %","0.0000","0 %","0.0000","0 %","0.0000","0 %","0.0000","100 %","0000010000"
"12/11/2023 5:30:00 AM - 6:30:00 AM","45271.0416666667","6.25 %","6.2500","13 %","12.7500","0 %","0.0000","38 %","37.8333","0 %","0.0000","","0.9167","0 %","0.0000","0 %","0.0000","0 %","0.0000","0 %","0.0000","100 %","0000010000"
"12/11/2023 6:30:00 AM - 7:30:00 AM","45271.0833333333","6.25 %","6.2500","13 %","12.6667","0 %","0.0000","38 %","38.0000","0 %","0.0000","","0.8333","0 %","0.0000","0 %","0.0000","0 %","0.0000","0 %","0.0000","100 %","0000010000"
"12/11/2023 7:30:00 AM - 8:30:00 AM","45271.1250000000","6.50 %","6.5000","14 %","13.5833","","0.1667","38 %","38.0000","","0.0833","","0.9167","0 %","0.0000","","0.1667","0 %","0.0000","0 %","0.0000","100 %","0000010000"
"12/11/2023 8:30:00 AM - 9:30:00 AM","45271.1666666667","6.33 %","6.3333","13 %","13.0000","0 %","0.0000","38 %","37.8333","0 %","0.0000","","0.9167","0 %","0.0000","0 %","0.0000","0 %","0.0000","0 %","0.0000","100 %","0000010000"
"12/11/2023 9:30:00 AM - 10:30:00 AM","45271.2083333333","6.42 %","6.4167","13 %","12.8333","0 %","0.0000","38 %","38.2500","0 %","0.0000","","0.8333","0 %","0.0000","0 %","0.0000","0 %","0.0000","0 %","0.0000","100 %","0000010000"
"12/11/2023 10:30:00 AM - 11:30:00 AM","45271.2500000000","6.08 %","6.0833","13 %","13.0000","","0.0833","37 %","37.0833","0 %","0.0000","","0.9167","0 %","0.0000","","0.0833","0 %","0.0000","0 %","0.0000","100 %","0000010000"
"12/11/2023 11:30:00 AM - 12:30:00 PM","45271.2916666667","6.33 %","6.3333","13 %","13.0833","","0.0833","38 %","37.8333","0 %","0.0000","","0.9167","0 %","0.0000","0 %","0.0000","0 %","0.0000","0 %","0.0000","100 %","0000010000"
"12/11/2023 12:30:00 PM - 1:30:00 PM","45271.3333333333","6.25 %","6.2500","13 %","13.3333","0 %","0.0000","38 %","37.5833","0 %","0.0000","","0.9167","0 %","0.0000","0 %","0.0000","0 %","0.0000","0 %","0.0000","100 %","0000010000"
"12/11/2023 1:30:00 PM - 2:30:00 PM","45271.3750000000","6.50 %","6.5000","13 %","13.0000","0 %","0.0000","38 %","38.4167","0 %","0.0000","1 %","1.0000","0 %","0.0000","0 %","0.0000","0 %","0.0000","0 %","0.0000","100 %","0000010000"
"12/11/2023 2:30:00 PM - 3:30:00 PM","45271.4166666667","6.58 %","6.5833","14 %","13.8333","","0.0833","38 %","38.2500","0 %","0.0000","1 %","1.0833","0 %","0.0000","0 %","0.0000","0 %","0.0000","0 %","0.0000","100 %","0000010000"
"12/11/2023 3:30:00 PM - 4:30:00 PM","45271.4583333333","6.50 %","6.5000","13 %","13.2500","0 %","0.0000","38 %","38.4167","0 %","0.0000","1 %","1.0000","0 %","0.0000","0 %","0.0000","0 %","0.0000","0 %","0.0000","100 %","0000010000"
"12/11/2023 4:30:00 PM - 5:30:00 PM","45271.5000000000","6.58 %","6.5833","13 %","13.0833","0 %","0.0000","38 %","38.5000","0 %","0.0000","1 %","1.0000","0 %","0.0000","0 %","0.0000","0 %","0.0000","0 %","0.0000","100 %","0000010000"
"12/11/2023 5:30:00 PM - 6:30:00 PM","45271.5416666667","6.50 %","6.5000","13 %","13.0833","","0.0833","38 %","38.3333","0 %","0.0000","1 %","1.0833","0 %","0.0000","0 %","0.0000","0 %","0.0000","0 %","0.0000","100 %","0000010000"
"12/11/2023 6:30:00 PM - 7:30:00 PM","45271.5833333333","6.42 %","6.4167","13 %","13.4167","0 %","0.0000","38 %","38.0000","0 %","0.0000","1 %","1.0000","0 %","0.0000","0 %","0.0000","0 %","0.0000","0 %","0.0000","100 %","0000010000"
"12/11/2023 7:30:00 PM - 8:30:00 PM","45271.6250000000","6.67 %","6.6667","13 %","13.2500","","0.0833","38 %","38.1667","0 %","0.0000","1 %","1.3333","0 %","0.0000","0 %","0.0000","0 %","0.0000","0 %","0.0000","100 %","0000010000"
"12/11/2023 8:30:00 PM - 9:30:00 PM","45271.6666666667","6.25 %","6.2500","12 %","12.4167","","0.0833","38 %","38.0000","0 %","0.0000","1 %","1.0833","0 %","0.0000","0 %","0.0000","0 %","0.0000","0 %","0.0000","100 %","0000010000"
"12/11/2023 9:30:00 PM - 10:30:00 PM","45271.7083333333","6.42 %","6.4167","13 %","13.1667","0 %","0.0000","38 %","38.0000","0 %","0.0000","1 %","1.0833","0 %","0.0000","0 %","0.0000","0 %","0.0000","0 %","0.0000","100 %","0000010000"
"12/11/2023 10:30:00 PM - 11:30:00 PM","45271.7500000000","6.36 %","6.3636","13 %","13.1818","0 %","0.0000","38 %","37.8182","0 %","0.0000","","0.9091","0 %","0.0000","0 %","0.0000","0 %","0.0000","0 %","0.0000","100 %","0000010000"
"12/11/2023 11:30:00 PM - 12:30:00 AM","45271.7916666667","6.25 %","6.2500","13 %","12.5833","","0.0833","38 %","38.0000","0 %","0.0000","1 %","1.1667","0 %","0.0000","","0.0833","0 %","0.0000","0 %","0.0000","100 %","0000010000"
"12/12/2023 12:30:00 AM - 1:30:00 AM","45271.8333333333","6.17 %","6.1667","12 %","12.4167","0 %","0.0000","38 %","37.9167","0 %","0.0000","","0.9167","0 %","0.0000","0 %","0.0000","0 %","0.0000","0 %","0.0000","100 %","0000010000"
"12/12/2023 1:30:00 AM - 2:30:00 AM","45271.8750000000","6.17 %","6.1667","13 %","12.8333","0 %","0.0000","38 %","37.5000","0 %","0.0000","","0.8333","0 %","0.0000","0 %","0.0000","0 %","0.0000","0 %","0.0000","100 %","0000010000"
"12/12/2023 2:30:00 AM - 3:30:00 AM","45271.9166666667","6.08 %","6.0833","12 %","12.0000","0 %","0.0000","38 %","38.1667","0 %","0.0000","1 %","1.0833","0 %","0.0000","0 %","0.0000","0 %","0.0000","0 %","0.0000","100 %","0000010000"
"12/12/2023 3:30:00 AM - 4:30:00 AM","45271.9583333333","6 %","6.0000","12 %","12.0000","0 %","0.0000","38 %","37.7500","0 %","0.0000","","0.9167","0 %","0.0000","0 %","0.0000","0 %","0.0000","0 %","0.0000","100 %","0000010000"
"12/12/2023 4:30:00 AM - 5:30:00 AM","45272.0000000000","6.08 %","6.0833","13 %","12.5833","0 %","0.0000","38 %","37.5000","0 %","0.0000","","0.7500","0 %","0.0000","0 %","0.0000","0 %","0.0000","0 %","0.0000","100 %","0000010000"
"12/12/2023 5:30:00 AM - 6:30:00 AM","45272.0416666667","6.33 %","6.3333","12 %","12.4167","0 %","0.0000","38 %","37.7500","0 %","0.0000","1 %","1.0000","0 %","0.0000","0 %","0.0000","0 %","0.0000","0 %","0.0000","100 %","0000010000"
"12/12/2023 6:30:00 AM - 7:30:00 AM","45272.0833333333","6.08 %","6.0833","12 %","12.4167","0 %","0.0000","38 %","37.9167","0 %","0.0000","","0.8333","0 %","0.0000","0 %","0.0000","0 %","0.0000","0 %","0.0000","100 %","0000010000"
"12/12/2023 7:30:00 AM - 8:30:00 AM","45272.1250000000","6.42 %","6.4167","13 %","13.0833","0 %","0.0000","38 %","38.2500","0 %","0.0000","1 %","1.0833","0 %","0.0000","","0.0833","0 %","0.0000","0 %","0.0000","100 %","0000010000"
"12/12/2023 8:30:00 AM - 9:30:00 AM","45272.1666666667","6.50 %","6.5000","13 %","13.4167","0 %","0.0000","38 %","37.6667","0 %","0.0000","1 %","1.0833","0 %","0.0000","0 %","0.0000","0 %","0.0000","0 %","0.0000","100 %","0000010000"
"12/12/2023 9:30:00 AM - 10:30:00 AM","45272.2083333333","6.25 %","6.2500","13 %","12.6667","","0.0833","36 %","35.9167","0 %","0.0000","1 %","1.2500","0 %","0.0000","","0.0833","0 %","0.0000","0 %","0.0000","100 %","0000010000"
"12/12/2023 10:30:00 AM - 11:30:00 AM","45272.2500000000","6 %","6.0000","13 %","12.7500","0 %","0.0000","36 %","35.7500","0 %","0.0000","","0.9167","0 %","0.0000","0 %","0.0000","0 %","0.0000","0 %","0.0000","100 %","0000010000"
"12/12/2023 11:30:00 AM - 12:30:00 PM","45272.2916666667","6.08 %","6.0833","14 %","13.8333","0 %","0.0000","36 %","36.2500","","0.0833","1 %","1.0833","0 %","0.0000","0 %","0.0000","0 %","0.0000","0 %","0.0000","100 %","0000010000"
"12/12/2023 12:30:00 PM - 1:30:00 PM","45272.3333333333","6.33 %","6.3333","13 %","13.0833","0 %","0.0000","38 %","37.6667","0 %","0.0000","1 %","1.2500","0 %","0.0000","0 %","0.0000","0 %","0.0000","0 %","0.0000","100 %","0000010000"
"12/12/2023 1:30:00 PM - 2:30:00 PM","45272.3750000000","6.50 %","6.5000","13 %","13.1667","0 %","0.0000","38 %","38.4167","0 %","0.0000","1 %","1.0833","0 %","0.0000","0 %","0.0000","0 %","0.0000","0 %","0.0000","100 %","0000010000"
"12/12/2023 2:30:00 PM - 3:30:00 PM","45272.4166666667","6.67 %","6.6667","15 %","14.9167","","0.5833","37 %","36.6667","","0.4167","2 %","1.5000","","0.0833","","0.1667","0 %","0.0000","0 %","0.0000","100 %","0000010000"
"12/12/2023 3:30:00 PM - 4:30:00 PM","45272.4583333333","6.42 %","6.4167","13 %","13.3333","","0.0833","38 %","38.0833","0 %","0.0000","1 %","1.0833","0 %","0.0000","0 %","0.0000","0 %","0.0000","0 %","0.0000","100 %","0000010000"
"12/12/2023 4:30:00 PM - 5:30:00 PM","45272.5000000000","6.42 %","6.4167","14 %","13.5000","0 %","0.0000","38 %","37.5833","0 %","0.0000","1 %","1.3333","0 %","0.0000","0 %","0.0000","0 %","0.0000","0 %","0.0000","100 %","0000010000"
"12/12/2023 5:30:00 PM - 6:30:00 PM","45272.5416666667","6.33 %","6.3333","13 %","13.1667","0 %","0.0000","38 %","37.9167","0 %","0.0000","1 %","1.0000","0 %","0.0000","0 %","0.0000","0 %","0.0000","0 %","0.0000","100 %","0000010000"
"12/12/2023 6:30:00 PM - 7:30:00 PM","45272.5833333333","6.42 %","6.4167","13 %","13.4167","0 %","0.0000","38 %","38.0000","0 %","0.0000","1 %","1.2500","0 %","0.0000","0 %","0.0000","0 %","0.0000","0 %","0.0000","100 %","0000010000"
"12/12/2023 7:30:00 PM - 8:30:00 PM","45272.6250000000","6.33 %","6.3333","13 %","12.8333","0 %","0.0000","38 %","38.0833","0 %","0.0000","1 %","1.0833","0 %","0.0000","0 %","0.0000","0 %","0.0000","0 %","0.0000","100 %","0000010000"
"12/12/2023 8:30:00 PM - 9:30:00 PM","45272.6666666667","6.50 %","6.5000","13 %","13.3333","0 %","0.0000","38 %","38.0000","0 %","0.0000","1 %","1.0833","0 %","0.0000","0 %","0.0000","0 %","0.0000","0 %","0.0000","100 %","0000010000"
"12/12/2023 9:30:00 PM - 10:30:00 PM","45272.7083333333","6.25 %","6.2500","13 %","13.0000","0 %","0.0000","38 %","37.5833","0 %","0.0000","1 %","1.1667","0 %","0.0000","0 %","0.0000","0 %","0.0000","0 %","0.0000","100 %","0000010000"
"12/12/2023 10:30:00 PM - 11:30:00 PM","45272.7500000000","6.25 %","6.2500","12 %","12.1667","0 %","0.0000","38 %","38.3333","0 %","0.0000","","0.9167","0 %","0.0000","0 %","0.0000","0 %","0.0000","0 %","0.0000","100 %","0000010000"
"12/12/2023 11:30:00 PM - 12:30:00 AM","45272.7916666667","6.25 %","6.2500","12 %","12.4167","0 %","0.0000","38 %","38.2500","0 %","0.0000","","0.9167","0 %","0.0000","","0.0833","0 %","0.0000","0 %","0.0000","100 %","0000010000"
"12/13/2023 12:30:00 AM - 1:30:00 AM","45272.8333333333","6.08 %","6.0833","13 %","12.8333","0 %","0.0000","37 %","37.2500","0 %","0.0000","1 %","1.0000","0 %","0.0000","0 %","0.0000","0 %","0.0000","0 %","0.0000","100 %","0000010000"
"12/13/2023 1:30:00 AM - 2:30:00 AM","45272.8750000000","6.25 %","6.2500","12 %","12.0000","0 %","0.0000","38 %","38.0000","0 %","0.0000","","0.5833","0 %","0.0000","0 %","0.0000","0 %","0.0000","0 %","0.0000","100 %","0000010000"
"12/13/2023 2:30:00 AM - 3:30:00 AM","45272.9166666667","6.25 %","6.2500","13 %","12.6667","0 %","0.0000","38 %","37.9167","0 %","0.0000","","0.8333","0 %","0.0000","0 %","0.0000","0 %","0.0000","0 %","0.0000","100 %","0000010000"
"12/13/2023 3:30:00 AM - 4:30:00 AM","45272.9583333333","6.25 %","6.2500","12 %","12.5000","0 %","0.0000","38 %","38.0833","0 %","0.0000","","0.9167","0 %","0.0000","0 %","0.0000","0 %","0.0000","0 %","0.0000","100 %","0000010000"
"12/13/2023 4:30:00 AM - 5:30:00 AM","45273.0000000000","6.42 %","6.4167","13 %","12.8333","0 %","0.0000","38 %","38.0833","0 %","0.0000","","0.8333","0 %","0.0000","0 %","0.0000","0 %","0.0000","0 %","0.0000","100 %","0000010000"
"12/13/2023 5:30:00 AM - 6:30:00 AM","45273.0416666667","6.42 %","6.4167","13 %","12.8333","0 %","0.0000","38 %","37.8333","0 %","0.0000","1 %","1.0833","0 %","0.0000","0 %","0.0000","0 %","0.0000","0 %","0.0000","100 %","0000010000"
"12/13/2023 6:30:00 AM - 7:30:00 AM","45273.0833333333","6.25 %","6.2500","12 %","11.9167","0 %","0.0000","39 %","38.6667","0 %","0.0000","1 %","1.0000","0 %","0.0000","0 %","0.0000","0 %","0.0000","0 %","0.0000","100 %","0000010000"
"12/13/2023 7:30:00 AM - 8:30:00 AM","45273.1250000000","6.42 %","6.4167","13 %","13.0000","0 %","0.0000","38 %","38.0833","0 %","0.0000","1 %","1.3333","0 %","0.0000","","0.0833","0 %","0.0000","0 %","0.0000","100 %","0000010000"
"12/13/2023 8:30:00 AM - 9:30:00 AM","45273.1666666667","6.17 %","6.1667","12 %","12.3333","0 %","0.0000","38 %","38.1667","0 %","0.0000","","0.8333","0 %","0.0000","0 %","0.0000","0 %","0.0000","0 %","0.0000","100 %","0000010000"
"12/13/2023 9:30:00 AM - 10:30:00 AM","45273.2083333333","5.92 %","5.9167","12 %","12.3333","0 %","0.0000","36 %","36.3333","0 %","0.0000","","0.7500","0 %","0.0000","0 %","0.0000","0 %","0.0000","0 %","0.0000","100 %","0000010000"
"12/13/2023 10:30:00 AM - 11:30:00 AM","45273.2500000000","6.25 %","6.2500","13 %","13.2500","0 %","0.0000","38 %","37.5000","0 %","0.0000","1 %","1.0000","0 %","0.0000","0 %","0.0000","0 %","0.0000","0 %","0.0000","100 %","0000010000"
"12/13/2023 11:30:00 AM - 12:30:00 PM","45273.2916666667","6.42 %","6.4167","14 %","13.6667","","0.1667","37 %","37.4167","","0.0833","1 %","1.2500","","0.0833","","0.1667","0 %","0.0000","0 %","0.0000","100 %","0000010000"
"12/13/2023 12:30:00 PM - 1:30:00 PM","45273.3333333333","6.42 %","6.4167","13 %","12.8333","0 %","0.0000","38 %","38.2500","0 %","0.0000","","0.9167","0 %","0.0000","0 %","0.0000","0 %","0.0000","0 %","0.0000","100 %","0000010000"
"12/13/2023 1:30:00 PM - 2:30:00 PM","45273.3750000000","6.33 %","6.3333","13 %","12.9167","0 %","0.0000","38 %","37.7500","0 %","0.0000","1 %","1.1667","0 %","0.0000","0 %","0.0000","0 %","0.0000","0 %","0.0000","100 %","0000010000"
"12/13/2023 2:30:00 PM - 3:30:00 PM","45273.4166666667","6.58 %","6.5833","14 %","13.7500","","0.1667","38 %","38.3333","0 %","0.0000","1 %","1.3333","0 %","0.0000","","0.1667","0 %","0.0000","0 %","0.0000","100 %","0000010000"
"12/13/2023 3:30:00 PM - 4:30:00 PM","45273.4583333333","6.50 %","6.5000","14 %","13.8333","0 %","0.0000","37 %","37.4167","0 %","0.0000","1 %","1.0833","0 %","0.0000","0 %","0.0000","0 %","0.0000","0 %","0.0000","100 %","0000010000"
"12/13/2023 4:30:00 PM - 5:30:00 PM","45273.5000000000","6.75 %","6.7500","14 %","13.5833","0 %","0.0000","38 %","38.1667","0 %","0.0000","1 %","1.2500","0 %","0.0000","0 %","0.0000","0 %","0.0000","0 %","0.0000","100 %","0000010000"
"12/13/2023 5:30:00 PM - 6:30:00 PM","45273.5416666667","6.42 %","6.4167","13 %","12.9167","0 %","0.0000","38 %","38.1667","0 %","0.0000","1 %","1.0000","0 %","0.0000","0 %","0.0000","0 %","0.0000","0 %","0.0000","100 %","0000010000"
"12/13/2023 6:30:00 PM - 7:30:00 PM","45273.5833333333","6.42 %","6.4167","13 %","13.1667","0 %","0.0000","38 %","38.3333","0 %","0.0000","","0.9167","0 %","0.0000","0 %","0.0000","0 %","0.0000","0 %","0.0000","100 %","0000010000"
"12/13/2023 7:30:00 PM - 8:30:00 PM","45273.6250000000","6.50 %","6.5000","13 %","12.6667","0 %","0.0000","39 %","38.6667","0 %","0.0000","1 %","1.2500","0 %","0.0000","0 %","0.0000","0 %","0.0000","0 %","0.0000","100 %","0000010000"
"12/13/2023 8:30:00 PM - 9:30:00 PM","45273.6666666667","6.33 %","6.3333","13 %","13.0833","0 %","0.0000","38 %","38.0000","0 %","0.0000","1 %","1.2500","0 %","0.0000","0 %","0.0000","0 %","0.0000","0 %","0.0000","100 %","0000010000"
"12/13/2023 9:30:00 PM - 10:30:00 PM","45273.7083333333","6.25 %","6.2500","13 %","13.0833","0 %","0.0000","38 %","37.6667","0 %","0.0000","1 %","1.0833","0 %","0.0000","0 %","0.0000","0 %","0.0000","0 %","0.0000","100 %","0000010000"
"12/13/2023 10:30:00 PM - 11:30:00 PM","45273.7500000000","6.33 %","6.3333","12 %","12.3333","0 %","0.0000","39 %","38.5833","0 %","0.0000","1 %","1.1667","0 %","0.0000","0 %","0.0000","0 %","0.0000","0 %","0.0000","100 %","0000010000"
"12/13/2023 11:30:00 PM - 12:30:00 AM","45273.7916666667","6.25 %","6.2500","12 %","12.5000","0 %","0.0000","38 %","37.8333","0 %","0.0000","1 %","1.0833","0 %","0.0000","","0.0833","0 %","0.0000","0 %","0.0000","100 %","0000010000"
"12/14/2023 12:30:00 AM - 1:30:00 AM","45273.8333333333","6.33 %","6.3333","13 %","12.9167","0 %","0.0000","38 %","38.0833","0 %","0.0000","1 %","1.0000","0 %","0.0000","0 %","0.0000","0 %","0.0000","0 %","0.0000","100 %","0000010000"
"12/14/2023 1:30:00 AM - 2:30:00 AM","45273.8750000000","6.25 %","6.2500","13 %","12.6667","0 %","0.0000","38 %","37.9167","0 %","0.0000","","0.7500","0 %","0.0000","0 %","0.0000","0 %","0.0000","0 %","0.0000","100 %","0000010000"
"12/14/2023 2:30:00 AM - 3:30:00 AM","45273.9166666667","6.08 %","6.0833","12 %","12.5000","0 %","0.0000","37 %","37.2500","0 %","0.0000","","0.9167","0 %","0.0000","0 %","0.0000","0 %","0.0000","0 %","0.0000","100 %","0000010000"
"12/14/2023 3:30:00 AM - 4:30:00 AM","45273.9583333333","6.17 %","6.1667","13 %","12.5833","0 %","0.0000","38 %","37.5000","0 %","0.0000","","0.8333","0 %","0.0000","0 %","0.0000","0 %","0.0000","0 %","0.0000","100 %","0000010000"
"12/14/2023 4:30:00 AM - 5:30:00 AM","45274.0000000000","6.08 %","6.0833","12 %","12.5000","0 %","0.0000","37 %","37.2500","0 %","0.0000","","0.9167","0 %","0.0000","0 %","0.0000","0 %","0.0000","0 %","0.0000","100 %","0000010000"
"12/14/2023 5:30:00 AM - 6:30:00 AM","45274.0416666667","6.08 %","6.0833","12 %","12.3333","0 %","0.0000","38 %","37.8333","0 %","0.0000","","0.7500","0 %","0.0000","0 %","0.0000","0 %","0.0000","0 %","0.0000","100 %","0000010000"
"12/14/2023 6:30:00 AM - 7:30:00 AM","45274.0833333333","6.25 %","6.2500","13 %","12.6667","0 %","0.0000","38 %","37.7500","0 %","0.0000","","0.8333","0 %","0.0000","0 %","0.0000","0 %","0.0000","0 %","0.0000","100 %","0000010000"
"12/14/2023 7:30:00 AM - 8:30:00 AM","45274.1250000000","6.33 %","6.3333","13 %","13.3333","0 %","0.0000","38 %","37.6667","0 %","0.0000","1 %","1.1667","0 %","0.0000","","0.0833","0 %","0.0000","0 %","0.0000","100 %","0000010000"
"12/14/2023 8:30:00 AM - 9:30:00 AM","45274.1666666667","6.33 %","6.3333","12 %","12.5000","0 %","0.0000","38 %","38.1667","0 %","0.0000","1 %","1.0000","0 %","0.0000","0 %","0.0000","0 %","0.0000","0 %","0.0000","100 %","0000010000"
"12/14/2023 9:30:00 AM - 10:30:00 AM","45274.2083333333","6.33 %","6.3333","13 %","12.6667","0 %","0.0000","38 %","38.0833","0 %","0.0000","1 %","1.0000","0 %","0.0000","0 %","0.0000","0 %","0.0000","0 %","0.0000","100 %","0000010000"
"12/14/2023 10:30:00 AM - 11:30:00 AM","45274.2500000000","6.25 %","6.2500","13 %","13.3333","0 %","0.0000","37 %","37.2500","0 %","0.0000","1 %","1.1667","0 %","0.0000","0 %","0.0000","0 %","0.0000","0 %","0.0000","100 %","0000010000"
"12/14/2023 11:30:00 AM - 12:30:00 PM","45274.2916666667","6.33 %","6.3333","13 %","13.1667","0 %","0.0000","38 %","37.5000","0 %","0.0000","1 %","1.0833","0 %","0.0000","0 %","0.0000","0 %","0.0000","0 %","0.0000","100 %","0000010000"
"12/14/2023 12:30:00 PM - 1:30:00 PM","45274.3333333333","6.42 %","6.4167","13 %","12.6667","","0.0833","39 %","38.7500","0 %","0.0000","","0.9167","0 %","0.0000","0 %","0.0000","0 %","0.0000","0 %","0.0000","100 %","0000010000"
"12/14/2023 1:30:00 PM - 2:30:00 PM","45274.3750000000","6.42 %","6.4167","13 %","13.0833","","0.0833","38 %","38.2500","","0.0833","2 %","1.5000","0 %","0.0000","","0.1667","0 %","0.0000","0 %","0.0000","100 %","0000010000"
"12/14/2023 2:30:00 PM - 3:30:00 PM","45274.4166666667","6.33 %","6.3333","13 %","13.0000","0 %","0.0000","38 %","38.1667","0 %","0.0000","1 %","1.0000","0 %","0.0000","0 %","0.0000","0 %","0.0000","0 %","0.0000","100 %","0000010000"
"12/14/2023 3:30:00 PM - 4:30:00 PM","45274.4583333333","6.42 %","6.4167","13 %","12.8333","0 %","0.0000","38 %","38.2500","0 %","0.0000","1 %","1.1667","0 %","0.0000","0 %","0.0000","0 %","0.0000","0 %","0.0000","100 %","0000010000"
"12/14/2023 4:30:00 PM - 5:30:00 PM","45274.5000000000","6.42 %","6.4167","13 %","13.1667","0 %","0.0000","38 %","38.0000","0 %","0.0000","1 %","1.0833","0 %","0.0000","0 %","0.0000","0 %","0.0000","0 %","0.0000","100 %","0000010000"
"12/14/2023 5:30:00 PM - 6:30:00 PM","45274.5416666667","6.33 %","6.3333","13 %","13.3333","0 %","0.0000","38 %","37.6667","0 %","0.0000","1 %","1.1667","0 %","0.0000","0 %","0.0000","0 %","0.0000","0 %","0.0000","100 %","0000010000"
"12/14/2023 6:30:00 PM - 7:30:00 PM","45274.5833333333","6.33 %","6.3333","13 %","13.0833","0 %","0.0000","38 %","37.9167","0 %","0.0000","1 %","1.0833","0 %","0.0000","0 %","0.0000","0 %","0.0000","0 %","0.0000","100 %","0000010000"
"12/14/2023 7:30:00 PM - 8:30:00 PM","45274.6250000000","6.25 %","6.2500","13 %","13.3333","0 %","0.0000","38 %","37.6667","0 %","0.0000","1 %","1.3333","0 %","0.0000","","0.0833","0 %","0.0000","0 %","0.0000","100 %","0000010000"
"12/14/2023 8:30:00 PM - 9:30:00 PM","45274.6666666667","6.25 %","6.2500","13 %","13.2500","0 %","0.0000","38 %","37.8333","0 %","0.0000","1 %","1.0000","0 %","0.0000","0 %","0.0000","0 %","0.0000","0 %","0.0000","100 %","0000010000"
"12/14/2023 9:30:00 PM - 10:30:00 PM","45274.7083333333","6.25 %","6.2500","13 %","12.5833","0 %","0.0000","38 %","38.1667","0 %","0.0000","1 %","1.0000","0 %","0.0000","0 %","0.0000","0 %","0.0000","0 %","0.0000","100 %","0000010000"
"12/14/2023 10:30:00 PM - 11:30:00 PM","45274.7500000000","6.33 %","6.3333","13 %","12.6667","0 %","0.0000","38 %","37.9167","0 %","0.0000","","0.9167","0 %","0.0000","0 %","0.0000","0 %","0.0000","0 %","0.0000","100 %","0000010000"
"12/14/2023 11:30:00 PM - 12:30:00 AM","45274.7916666667","6.25 %","6.2500","13 %","12.8333","0 %","0.0000","37 %","37.3333","0 %","0.0000","1 %","1.2500","0 %","0.0000","","0.0833","0 %","0.0000","0 %","0.0000","100 %","0000010000"
"12/15/2023 12:30:00 AM - 1:30:00 AM","45274.8333333333","6.08 %","6.0833","12 %","12.3333","0 %","0.0000","37 %","37.0833","0 %","0.0000","","0.9167","0 %","0.0000","0 %","0.0000","0 %","0.0000","0 %","0.0000","100 %","0000010000"
"12/15/2023 1:30:00 AM - 2:30:00 AM","45274.8750000000","6 %","6.0000","13 %","12.5833","0 %","0.0000","37 %","37.0833","0 %","0.0000","","0.7500","0 %","0.0000","0 %","0.0000","0 %","0.0000","0 %","0.0000","100 %","0000010000"
"12/15/2023 2:30:00 AM - 3:30:00 AM","45274.9166666667","6.25 %","6.2500","13 %","12.7500","0 %","0.0000","38 %","37.5000","0 %","0.0000","","0.8333","0 %","0.0000","0 %","0.0000","0 %","0.0000","0 %","0.0000","100 %","0000010000"
"12/15/2023 3:30:00 AM - 4:30:00 AM","45274.9583333333","6.08 %","6.0833","13 %","12.6667","0 %","0.0000","37 %","37.2500","0 %","0.0000","","0.8333","0 %","0.0000","0 %","0.0000","0 %","0.0000","0 %","0.0000","100 %","0000010000"
"12/15/2023 4:30:00 AM - 5:30:00 AM","45275.0000000000","6.17 %","6.1667","12 %","12.3333","0 %","0.0000","37 %","37.4167","0 %","0.0000","","0.7500","0 %","0.0000","0 %","0.0000","0 %","0.0000","0 %","0.0000","100 %","0000010000"
"12/15/2023 5:30:00 AM - 6:30:00 AM","45275.0416666667","6.17 %","6.1667","12 %","12.4167","0 %","0.0000","38 %","37.8333","0 %","0.0000","","0.7500","0 %","0.0000","0 %","0.0000","0 %","0.0000","0 %","0.0000","100 %","0000010000"
"12/15/2023 6:30:00 AM - 7:30:00 AM","45275.0833333333","6.25 %","6.2500","13 %","12.5833","0 %","0.0000","38 %","37.9167","0 %","0.0000","","0.6667","0 %","0.0000","0 %","0.0000","0 %","0.0000","0 %","0.0000","100 %","0000010000"
"12/15/2023 7:30:00 AM - 8:30:00 AM","45275.1250000000","6.17 %","6.1667","13 %","12.7500","0 %","0.0000","37 %","37.2500","0 %","0.0000","1 %","1.0000","0 %","0.0000","0 %","0.0000","0 %","0.0000","0 %","0.0000","100 %","0000010000"
"12/15/2023 8:30:00 AM - 9:30:00 AM","45275.1666666667","6.33 %","6.3333","13 %","12.6667","0 %","0.0000","38 %","38.0000","0 %","0.0000","1 %","1.1667","0 %","0.0000","0 %","0.0000","0 %","0.0000","0 %","0.0000","100 %","0000010000"
"12/15/2023 9:30:00 AM - 10:30:00 AM","45275.2083333333","6.17 %","6.1667","12 %","12.4167","0 %","0.0000","38 %","37.9167","0 %","0.0000","","0.8333","0 %","0.0000","0 %","0.0000","0 %","0.0000","0 %","0.0000","100 %","0000010000"
"12/15/2023 10:30:00 AM - 11:30:00 AM","45275.2500000000","6.25 %","6.2500","13 %","13.2500","0 %","0.0000","37 %","37.4167","0 %","0.0000","1 %","1.0000","0 %","0.0000","0 %","0.0000","0 %","0.0000","0 %","0.0000","100 %","0000010000"
"12/15/2023 11:30:00 AM - 12:30:00 PM","45275.2916666667","6.50 %","6.5000","14 %","13.5000","","0.4167","38 %","38.3333","0 %","0.0000","2 %","1.5000","0 %","0.0000","0 %","0.0000","0 %","0.0000","0 %","0.0000","100 %","0000010000"
"12/15/2023 12:30:00 PM - 1:30:00 PM","45275.3333333333","6.42 %","6.4167","13 %","12.5833","0 %","0.0000","39 %","39.0000","0 %","0.0000","1 %","1.0000","0 %","0.0000","0 %","0.0000","0 %","0.0000","0 %","0.0000","100 %","0000010000"
"12/15/2023 1:30:00 PM - 2:30:00 PM","45275.3750000000","6.33 %","6.3333","13 %","13.0833","0 %","0.0000","38 %","38.0000","0 %","0.0000","1 %","1.0000","0 %","0.0000","0 %","0.0000","0 %","0.0000","0 %","0.0000","100 %","0000010000"
"12/15/2023 2:30:00 PM - 3:30:00 PM","45275.4166666667","6.17 %","6.1667","13 %","12.8333","0 %","0.0000","38 %","37.6667","0 %","0.0000","","0.8333","0 %","0.0000","","0.0833","0 %","0.0000","0 %","0.0000","100 %","0000010000"
"12/15/2023 3:30:00 PM - 4:30:00 PM","45275.4583333333","6.42 %","6.4167","13 %","13.2500","","0.0833","38 %","38.0000","0 %","0.0000","1 %","1.4167","0 %","0.0000","","0.0833","0 %","0.0000","0 %","0.0000","100 %","0000010000"
"12/15/2023 4:30:00 PM - 5:30:00 PM","45275.5000000000","6.50 %","6.5000","13 %","13.3333","","0.0833","38 %","38.2500","0 %","0.0000","1 %","1.0833","0 %","0.0000","0 %","0.0000","0 %","0.0000","0 %","0.0000","100 %","0000010000"
"12/15/2023 5:30:00 PM - 6:30:00 PM","45275.5416666667","6.42 %","6.4167","13 %","12.8333","0 %","0.0000","38 %","38.3333","0 %","0.0000","1 %","1.0000","0 %","0.0000","0 %","0.0000","0 %","0.0000","0 %","0.0000","100 %","0000010000"
"12/15/2023 6:30:00 PM - 7:30:00 PM","45275.5833333333","6.42 %","6.4167","13 %","13.0833","0 %","0.0000","38 %","38.0000","0 %","0.0000","","0.9167","0 %","0.0000","0 %","0.0000","0 %","0.0000","0 %","0.0000","100 %","0000010000"
"12/15/2023 7:30:00 PM - 8:30:00 PM","45275.6250000000","6.17 %","6.1667","13 %","12.5833","0 %","0.0000","38 %","38.1667","0 %","0.0000","1 %","1.0000","0 %","0.0000","0 %","0.0000","0 %","0.0000","0 %","0.0000","100 %","0000010000"
"12/15/2023 8:30:00 PM - 9:30:00 PM","45275.6666666667","6.08 %","6.0833","13 %","13.0000","0 %","0.0000","37 %","37.4167","0 %","0.0000","","0.9167","0 %","0.0000","0 %","0.0000","0 %","0.0000","0 %","0.0000","100 %","0000010000"
"12/15/2023 9:30:00 PM - 10:30:00 PM","45275.7083333333","6.17 %","6.1667","13 %","12.5833","0 %","0.0000","38 %","37.7500","0 %","0.0000","1 %","1.0000","0 %","0.0000","0 %","0.0000","0 %","0.0000","0 %","0.0000","100 %","0000010000"
"12/15/2023 10:30:00 PM - 11:30:00 PM","45275.7500000000","5.92 %","5.9167","12 %","12.0833","0 %","0.0000","34 %","34.4167","0 %","0.0000","","0.7500","0 %","0.0000","0 %","0.0000","0 %","0.0000","0 %","0.0000","100 %","0000010000"
"12/15/2023 11:30:00 PM - 12:30:00 AM","45275.7916666667","6.17 %","6.1667","13 %","12.9167","","0.0833","37 %","36.5833","0 %","0.0000","1 %","1.1667","0 %","0.0000","","0.0833","0 %","0.0000","0 %","0.0000","100 %","0000010000"
"12/16/2023 12:30:00 AM - 1:30:00 AM","45275.8333333333","6.08 %","6.0833","13 %","12.5833","0 %","0.0000","37 %","36.7500","0 %","0.0000","","0.8333","0 %","0.0000","","0.0833","0 %","0.0000","0 %","0.0000","100 %","0000010000"
"12/16/2023 1:30:00 AM - 2:30:00 AM","45275.8750000000","6.08 %","6.0833","12 %","12.2500","0 %","0.0000","38 %","37.7500","0 %","0.0000","","0.5000","0 %","0.0000","0 %","0.0000","0 %","0.0000","0 %","0.0000","100 %","0000010000"
"12/16/2023 2:30:00 AM - 3:30:00 AM","45275.9166666667","6 %","6.0000","12 %","12.1667","0 %","0.0000","38 %","37.6667","0 %","0.0000","","0.8333","0 %","0.0000","0 %","0.0000","0 %","0.0000","0 %","0.0000","100 %","0000010000"
"12/16/2023 3:30:00 AM - 4:30:00 AM","45275.9583333333","11 %","11.4167","25 %","25.1667","1 %","1.1667","48 %","47.6667","2 %","1.6667","12 %","12.0833","","0.4167","3 %","3.4167","","0.4167","0 %","0.0000","100 %","0000010000"
"12/16/2023 4:30:00 AM - 5:30:00 AM","45276.0000000000","7.92 %","7.9167","20 %","20.1667","","0.7500","38 %","38.4167","0 %","0.0000","3 %","3.2500","0 %","0.0000","","0.7500","0 %","0.0000","0 %","0.0000","100 %","0000010000"
"12/16/2023 5:30:00 AM - 6:30:00 AM","45276.0416666667","7.67 %","7.6667","20 %","19.5833","","0.7500","37 %","37.2500","0 %","0.0000","3 %","2.7500","0 %","0.0000","","0.0833","0 %","0.0000","0 %","0.0000","100 %","0000010000"
"12/16/2023 6:30:00 AM - 7:30:00 AM","45276.0833333333","7.92 %","7.9167","24 %","23.5833","1 %","1.0000","34 %","33.7500","0 %","0.0000","4 %","4.4167","0 %","0.0000","","0.0833","0 %","0.0000","0 %","0.0000","100 %","0000010000"
"12/16/2023 7:30:00 AM - 8:30:00 AM","45276.1250000000","6.25 %","6.2500","11 %","11.1667","0 %","0.0000","40 %","39.5000","0 %","0.0000","","0.7500","0 %","0.0000","0 %","0.0000","0 %","0.0000","0 %","0.0000","100 %","0000010000"
"12/16/2023 8:30:00 AM - 9:30:00 AM","45276.1666666667","6.17 %","6.1667","11 %","11.0000","0 %","0.0000","39 %","39.1667","0 %","0.0000","","0.7500","0 %","0.0000","0 %","0.0000","0 %","0.0000","0 %","0.0000","100 %","0000010000"
"12/16/2023 9:30:00 AM - 10:30:00 AM","45276.2083333333","6.17 %","6.1667","11 %","10.6667","0 %","0.0000","40 %","39.6667","0 %","0.0000","","0.4167","0 %","0.0000","0 %","0.0000","0 %","0.0000","0 %","0.0000","100 %","0000010000"
"12/16/2023 10:30:00 AM - 11:30:00 AM","45276.2500000000","6 %","6.0000","11 %","11.3333","0 %","0.0000","39 %","38.8333","0 %","0.0000","","0.5000","0 %","0.0000","0 %","0.0000","0 %","0.0000","0 %","0.0000","100 %","0000010000"
"12/16/2023 11:30:00 AM - 12:30:00 PM","45276.2916666667","6 %","6.0000","11 %","10.6667","0 %","0.0000","39 %","38.8333","0 %","0.0000","","0.5833","0 %","0.0000","0 %","0.0000","0 %","0.0000","0 %","0.0000","100 %","0000010000"
"12/16/2023 12:30:00 PM - 1:30:00 PM","45276.3333333333","6 %","6.0000","11 %","11.2500","0 %","0.0000","39 %","38.6667","0 %","0.0000","","0.5833","0 %","0.0000","0 %","0.0000","0 %","0.0000","0 %","0.0000","100 %","0000010000"
"12/16/2023 1:30:00 PM - 2:30:00 PM","45276.3750000000","6 %","6.0000","11 %","10.9167","0 %","0.0000","39 %","39.1667","0 %","0.0000","","0.8333","0 %","0.0000","0 %","0.0000","0 %","0.0000","0 %","0.0000","100 %","0000010000"
"12/16/2023 2:30:00 PM - 3:30:00 PM","45276.4166666667","6.17 %","6.1667","11 %","11.4167","0 %","0.0000","39 %","38.8333","0 %","0.0000","","0.8333","0 %","0.0000","0 %","0.0000","0 %","0.0000","0 %","0.0000","100 %","0000010000"
"12/16/2023 3:30:00 PM - 4:30:00 PM","45276.4583333333","6.17 %","6.1667","11 %","11.4167","","0.0833","39 %","38.5833","","0.0833","1 %","1.0000","0 %","0.0000","","0.0833","0 %","0.0000","0 %","0.0000","100 %","0000010000"
"12/16/2023 4:30:00 PM - 5:30:00 PM","45276.5000000000","6.33 %","6.3333","11 %","11.3333","0 %","0.0000","39 %","38.8333","0 %","0.0000","","0.6667","0 %","0.0000","0 %","0.0000","0 %","0.0000","0 %","0.0000","100 %","0000010000"
"12/16/2023 5:30:00 PM - 6:30:00 PM","45276.5416666667","6.17 %","6.1667","11 %","11.2500","0 %","0.0000","39 %","38.8333","0 %","0.0000","1 %","1.0000","0 %","0.0000","0 %","0.0000","0 %","0.0000","0 %","0.0000","100 %","0000010000"
"12/16/2023 6:30:00 PM - 7:30:00 PM","45276.5833333333","6 %","6.0000","11 %","11.4167","0 %","0.0000","39 %","38.6667","0 %","0.0000","","0.7500","0 %","0.0000","0 %","0.0000","0 %","0.0000","0 %","0.0000","100 %","0000010000"
"12/16/2023 7:30:00 PM - 8:30:00 PM","45276.6250000000","6.17 %","6.1667","11 %","11.4167","0 %","0.0000","39 %","38.6667","0 %","0.0000","","0.8333","0 %","0.0000","0 %","0.0000","0 %","0.0000","0 %","0.0000","100 %","0000010000"
"12/16/2023 8:30:00 PM - 9:30:00 PM","45276.6666666667","6 %","6.0000","11 %","11.4167","0 %","0.0000","39 %","38.6667","0 %","0.0000","","0.7500","0 %","0.0000","0 %","0.0000","0 %","0.0000","0 %","0.0000","100 %","0000010000"
"12/16/2023 9:30:00 PM - 10:30:00 PM","45276.7083333333","6.17 %","6.1667","12 %","11.5000","0 %","0.0000","38 %","38.5000","0 %","0.0000","","0.7500","0 %","0.0000","0 %","0.0000","0 %","0.0000","0 %","0.0000","100 %","0000010000"
"12/16/2023 10:30:00 PM - 11:30:00 PM","45276.7500000000","6.15 %","6.1538","11 %","11.1538","0 %","0.0000","39 %","39.2308","0 %","0.0000","","0.3846","0 %","0.0000","0 %","0.0000","0 %","0.0000","0 %","0.0000","100 %","0000010000"
"12/16/2023 11:30:00 PM - 12:30:00 AM","45276.7916666667","6.08 %","6.0833","12 %","11.5833","0 %","0.0000","39 %","38.6667","0 %","0.0000","","0.6667","0 %","0.0000","","0.0833","0 %","0.0000","0 %","0.0000","100 %","0000010000"
"12/17/2023 12:30:00 AM - 1:30:00 AM","45276.8333333333","6.08 %","6.0833","12 %","11.8333","0 %","0.0000","38 %","38.4167","0 %","0.0000","","0.7500","0 %","0.0000","0 %","0.0000","0 %","0.0000","0 %","0.0000","100 %","0000010000"
"12/17/2023 1:30:00 AM - 2:30:00 AM","45276.8750000000","6.17 %","6.1667","12 %","11.5833","0 %","0.0000","38 %","38.5000","0 %","0.0000","","0.6667","0 %","0.0000","0 %","0.0000","0 %","0.0000","0 %","0.0000","100 %","0000010000"
"12/17/2023 2:30:00 AM - 3:30:00 AM","45276.9166666667","6.17 %","6.1667","12 %","11.5833","0 %","0.0000","39 %","38.6667","0 %","0.0000","","0.8333","0 %","0.0000","0 %","0.0000","0 %","0.0000","0 %","0.0000","100 %","0000010000"
"12/17/2023 3:30:00 AM - 4:30:00 AM","45276.9583333333","6.25 %","6.2500","12 %","11.6667","","0.0833","39 %","38.6667","0 %","0.0000","1 %","1.0000","0 %","0.0000","0 %","0.0000","0 %","0.0000","0 %","0.0000","100 %","0000010000"
"12/17/2023 4:30:00 AM - 5:30:00 AM","45277.0000000000","6 %","6.0000","12 %","11.5000","0 %","0.0000","38 %","38.5000","0 %","0.0000","","0.9167","0 %","0.0000","0 %","0.0000","0 %","0.0000","0 %","0.0000","100 %","0000010000"
"12/17/2023 5:30:00 AM - 6:30:00 AM","45277.0416666667","6.08 %","6.0833","11 %","11.2500","0 %","0.0000","39 %","38.5833","0 %","0.0000","","0.9167","0 %","0.0000","","0.0833","0 %","0.0000","0 %","0.0000","100 %","0000010000"
"12/17/2023 6:30:00 AM - 7:30:00 AM","45277.0833333333","6 %","6.0000","11 %","11.0000","0 %","0.0000","38 %","37.6667","0 %","0.0000","1 %","1.0000","0 %","0.0000","0 %","0.0000","0 %","0.0000","0 %","0.0000","100 %","0000010000"
"12/17/2023 7:30:00 AM - 8:30:00 AM","45277.1250000000","6 %","6.0000","11 %","11.1667","0 %","0.0000","39 %","38.5833","0 %","0.0000","","0.8333","0 %","0.0000","0 %","0.0000","0 %","0.0000","0 %","0.0000","100 %","0000010000"
"12/17/2023 8:30:00 AM - 9:30:00 AM","45277.1666666667","6 %","6.0000","11 %","11.1667","0 %","0.0000","38 %","37.9167","0 %","0.0000","","0.7500","0 %","0.0000","0 %","0.0000","0 %","0.0000","0 %","0.0000","100 %","0000010000"
"12/17/2023 9:30:00 AM - 10:30:00 AM","45277.2083333333","6.42 %","6.4167","11 %","11.1667","","0.0833","39 %","39.0833","0 %","0.0000","1 %","1.0000","0 %","0.0000","0 %","0.0000","0 %","0.0000","0 %","0.0000","100 %","0000010000"
"12/17/2023 10:30:00 AM - 11:30:00 AM","45277.2500000000","6.08 %","6.0833","11 %","11.3333","0 %","0.0000","38 %","38.2500","0 %","0.0000","","0.8333","0 %","0.0000","0 %","0.0000","0 %","0.0000","0 %","0.0000","100 %","0000010000"
"12/17/2023 11:30:00 AM - 12:30:00 PM","45277.2916666667","6.17 %","6.1667","11 %","11.0000","0 %","0.0000","39 %","39.2500","0 %","0.0000","","0.8333","0 %","0.0000","0 %","0.0000","0 %","0.0000","0 %","0.0000","100 %","0000010000"
"12/17/2023 12:30:00 PM - 1:30:00 PM","45277.3333333333","6.33 %","6.3333","11 %","11.1667","0 %","0.0000","39 %","38.7500","0 %","0.0000","","0.8333","0 %","0.0000","0 %","0.0000","0 %","0.0000","0 %","0.0000","100 %","0000010000"
"12/17/2023 1:30:00 PM - 2:30:00 PM","45277.3750000000","6.08 %","6.0833","11 %","11.0833","0 %","0.0000","39 %","39.0833","0 %","0.0000","","0.8333","0 %","0.0000","0 %","0.0000","0 %","0.0000","0 %","0.0000","100 %","0000010000"
"12/17/2023 2:30:00 PM - 3:30:00 PM","45277.4166666667","6.42 %","6.4167","11 %","11.0833","0 %","0.0000","40 %","39.5000","0 %","0.0000","","0.8333","0 %","0.0000","0 %","0.0000","0 %","0.0000","0 %","0.0000","100 %","0000010000"
"12/17/2023 3:30:00 PM - 4:30:00 PM","45277.4583333333","6.08 %","6.0833","10 %","10.5000","0 %","0.0000","40 %","39.8333","0 %","0.0000","","0.8333","0 %","0.0000","0 %","0.0000","0 %","0.0000","0 %","0.0000","100 %","0000010000"
"12/17/2023 4:30:00 PM - 5:30:00 PM","45277.5000000000","6.25 %","6.2500","11 %","11.0000","0 %","0.0000","39 %","39.0833","0 %","0.0000","","0.9167","0 %","0.0000","0 %","0.0000","0 %","0.0000","0 %","0.0000","100 %","0000010000"
"12/17/2023 5:30:00 PM - 6:30:00 PM","45277.5416666667","6.33 %","6.3333","12 %","11.5833","","0.0833","39 %","39.1667","0 %","0.0000","1 %","1.0833","0 %","0.0000","","0.0833","0 %","0.0000","0 %","0.0000","100 %","0000010000"
"12/17/2023 6:30:00 PM - 7:30:00 PM","45277.5833333333","6.08 %","6.0833","11 %","11.1667","0 %","0.0000","39 %","38.7500","0 %","0.0000","","0.8333","0 %","0.0000","0 %","0.0000","0 %","0.0000","0 %","0.0000","100 %","0000010000"
"12/17/2023 7:30:00 PM - 8:30:00 PM","45277.6250000000","6.08 %","6.0833","11 %","11.0833","0 %","0.0000","39 %","38.8333","0 %","0.0000","","0.9167","0 %","0.0000","0 %","0.0000","0 %","0.0000","0 %","0.0000","100 %","0000010000"
"12/17/2023 8:30:00 PM - 9:30:00 PM","45277.6666666667","6.08 %","6.0833","11 %","11.0833","0 %","0.0000","39 %","39.0000","0 %","0.0000","","0.5833","0 %","0.0000","0 %","0.0000","0 %","0.0000","0 %","0.0000","100 %","0000010000"
"12/17/2023 9:30:00 PM - 10:30:00 PM","45277.7083333333","6.08 %","6.0833","11 %","11.2500","0 %","0.0000","39 %","38.9167","0 %","0.0000","","0.6667","0 %","0.0000","0 %","0.0000","0 %","0.0000","0 %","0.0000","100 %","0000010000"
"12/17/2023 10:30:00 PM - 11:30:00 PM","45277.7500000000","6.27 %","6.2727","11 %","11.0909","0 %","0.0000","39 %","39.2727","0 %","0.0000","1 %","1.0000","0 %","0.0000","0 %","0.0000","0 %","0.0000","0 %","0.0000","100 %","0000010000"
"12/17/2023 11:30:00 PM - 12:30:00 AM","45277.7916666667","6.25 %","6.2500","11 %","11.4167","","0.0833","39 %","39.0000","0 %","0.0000","","0.8333","0 %","0.0000","","0.0833","0 %","0.0000","0 %","0.0000","100 %","0000010000"
"12/18/2023 12:30:00 AM - 1:30:00 AM","45277.8333333333","6.25 %","6.2500","12 %","11.8333","0 %","0.0000","39 %","38.6667","0 %","0.0000","","0.7500","0 %","0.0000","0 %","0.0000","0 %","0.0000","0 %","0.0000","100 %","0000010000"
"12/18/2023 1:30:00 AM - 2:30:00 AM","45277.8750000000","6.08 %","6.0833","11 %","11.0000","0 %","0.0000","38 %","38.3333","0 %","0.0000","","0.8333","0 %","0.0000","0 %","0.0000","0 %","0.0000","0 %","0.0000","100 %","0000010000"
"12/18/2023 2:30:00 AM - 3:30:00 AM","45277.9166666667","6.17 %","6.1667","11 %","11.1667","0 %","0.0000","39 %","38.8333","0 %","0.0000","","0.6667","0 %","0.0000","0 %","0.0000","0 %","0.0000","0 %","0.0000","100 %","0000010000"
"12/18/2023 3:30:00 AM - 4:30:00 AM","45277.9583333333","6.17 %","6.1667","11 %","11.0000","0 %","0.0000","39 %","38.9167","0 %","0.0000","","0.8333","0 %","0.0000","0 %","0.0000","0 %","0.0000","0 %","0.0000","100 %","0000010000"
"12/18/2023 4:30:00 AM - 5:30:00 AM","45278.0000000000","6.08 %","6.0833","11 %","10.9167","0 %","0.0000","39 %","39.2500","0 %","0.0000","","0.6667","0 %","0.0000","0 %","0.0000","0 %","0.0000","0 %","0.0000","100 %","0000010000"
"12/18/2023 5:30:00 AM - 6:30:00 AM","45278.0416666667","6.08 %","6.0833","11 %","11.0000","0 %","0.0000","39 %","39.2500","0 %","0.0000","","0.8333","0 %","0.0000","0 %","0.0000","0 %","0.0000","0 %","0.0000","100 %","0000010000"
"12/18/2023 6:30:00 AM - 7:30:00 AM","45278.0833333333","6.25 %","6.2500","12 %","11.5833","0 %","0.0000","39 %","38.9167","0 %","0.0000","","0.9167","0 %","0.0000","0 %","0.0000","0 %","0.0000","0 %","0.0000","100 %","0000010000"
"12/18/2023 7:30:00 AM - 8:30:00 AM","45278.1250000000","6.25 %","6.2500","11 %","11.4167","0 %","0.0000","39 %","38.8333","0 %","0.0000","","0.7500","0 %","0.0000","0 %","0.0000","0 %","0.0000","0 %","0.0000","100 %","0000010000"
"12/18/2023 8:30:00 AM - 9:30:00 AM","45278.1666666667","6.25 %","6.2500","11 %","10.9167","0 %","0.0000","40 %","39.9167","0 %","0.0000","","0.7500","0 %","0.0000","0 %","0.0000","0 %","0.0000","0 %","0.0000","100 %","0000010000"
"12/18/2023 9:30:00 AM - 10:30:00 AM","45278.2083333333","6.08 %","6.0833","12 %","11.5833","0 %","0.0000","39 %","38.8333","0 %","0.0000","","0.8333","0 %","0.0000","0 %","0.0000","0 %","0.0000","0 %","0.0000","100 %","0000010000"
"12/18/2023 10:30:00 AM - 11:30:00 AM","45278.2500000000","6.33 %","6.3333","12 %","12.4167","0 %","0.0000","38 %","38.1667","0 %","0.0000","","0.7500","0 %","0.0000","0 %","0.0000","0 %","0.0000","0 %","0.0000","100 %","0000010000"
"12/18/2023 11:30:00 AM - 12:30:00 PM","45278.2916666667","6.33 %","6.3333","12 %","12.2500","0 %","0.0000","38 %","38.0833","0 %","0.0000","","0.9167","0 %","0.0000","0 %","0.0000","0 %","0.0000","0 %","0.0000","100 %","0000010000"
"12/18/2023 12:30:00 PM - 1:30:00 PM","45278.3333333333","5.67 %","5.6667","11 %","11.2500","","0.0833","35 %","35.2500","0 %","0.0000","","0.8333","0 %","0.0000","0 %","0.0000","0 %","0.0000","0 %","0.0000","100 %","0000010000"
"12/18/2023 1:30:00 PM - 2:30:00 PM","45278.3750000000","6.25 %","6.2500","12 %","11.8333","0 %","0.0000","39 %","38.6667","0 %","0.0000","1 %","1.0000","0 %","0.0000","0 %","0.0000","0 %","0.0000","0 %","0.0000","100 %","0000010000"
"12/18/2023 2:30:00 PM - 3:30:00 PM","45278.4166666667","6.17 %","6.1667","12 %","12.0000","0 %","0.0000","38 %","38.5000","0 %","0.0000","","0.9167","0 %","0.0000","0 %","0.0000","0 %","0.0000","0 %","0.0000","100 %","0000010000"
"12/18/2023 3:30:00 PM - 4:30:00 PM","45278.4583333333","6.25 %","6.2500","11 %","11.3333","0 %","0.0000","39 %","39.0000","0 %","0.0000","","0.8333","0 %","0.0000","0 %","0.0000","0 %","0.0000","0 %","0.0000","100 %","0000010000"
"12/18/2023 4:30:00 PM - 5:30:00 PM","45278.5000000000","6.25 %","6.2500","12 %","11.7500","0 %","0.0000","39 %","39.1667","0 %","0.0000","1 %","1.0000","0 %","0.0000","","0.0833","0 %","0.0000","0 %","0.0000","100 %","0000010000"
"12/18/2023 5:30:00 PM - 6:30:00 PM","45278.5416666667","6.42 %","6.4167","11 %","11.4167","0 %","0.0000","39 %","39.3333","0 %","0.0000","","0.9167","0 %","0.0000","0 %","0.0000","0 %","0.0000","0 %","0.0000","100 %","0000010000"
"12/18/2023 6:30:00 PM - 7:30:00 PM","45278.5833333333","6.33 %","6.3333","12 %","11.7500","0 %","0.0000","39 %","38.7500","0 %","0.0000","1 %","1.0833","0 %","0.0000","0 %","0.0000","0 %","0.0000","0 %","0.0000","100 %","0000010000"
"12/18/2023 7:30:00 PM - 8:30:00 PM","45278.6250000000","6.42 %","6.4167","12 %","12.0833","","0.0833","39 %","39.0833","0 %","0.0000","1 %","1.2500","0 %","0.0000","","0.0833","0 %","0.0000","0 %","0.0000","100 %","0000010000"
"12/18/2023 8:30:00 PM - 9:30:00 PM","45278.6666666667","6.25 %","6.2500","12 %","11.9167","0 %","0.0000","39 %","38.5833","0 %","0.0000","","0.8333","0 %","0.0000","0 %","0.0000","0 %","0.0000","0 %","0.0000","100 %","0000010000"
"12/18/2023 9:30:00 PM - 10:30:00 PM","45278.7083333333","6.17 %","6.1667","11 %","11.3333","0 %","0.0000","39 %","39.2500","0 %","0.0000","","0.9167","0 %","0.0000","0 %","0.0000","0 %","0.0000","0 %","0.0000","100 %","0000010000"
"12/18/2023 10:30:00 PM - 11:30:00 PM","45278.7500000000","6.08 %","6.0833","11 %","10.8333","0 %","0.0000","38 %","38.4167","0 %","0.0000","","0.8333","0 %","0.0000","0 %","0.0000","0 %","0.0000","0 %","0.0000","100 %","0000010000"
"12/18/2023 11:30:00 PM - 12:30:00 AM","45278.7916666667","6.08 %","6.0833","12 %","11.5000","","0.0833","39 %","38.6667","0 %","0.0000","","0.9167","0 %","0.0000","","0.0833","0 %","0.0000","0 %","0.0000","100 %","0000010000"
"12/19/2023 12:30:00 AM - 1:30:00 AM","45278.8333333333","6 %","6.0000","11 %","11.3333","0 %","0.0000","38 %","38.5000","0 %","0.0000","","0.7500","0 %","0.0000","0 %","0.0000","0 %","0.0000","0 %","0.0000","100 %","0000010000"
"12/19/2023 1:30:00 AM - 2:30:00 AM","45278.8750000000","6.17 %","6.1667","11 %","11.3333","0 %","0.0000","39 %","38.9167","0 %","0.0000","1 %","1.0833","0 %","0.0000","0 %","0.0000","0 %","0.0000","0 %","0.0000","100 %","0000010000"
"12/19/2023 2:30:00 AM - 3:30:00 AM","45278.9166666667","6 %","6.0000","11 %","11.2500","0 %","0.0000","38 %","37.7500","0 %","0.0000","1 %","1.0000","0 %","0.0000","0 %","0.0000","0 %","0.0000","0 %","0.0000","100 %","0000010000"
"12/19/2023 3:30:00 AM - 4:30:00 AM","45278.9583333333","6.17 %","6.1667","11 %","10.9167","0 %","0.0000","39 %","39.0000","0 %","0.0000","","0.8333","0 %","0.0000","0 %","0.0000","0 %","0.0000","0 %","0.0000","100 %","0000010000"
"12/19/2023 4:30:00 AM - 5:30:00 AM","45279.0000000000","6 %","6.0000","11 %","11.3333","0 %","0.0000","39 %","38.6667","0 %","0.0000","","0.9167","0 %","0.0000","0 %","0.0000","0 %","0.0000","0 %","0.0000","100 %","0000010000"
"12/19/2023 5:30:00 AM - 6:30:00 AM","45279.0416666667","6.25 %","6.2500","12 %","11.5000","0 %","0.0000","39 %","39.3333","0 %","0.0000","1 %","1.0000","0 %","0.0000","0 %","0.0000","0 %","0.0000","0 %","0.0000","100 %","0000010000"
"12/19/2023 6:30:00 AM - 7:30:00 AM","45279.0833333333","6.33 %","6.3333","11 %","11.4167","0 %","0.0000","39 %","39.2500","0 %","0.0000","","0.8333","0 %","0.0000","0 %","0.0000","0 %","0.0000","0 %","0.0000","100 %","0000010000"
"12/19/2023 7:30:00 AM - 8:30:00 AM","45279.1250000000","6 %","6.0000","11 %","11.4167","0 %","0.0000","39 %","38.7500","0 %","0.0000","","0.6667","0 %","0.0000","0 %","0.0000","0 %","0.0000","0 %","0.0000","100 %","0000010000"
"12/19/2023 8:30:00 AM - 9:30:00 AM","45279.1666666667","6.33 %","6.3333","12 %","11.9167","0 %","0.0000","39 %","39.0000","0 %","0.0000","1 %","1.0833","0 %","0.0000","","0.0833","0 %","0.0000","0 %","0.0000","100 %","0000010000"
"12/19/2023 9:30:00 AM - 10:30:00 AM","45279.2083333333","6.08 %","6.0833","12 %","11.6667","0 %","0.0000","38 %","38.4167","0 %","0.0000","","0.7500","0 %","0.0000","0 %","0.0000","0 %","0.0000","0 %","0.0000","100 %","0000010000"
"12/19/2023 10:30:00 AM - 11:30:00 AM","45279.2500000000","6.17 %","6.1667","12 %","11.8333","","0.0833","38 %","38.4167","0 %","0.0000","1 %","1.0000","0 %","0.0000","0 %","0.0000","0 %","0.0000","0 %","0.0000","100 %","0000010000"
"12/19/2023 11:30:00 AM - 12:30:00 PM","45279.2916666667","6.42 %","6.4167","12 %","11.7500","0 %","0.0000","39 %","39.0833","0 %","0.0000","","0.9167","0 %","0.0000","0 %","0.0000","0 %","0.0000","0 %","0.0000","100 %","0000010000"
"12/19/2023 12:30:00 PM - 1:30:00 PM","45279.3333333333","6.25 %","6.2500","12 %","11.8333","0 %","0.0000","39 %","38.9167","0 %","0.0000","1 %","1.0000","0 %","0.0000","0 %","0.0000","0 %","0.0000","0 %","0.0000","100 %","0000010000"
"12/19/2023 1:30:00 PM - 2:30:00 PM","45279.3750000000","6.42 %","6.4167","12 %","11.5833","0 %","0.0000","40 %","39.6667","0 %","0.0000","1 %","1.1667","0 %","0.0000","0 %","0.0000","0 %","0.0000","0 %","0.0000","100 %","0000010000"
"12/19/2023 2:30:00 PM - 3:30:00 PM","45279.4166666667","6.25 %","6.2500","12 %","11.6667","","0.1667","39 %","38.7500","0 %","0.0000","1 %","1.0000","0 %","0.0000","0 %","0.0000","0 %","0.0000","0 %","0.0000","100 %","0000010000"
"12/19/2023 3:30:00 PM - 4:30:00 PM","45279.4583333333","6.42 %","6.4167","12 %","12.0833","0 %","0.0000","40 %","39.5000","0 %","0.0000","1 %","1.1667","0 %","0.0000","0 %","0.0000","0 %","0.0000","0 %","0.0000","100 %","0000010000"
"12/19/2023 4:30:00 PM - 5:30:00 PM","45279.5000000000","6.33 %","6.3333","11 %","11.2500","","0.0833","40 %","39.6667","0 %","0.0000","1 %","1.0000","0 %","0.0000","0 %","0.0000","0 %","0.0000","0 %","0.0000","100 %","0000010000"
"12/19/2023 5:30:00 PM - 6:30:00 PM","45279.5416666667","6.42 %","6.4167","12 %","11.5833","0 %","0.0000","39 %","39.0833","0 %","0.0000","1 %","1.0833","0 %","0.0000","","0.0833","0 %","0.0000","0 %","0.0000","100 %","0000010000"
"12/19/2023 6:30:00 PM - 7:30:00 PM","45279.5833333333","6.08 %","6.0833","11 %","10.5833","0 %","0.0000","40 %","39.5000","0 %","0.0000","","0.9167","0 %","0.0000","0 %","0.0000","0 %","0.0000","0 %","0.0000","100 %","0000010000"
"12/19/2023 7:30:00 PM - 8:30:00 PM","45279.6250000000","6.25 %","6.2500","12 %","11.5833","0 %","0.0000","39 %","39.0833","0 %","0.0000","","0.8333","0 %","0.0000","0 %","0.0000","0 %","0.0000","0 %","0.0000","100 %","0000010000"
"12/19/2023 8:30:00 PM - 9:30:00 PM","45279.6666666667","6.17 %","6.1667","11 %","11.0833","0 %","0.0000","40 %","39.7500","0 %","0.0000","","0.8333","0 %","0.0000","0 %","0.0000","0 %","0.0000","0 %","0.0000","100 %","0000010000"
"12/19/2023 9:30:00 PM - 10:30:00 PM","45279.7083333333","6.33 %","6.3333","12 %","11.7500","","0.0833","39 %","39.4167","0 %","0.0000","1 %","1.0833","0 %","0.0000","","0.0833","0 %","0.0000","0 %","0.0000","100 %","0000010000"
"12/19/2023 10:30:00 PM - 11:30:00 PM","45279.7500000000","6.17 %","6.1667","12 %","11.5833","0 %","0.0000","39 %","38.8333","0 %","0.0000","","0.9167","0 %","0.0000","0 %","0.0000","0 %","0.0000","0 %","0.0000","100 %","0000010000"
"12/19/2023 11:30:00 PM - 12:30:00 AM","45279.7916666667","6.33 %","6.3333","12 %","12.2500","","0.0833","39 %","38.5833","0 %","0.0000","1 %","1.2500","0 %","0.0000","","0.0833","0 %","0.0000","0 %","0.0000","100 %","0000010000"
"12/20/2023 12:30:00 AM - 1:30:00 AM","45279.8333333333","6.25 %","6.2500","11 %","11.0833","0 %","0.0000","39 %","39.2500","0 %","0.0000","","0.7500","0 %","0.0000","0 %","0.0000","0 %","0.0000","0 %","0.0000","100 %","0000010000"
"12/20/2023 1:30:00 AM - 2:30:00 AM","45279.8750000000","6 %","6.0000","11 %","11.0000","0 %","0.0000","39 %","39.1667","0 %","0.0000","","0.9167","0 %","0.0000","0 %","0.0000","0 %","0.0000","0 %","0.0000","100 %","0000010000"
"12/20/2023 2:30:00 AM - 3:30:00 AM","45279.9166666667","6.08 %","6.0833","11 %","11.4167","0 %","0.0000","39 %","39.0833","0 %","0.0000","","0.6667","0 %","0.0000","0 %","0.0000","0 %","0.0000","0 %","0.0000","100 %","0000010000"
"12/20/2023 3:30:00 AM - 4:30:00 AM","45279.9583333333","6.08 %","6.0833","11 %","11.0833","0 %","0.0000","39 %","39.2500","0 %","0.0000","","0.9167","0 %","0.0000","0 %","0.0000","0 %","0.0000","0 %","0.0000","100 %","0000010000"
"12/20/2023 4:30:00 AM - 5:30:00 AM","45280.0000000000","6.17 %","6.1667","11 %","11.2500","","0.0833","39 %","39.0833","0 %","0.0000","1 %","1.0000","0 %","0.0000","0 %","0.0000","0 %","0.0000","0 %","0.0000","100 %","0000010000"
"12/20/2023 5:30:00 AM - 6:30:00 AM","45280.0416666667","6.50 %","6.5000","12 %","11.5000","0 %","0.0000","40 %","39.5833","0 %","0.0000","1 %","1.0833","0 %","0.0000","0 %","0.0000","0 %","0.0000","0 %","0.0000","100 %","0000010000"
"12/20/2023 6:30:00 AM - 7:30:00 AM","45280.0833333333","6.25 %","6.2500","11 %","10.8333","0 %","0.0000","40 %","39.5833","0 %","0.0000","","0.8333","0 %","0.0000","0 %","0.0000","0 %","0.0000","0 %","0.0000","100 %","0000010000"
"12/20/2023 7:30:00 AM - 8:30:00 AM","45280.1250000000","6.17 %","6.1667","11 %","11.0000","0 %","0.0000","39 %","39.4167","0 %","0.0000","","0.9167","0 %","0.0000","0 %","0.0000","0 %","0.0000","0 %","0.0000","100 %","0000010000"
"12/20/2023 8:30:00 AM - 9:30:00 AM","45280.1666666667","6.25 %","6.2500","11 %","11.2500","0 %","0.0000","40 %","39.7500","0 %","0.0000","1 %","1.0000","0 %","0.0000","0 %","0.0000","0 %","0.0000","0 %","0.0000","100 %","0000010000"
"12/20/2023 9:30:00 AM - 10:30:00 AM","45280.2083333333","6.33 %","6.3333","12 %","11.7500","0 %","0.0000","39 %","39.0833","0 %","0.0000","","0.9167","0 %","0.0000","0 %","0.0000","0 %","0.0000","0 %","0.0000","100 %","0000010000"
"12/20/2023 10:30:00 AM - 11:30:00 AM","45280.2500000000","6.08 %","6.0833","12 %","11.9167","","0.0833","36 %","36.0833","0 %","0.0000","1 %","1.0833","0 %","0.0000","0 %","0.0000","0 %","0.0000","0 %","0.0000","100 %","0000010000"
"12/20/2023 11:30:00 AM - 12:30:00 PM","45280.2916666667","6.17 %","6.1667","12 %","11.5000","0 %","0.0000","39 %","39.1667","0 %","0.0000","1 %","1.0833","0 %","0.0000","0 %","0.0000","0 %","0.0000","0 %","0.0000","100 %","0000010000"
"12/20/2023 12:30:00 PM - 1:30:00 PM","45280.3333333333","6.42 %","6.4167","12 %","12.0833","","0.0833","39 %","39.0000","0 %","0.0000","","0.9167","0 %","0.0000","0 %","0.0000","0 %","0.0000","0 %","0.0000","100 %","0000010000"
"12/20/2023 1:30:00 PM - 2:30:00 PM","45280.3750000000","6.42 %","6.4167","12 %","11.5833","","0.0833","39 %","39.1667","0 %","0.0000","1 %","1.0000","0 %","0.0000","0 %","0.0000","0 %","0.0000","0 %","0.0000","100 %","0000010000"
"12/20/2023 2:30:00 PM - 3:30:00 PM","45280.4166666667","6.33 %","6.3333","12 %","12.1667","0 %","0.0000","39 %","38.8333","0 %","0.0000","1 %","1.0000","0 %","0.0000","0 %","0.0000","0 %","0.0000","0 %","0.0000","100 %","0000010000"
"12/20/2023 3:30:00 PM - 4:30:00 PM","45280.4583333333","6 %","6.0000","11 %","11.3333","0 %","0.0000","38 %","38.4167","0 %","0.0000","","0.8333","0 %","0.0000","0 %","0.0000","0 %","0.0000","0 %","0.0000","100 %","0000010000"
"12/20/2023 4:30:00 PM - 5:30:00 PM","45280.5000000000","6.33 %","6.3333","12 %","12.4167","","0.1667","39 %","38.7500","0 %","0.0000","1 %","1.0833","0 %","0.0000","0 %","0.0000","0 %","0.0000","0 %","0.0000","100 %","0000010000"
"12/20/2023 5:30:00 PM - 6:30:00 PM","45280.5416666667","6.33 %","6.3333","12 %","12.0000","0 %","0.0000","39 %","39.0000","0 %","0.0000","","0.8333","0 %","0.0000","0 %","0.0000","0 %","0.0000","0 %","0.0000","100 %","0000010000"
"12/20/2023 6:30:00 PM - 7:30:00 PM","45280.5833333333","6.25 %","6.2500","11 %","11.4167","0 %","0.0000","39 %","38.9167","0 %","0.0000","","0.9167","0 %","0.0000","0 %","0.0000","0 %","0.0000","0 %","0.0000","100 %","0000010000"
"12/20/2023 7:30:00 PM - 8:30:00 PM","45280.6250000000","6.25 %","6.2500","12 %","11.9167","0 %","0.0000","39 %","38.8333","0 %","0.0000","1 %","1.0000","0 %","0.0000","","0.0833","0 %","0.0000","0 %","0.0000","100 %","0000010000"
"12/20/2023 8:30:00 PM - 9:30:00 PM","45280.6666666667","6.17 %","6.1667","12 %","11.6667","0 %","0.0000","39 %","39.3333","0 %","0.0000","","0.9167","0 %","0.0000","0 %","0.0000","0 %","0.0000","0 %","0.0000","100 %","0000010000"
"12/20/2023 9:30:00 PM - 10:30:00 PM","45280.7083333333","6.17 %","6.1667","12 %","11.5833","0 %","0.0000","39 %","39.1667","0 %","0.0000","1 %","1.0000","0 %","0.0000","0 %","0.0000","0 %","0.0000","0 %","0.0000","100 %","0000010000"
"12/20/2023 10:30:00 PM - 11:30:00 PM","45280.7500000000","6.25 %","6.2500","11 %","11.3333","0 %","0.0000","40 %","39.5833","0 %","0.0000","","0.8333","0 %","0.0000","0 %","0.0000","0 %","0.0000","0 %","0.0000","100 %","0000010000"
"12/20/2023 11:30:00 PM - 12:30:00 AM","45280.7916666667","6.42 %","6.4167","12 %","12.0833","","0.1667","39 %","39.4167","0 %","0.0000","2 %","1.5833","0 %","0.0000","","0.1667","0 %","0.0000","0 %","0.0000","100 %","0000010000"
"12/21/2023 12:30:00 AM - 1:30:00 AM","45280.8333333333","6.25 %","6.2500","11 %","11.2500","0 %","0.0000","39 %","39.2500","0 %","0.0000","","0.9167","0 %","0.0000","0 %","0.0000","0 %","0.0000","0 %","0.0000","100 %","0000010000"
"12/21/2023 1:30:00 AM - 2:30:00 AM","45280.8750000000","6.42 %","6.4167","11 %","11.1667","0 %","0.0000","40 %","39.9167","0 %","0.0000","1 %","1.0833","0 %","0.0000","0 %","0.0000","0 %","0.0000","0 %","0.0000","100 %","0000010000"
"12/21/2023 2:30:00 AM - 3:30:00 AM","45280.9166666667","6.17 %","6.1667","12 %","11.9167","0 %","0.0000","38 %","38.5000","0 %","0.0000","1 %","1.0000","0 %","0.0000","0 %","0.0000","0 %","0.0000","0 %","0.0000","100 %","0000010000"
"12/21/2023 3:30:00 AM - 4:30:00 AM","45280.9583333333","6.25 %","6.2500","11 %","11.3333","0 %","0.0000","39 %","39.0833","0 %","0.0000","1 %","1.0833","0 %","0.0000","0 %","0.0000","0 %","0.0000","0 %","0.0000","100 %","0000010000"
"12/21/2023 4:30:00 AM - 5:30:00 AM","45281.0000000000","6.08 %","6.0833","11 %","11.1667","0 %","0.0000","39 %","38.9167","0 %","0.0000","","0.7500","0 %","0.0000","0 %","0.0000","0 %","0.0000","0 %","0.0000","100 %","0000010000"
"12/21/2023 5:30:00 AM - 6:30:00 AM","45281.0416666667","6.25 %","6.2500","12 %","11.9167","0 %","0.0000","38 %","38.5000","0 %","0.0000","1 %","1.0000","0 %","0.0000","0 %","0.0000","0 %","0.0000","0 %","0.0000","100 %","0000010000"
"12/21/2023 6:30:00 AM - 7:30:00 AM","45281.0833333333","6 %","6.0000","11 %","11.0000","0 %","0.0000","39 %","39.0833","0 %","0.0000","","0.8333","0 %","0.0000","0 %","0.0000","0 %","0.0000","0 %","0.0000","100 %","0000010000"
"12/21/2023 7:30:00 AM - 8:30:00 AM","45281.1250000000","6.08 %","6.0833","11 %","11.4167","0 %","0.0000","39 %","38.6667","0 %","0.0000","1 %","1.0000","0 %","0.0000","0 %","0.0000","0 %","0.0000","0 %","0.0000","100 %","0000010000"
"12/21/2023 8:30:00 AM - 9:30:00 AM","45281.1666666667","6.25 %","6.2500","12 %","11.8333","0 %","0.0000","40 %","39.5000","0 %","0.0000","1 %","1.0833","0 %","0.0000","0 %","0.0000","0 %","0.0000","0 %","0.0000","100 %","0000010000"
"12/21/2023 9:30:00 AM - 10:30:00 AM","45281.2083333333","6.33 %","6.3333","12 %","12.1667","0 %","0.0000","39 %","39.0000","0 %","0.0000","1 %","1.0000","0 %","0.0000","0 %","0.0000","0 %","0.0000","0 %","0.0000","100 %","0000010000"
"12/21/2023 10:30:00 AM - 11:30:00 AM","45281.2500000000","6.33 %","6.3333","12 %","11.9167","","0.1667","39 %","39.3333","0 %","0.0000","","0.9167","0 %","0.0000","0 %","0.0000","0 %","0.0000","0 %","0.0000","100 %","0000010000"
"12/21/2023 11:30:00 AM - 12:30:00 PM","45281.2916666667","6.42 %","6.4167","12 %","12.0833","0 %","0.0000","39 %","38.7500","0 %","0.0000","1 %","1.0833","0 %","0.0000","","0.0833","0 %","0.0000","0 %","0.0000","100 %","0000010000"
"12/21/2023 12:30:00 PM - 1:30:00 PM","45281.3333333333","6.25 %","6.2500","12 %","11.8333","0 %","0.0000","39 %","38.5833","0 %","0.0000","1 %","1.0833","0 %","0.0000","0 %","0.0000","0 %","0.0000","0 %","0.0000","100 %","0000010000"
"12/21/2023 1:30:00 PM - 2:30:00 PM","45281.3750000000","6.33 %","6.3333","12 %","11.5000","0 %","0.0000","39 %","39.4167","0 %","0.0000","1 %","1.0000","0 %","0.0000","0 %","0.0000","0 %","0.0000","0 %","0.0000","100 %","0000010000"
"12/21/2023 2:30:00 PM - 3:30:00 PM","45281.4166666667","6.25 %","6.2500","12 %","11.6667","0 %","0.0000","39 %","39.0000","0 %","0.0000","","0.9167","0 %","0.0000","0 %","0.0000","0 %","0.0000","0 %","0.0000","100 %","0000010000"
"12/21/2023 3:30:00 PM - 4:30:00 PM","45281.4583333333","6.25 %","6.2500","11 %","11.4167","0 %","0.0000","39 %","39.0833","0 %","0.0000","1 %","1.0000","0 %","0.0000","0 %","0.0000","0 %","0.0000","0 %","0.0000","100 %","0000010000"
"12/21/2023 4:30:00 PM - 5:30:00 PM","45281.5000000000","6.42 %","6.4167","11 %","11.4167","","0.2500","40 %","39.8333","0 %","0.0000","1 %","1.1667","0 %","0.0000","0 %","0.0000","0 %","0.0000","0 %","0.0000","100 %","0000010000"
"12/21/2023 5:30:00 PM - 6:30:00 PM","45281.5416666667","8 %","8.0000","16 %","16.0833","0 %","0.0000","44 %","43.9167","0 %","0.0000","4 %","4.4167","0 %","0.0000","","0.2500","0 %","0.0000","0 %","0.0000","100 %","0000010000"
"12/21/2023 6:30:00 PM - 7:30:00 PM","45281.5833333333","15 %","14.5000","35 %","35.3333","","0.2500","61 %","60.7500","","0.3333","18 %","17.7500","0 %","0.0000","2 %","1.5833","0 %","0.0000","0 %","0.0000","100 %","0000010000"
"12/21/2023 7:30:00 PM - 8:30:00 PM","45281.6250000000","6.33 %","6.3333","10 %","10.5000","","0.0833","40 %","40.4167","0 %","0.0000","","0.9167","0 %","0.0000","0 %","0.0000","0 %","0.0000","0 %","0.0000","100 %","0000010000"
"12/21/2023 8:30:00 PM - 9:30:00 PM","45281.6666666667","6.50 %","6.5000","11 %","11.0000","0 %","0.0000","40 %","40.5000","0 %","0.0000","1 %","1.2500","0 %","0.0000","","0.0833","0 %","0.0000","0 %","0.0000","100 %","0000010000"
"12/21/2023 9:30:00 PM - 10:30:00 PM","45281.7083333333","6.42 %","6.4167","11 %","11.2500","0 %","0.0000","40 %","39.6667","0 %","0.0000","1 %","1.2500","0 %","0.0000","0 %","0.0000","0 %","0.0000","0 %","0.0000","100 %","0000010000"
"12/21/2023 10:30:00 PM - 11:30:00 PM","45281.7500000000","6.33 %","6.3333","12 %","11.5000","0 %","0.0000","40 %","39.5000","0 %","0.0000","1 %","1.0833","0 %","0.0000","0 %","0.0000","0 %","0.0000","0 %","0.0000","100 %","0000010000"
"12/21/2023 11:30:00 PM - 12:30:00 AM","45281.7916666667","6.36 %","6.3636","12 %","11.9091","","0.2727","39 %","38.5455","0 %","0.0000","1 %","1.0000","0 %","0.0000","","0.0909","0 %","0.0000","0 %","0.0000","100 %","0000010000"
"12/22/2023 12:30:00 AM - 1:30:00 AM","45281.8333333333","6.25 %","6.2500","11 %","11.0833","0 %","0.0000","39 %","39.2500","0 %","0.0000","1 %","1.0000","0 %","0.0000","0 %","0.0000","0 %","0.0000","0 %","0.0000","100 %","0000010000"
"12/22/2023 1:30:00 AM - 2:30:00 AM","45281.8750000000","6.17 %","6.1667","11 %","11.0833","","0.0833","39 %","38.9167","0 %","0.0000","1 %","1.1667","0 %","0.0000","","0.0833","0 %","0.0000","0 %","0.0000","100 %","0000010000"
"12/22/2023 2:30:00 AM - 3:30:00 AM","45281.9166666667","6.17 %","6.1667","11 %","10.8333","0 %","0.0000","39 %","39.4167","0 %","0.0000","1 %","1.0000","0 %","0.0000","","0.0833","0 %","0.0000","0 %","0.0000","100 %","0000010000"
"12/22/2023 3:30:00 AM - 4:30:00 AM","45281.9583333333","6 %","6.0000","11 %","11.2500","0 %","0.0000","38 %","38.5000","0 %","0.0000","1 %","1.0000","0 %","0.0000","","0.0833","0 %","0.0000","0 %","0.0000","100 %","0000010000"
"12/22/2023 4:30:00 AM - 5:30:00 AM","45282.0000000000","6.08 %","6.0833","11 %","11.1667","0 %","0.0000","38 %","38.5000","0 %","0.0000","","0.8333","0 %","0.0000","0 %","0.0000","0 %","0.0000","0 %","0.0000","100 %","0000010000"
"12/22/2023 5:30:00 AM - 6:30:00 AM","45282.0416666667","6.33 %","6.3333","11 %","11.4167","","0.0833","40 %","39.5000","0 %","0.0000","1 %","1.0000","0 %","0.0000","0 %","0.0000","0 %","0.0000","0 %","0.0000","100 %","0000010000"
"12/22/2023 6:30:00 AM - 7:30:00 AM","45282.0833333333","6.17 %","6.1667","11 %","11.3333","0 %","0.0000","39 %","38.7500","0 %","0.0000","1 %","1.0000","0 %","0.0000","0 %","0.0000","0 %","0.0000","0 %","0.0000","100 %","0000010000"
"12/22/2023 7:30:00 AM - 8:30:00 AM","45282.1250000000","6 %","6.0000","11 %","10.9167","0 %","0.0000","39 %","39.0000","0 %","0.0000","1 %","1.0000","0 %","0.0000","0 %","0.0000","0 %","0.0000","0 %","0.0000","100 %","0000010000"
"12/22/2023 8:30:00 AM - 9:30:00 AM","45282.1666666667","6.17 %","6.1667","11 %","10.7500","0 %","0.0000","39 %","39.4167","0 %","0.0000","1 %","1.0833","0 %","0.0000","0 %","0.0000","0 %","0.0000","0 %","0.0000","100 %","0000010000"
"12/22/2023 9:30:00 AM - 10:30:00 AM","45282.2083333333","6.17 %","6.1667","11 %","11.3333","0 %","0.0000","39 %","38.9167","0 %","0.0000","","0.8333","0 %","0.0000","0 %","0.0000","0 %","0.0000","0 %","0.0000","100 %","0000010000"
"12/22/2023 10:30:00 AM - 11:30:00 AM","45282.2500000000","6.08 %","6.0833","11 %","11.4167","0 %","0.0000","39 %","39.0000","0 %","0.0000","","0.9167","0 %","0.0000","0 %","0.0000","0 %","0.0000","0 %","0.0000","100 %","0000010000"
"12/22/2023 11:30:00 AM - 12:30:00 PM","45282.2916666667","6.08 %","6.0833","12 %","11.5833","0 %","0.0000","39 %","38.7500","0 %","0.0000","","0.9167","0 %","0.0000","0 %","0.0000","0 %","0.0000","0 %","0.0000","100 %","0000010000"
"12/22/2023 12:30:00 PM - 1:30:00 PM","45282.3333333333","6.25 %","6.2500","12 %","12.0833","0 %","0.0000","39 %","38.8333","0 %","0.0000","","0.9167","0 %","0.0000","0 %","0.0000","0 %","0.0000","0 %","0.0000","100 %","0000010000"
"12/22/2023 1:30:00 PM - 2:30:00 PM","45282.3750000000","6.50 %","6.5000","12 %","11.7500","","0.0833","39 %","39.4167","0 %","0.0000","1 %","1.1667","0 %","0.0000","0 %","0.0000","0 %","0.0000","0 %","0.0000","100 %","0000010000"
"12/22/2023 2:30:00 PM - 3:30:00 PM","45282.4166666667","6.42 %","6.4167","12 %","11.7500","0 %","0.0000","39 %","39.0000","0 %","0.0000","1 %","1.0833","0 %","0.0000","0 %","0.0000","0 %","0.0000","0 %","0.0000","100 %","0000010000"
"12/22/2023 3:30:00 PM - 4:30:00 PM","45282.4583333333","6.17 %","6.1667","12 %","11.8333","","0.0833","39 %","38.8333","0 %","0.0000","1 %","1.0000","0 %","0.0000","0 %","0.0000","0 %","0.0000","0 %","0.0000","100 %","0000010000"
"12/22/2023 4:30:00 PM - 5:30:00 PM","45282.5000000000","6.25 %","6.2500","12 %","12.0000","0 %","0.0000","39 %","39.0833","0 %","0.0000","1 %","1.0833","0 %","0.0000","0 %","0.0000","0 %","0.0000","0 %","0.0000","100 %","0000010000"
"12/22/2023 5:30:00 PM - 6:30:00 PM","45282.5416666667","6.33 %","6.3333","11 %","11.1667","0 %","0.0000","40 %","39.5833","0 %","0.0000","1 %","1.1667","0 %","0.0000","0 %","0.0000","0 %","0.0000","0 %","0.0000","100 %","0000010000"
"12/22/2023 6:30:00 PM - 7:30:00 PM","45282.5833333333","6.25 %","6.2500","11 %","11.0833","0 %","0.0000","40 %","39.7500","0 %","0.0000","","0.8333","0 %","0.0000","0 %","0.0000","0 %","0.0000","0 %","0.0000","100 %","0000010000"
"12/22/2023 7:30:00 PM - 8:30:00 PM","45282.6250000000","6.25 %","6.2500","11 %","10.8333","0 %","0.0000","40 %","39.5833","0 %","0.0000","1 %","1.0000","0 %","0.0000","0 %","0.0000","0 %","0.0000","0 %","0.0000","100 %","0000010000"
"12/22/2023 8:30:00 PM - 9:30:00 PM","45282.6666666667","6.50 %","6.5000","11 %","11.0000","0 %","0.0000","40 %","40.2500","0 %","0.0000","","0.9167","0 %","0.0000","0 %","0.0000","0 %","0.0000","0 %","0.0000","100 %","0000010000"
"12/22/2023 9:30:00 PM - 10:30:00 PM","45282.7083333333","6.17 %","6.1667","11 %","10.8333","0 %","0.0000","39 %","39.2500","0 %","0.0000","1 %","1.0000","0 %","0.0000","0 %","0.0000","0 %","0.0000","0 %","0.0000","100 %","0000010000"
"12/22/2023 10:30:00 PM - 11:30:00 PM","45282.7500000000","6.33 %","6.3333","12 %","11.7500","","0.0833","39 %","39.0833","0 %","0.0000","1 %","1.0833","0 %","0.0000","0 %","0.0000","0 %","0.0000","0 %","0.0000","100 %","0000010000"
"12/22/2023 11:30:00 PM - 12:30:00 AM","45282.7916666667","6.25 %","6.2500","11 %","11.4167","0 %","0.0000","38 %","38.2500","0 %","0.0000","","0.8333","0 %","0.0000","0 %","0.0000","0 %","0.0000","0 %","0.0000","100 %","0000010000"
"12/23/2023 12:30:00 AM - 1:30:00 AM","45282.8333333333","6 %","6.0000","11 %","10.8333","0 %","0.0000","38 %","38.1667","0 %","0.0000","","0.8333","0 %","0.0000","0 %","0.0000","0 %","0.0000","0 %","0.0000","100 %","0000010000"
"12/23/2023 1:30:00 AM - 2:30:00 AM","45282.8750000000","6.08 %","6.0833","11 %","11.0000","0 %","0.0000","38 %","38.0000","0 %","0.0000","","0.8333","0 %","0.0000","0 %","0.0000","0 %","0.0000","0 %","0.0000","100 %","0000010000"
"12/23/2023 2:30:00 AM - 3:30:00 AM","45282.9166666667","6.08 %","6.0833","11 %","11.0000","0 %","0.0000","39 %","38.7500","0 %","0.0000","","0.5833","0 %","0.0000","0 %","0.0000","0 %","0.0000","0 %","0.0000","100 %","0000010000"
"12/23/2023 3:30:00 AM - 4:30:00 AM","45282.9583333333","6.25 %","6.2500","11 %","11.0000","","0.0833","39 %","39.3333","0 %","0.0000","","0.9167","0 %","0.0000","","0.0833","0 %","0.0000","0 %","0.0000","100 %","0000010000"
"12/23/2023 4:30:00 AM - 5:30:00 AM","45283.0000000000","6.17 %","6.1667","12 %","11.5833","0 %","0.0000","38 %","38.4167","0 %","0.0000","","0.7500","0 %","0.0000","0 %","0.0000","0 %","0.0000","0 %","0.0000","100 %","0000010000"
"12/23/2023 5:30:00 AM - 6:30:00 AM","45283.0416666667","6.08 %","6.0833","11 %","10.7500","0 %","0.0000","38 %","38.2500","0 %","0.0000","","0.8333","0 %","0.0000","0 %","0.0000","0 %","0.0000","0 %","0.0000","100 %","0000010000"
"12/23/2023 6:30:00 AM - 7:30:00 AM","45283.0833333333","6 %","6.0000","11 %","10.5833","0 %","0.0000","38 %","37.8333","0 %","0.0000","","0.7500","0 %","0.0000","0 %","0.0000","0 %","0.0000","0 %","0.0000","100 %","0000010000"
"12/23/2023 7:30:00 AM - 8:30:00 AM","45283.1250000000","6 %","6.0000","11 %","11.0000","0 %","0.0000","38 %","37.6667","0 %","0.0000","","0.5833","0 %","0.0000","0 %","0.0000","0 %","0.0000","0 %","0.0000","100 %","0000010000"
"12/23/2023 8:30:00 AM - 9:30:00 AM","45283.1666666667","6.17 %","6.1667","11 %","11.0000","","0.0833","39 %","38.5833","0 %","0.0000","","0.7500","0 %","0.0000","0 %","0.0000","0 %","0.0000","0 %","0.0000","100 %","0000010000"
"12/23/2023 9:30:00 AM - 10:30:00 AM","45283.2083333333","6.17 %","6.1667","11 %","10.6667","0 %","0.0000","39 %","39.0000","0 %","0.0000","","0.6667","0 %","0.0000","0 %","0.0000","0 %","0.0000","0 %","0.0000","100 %","0000010000"
"12/23/2023 10:30:00 AM - 11:30:00 AM","45283.2500000000","6.08 %","6.0833","11 %","10.9167","","0.0833","39 %","38.7500","0 %","0.0000","","0.8333","0 %","0.0000","0 %","0.0000","0 %","0.0000","0 %","0.0000","100 %","0000010000"
"12/23/2023 11:30:00 AM - 12:30:00 PM","45283.2916666667","6.08 %","6.0833","11 %","11.2500","0 %","0.0000","39 %","38.7500","0 %","0.0000","","0.8333","0 %","0.0000","0 %","0.0000","0 %","0.0000","0 %","0.0000","100 %","0000010000"
"12/23/2023 12:30:00 PM - 1:30:00 PM","45283.3333333333","6 %","6.0000","11 %","11.0833","0 %","0.0000","38 %","38.2500","0 %","0.0000","","0.4167","0 %","0.0000","0 %","0.0000","0 %","0.0000","0 %","0.0000","100 %","0000010000"
"12/23/2023 1:30:00 PM - 2:30:00 PM","45283.3750000000","6.25 %","6.2500","11 %","11.2500","0 %","0.0000","39 %","39.0000","0 %","0.0000","","0.8333","0 %","0.0000","0 %","0.0000","0 %","0.0000","0 %","0.0000","100 %","0000010000"
"12/23/2023 2:30:00 PM - 3:30:00 PM","45283.4166666667","6.25 %","6.2500","11 %","11.2500","0 %","0.0000","39 %","38.6667","0 %","0.0000","","0.8333","0 %","0.0000","0 %","0.0000","0 %","0.0000","0 %","0.0000","100 %","0000010000"
"12/23/2023 3:30:00 PM - 4:30:00 PM","45283.4583333333","6.17 %","6.1667","12 %","11.5833","0 %","0.0000","38 %","38.0833","0 %","0.0000","","0.7500","0 %","0.0000","0 %","0.0000","0 %","0.0000","0 %","0.0000","100 %","0000010000"
"12/23/2023 4:30:00 PM - 5:30:00 PM","45283.5000000000","6.25 %","6.2500","11 %","10.6667","0 %","0.0000","40 %","39.9167","0 %","0.0000","1 %","1.0000","0 %","0.0000","0 %","0.0000","0 %","0.0000","0 %","0.0000","100 %","0000010000"
"12/23/2023 5:30:00 PM - 6:30:00 PM","45283.5416666667","6.33 %","6.3333","11 %","11.0833","0 %","0.0000","39 %","39.4167","0 %","0.0000","","0.7500","0 %","0.0000","0 %","0.0000","0 %","0.0000","0 %","0.0000","100 %","0000010000"
"12/23/2023 6:30:00 PM - 7:30:00 PM","45283.5833333333","6.25 %","6.2500","12 %","11.5000","0 %","0.0000","39 %","38.8333","0 %","0.0000","","0.5833","0 %","0.0000","0 %","0.0000","0 %","0.0000","0 %","0.0000","100 %","0000010000"
"12/23/2023 7:30:00 PM - 8:30:00 PM","45283.6250000000","6.25 %","6.2500","11 %","10.6667","0 %","0.0000","40 %","39.6667","0 %","0.0000","","0.7500","0 %","0.0000","0 %","0.0000","0 %","0.0000","0 %","0.0000","100 %","0000010000"
"12/23/2023 8:30:00 PM - 9:30:00 PM","45283.6666666667","6.25 %","6.2500","11 %","11.0833","0 %","0.0000","40 %","39.7500","0 %","0.0000","","0.8333","0 %","0.0000","0 %","0.0000","0 %","0.0000","0 %","0.0000","100 %","0000010000"
"12/23/2023 9:30:00 PM - 10:30:00 PM","45283.7083333333","6.08 %","6.0833","11 %","11.3333","0 %","0.0000","39 %","38.7500","0 %","0.0000","","0.6667","0 %","0.0000","0 %","0.0000","0 %","0.0000","0 %","0.0000","100 %","0000010000"
"12/23/2023 10:30:00 PM - 11:30:00 PM","45283.7500000000","6.08 %","6.0833","11 %","11.0000","0 %","0.0000","39 %","39.0000","0 %","0.0000","","0.8333","0 %","0.0000","0 %","0.0000","0 %","0.0000","0 %","0.0000","100 %","0000010000"
"12/23/2023 11:30:00 PM - 12:30:00 AM","45283.7916666667","6.08 %","6.0833","11 %","10.9167","0 %","0.0000","39 %","39.0000","0 %","0.0000","","0.6667","0 %","0.0000","","0.0833","0 %","0.0000","0 %","0.0000","100 %","0000010000"
"12/24/2023 12:30:00 AM - 1:30:00 AM","45283.8333333333","6 %","6.0000","11 %","10.8333","0 %","0.0000","39 %","38.6667","0 %","0.0000","","0.6667","0 %","0.0000","0 %","0.0000","0 %","0.0000","0 %","0.0000","100 %","0000010000"
"12/24/2023 1:30:00 AM - 2:30:00 AM","45283.8750000000","6 %","6.0000","10 %","10.5000","0 %","0.0000","39 %","38.6667","0 %","0.0000","","0.5000","0 %","0.0000","0 %","0.0000","0 %","0.0000","0 %","0.0000","100 %","0000010000"
"12/24/2023 2:30:00 AM - 3:30:00 AM","45283.9166666667","6 %","6.0000","11 %","10.5833","0 %","0.0000","39 %","38.8333","0 %","0.0000","","0.5833","0 %","0.0000","0 %","0.0000","0 %","0.0000","0 %","0.0000","100 %","0000010000"
"12/24/2023 3:30:00 AM - 4:30:00 AM","45283.9583333333","6 %","6.0000","11 %","11.0000","0 %","0.0000","38 %","38.2500","0 %","0.0000","","0.6667","0 %","0.0000","0 %","0.0000","0 %","0.0000","0 %","0.0000","100 %","0000010000"
"12/24/2023 4:30:00 AM - 5:30:00 AM","45284.0000000000","6.08 %","6.0833","12 %","11.5000","0 %","0.0000","38 %","37.8333","0 %","0.0000","","0.5833","0 %","0.0000","0 %","0.0000","0 %","0.0000","0 %","0.0000","100 %","0000010000"
"12/24/2023 5:30:00 AM - 6:30:00 AM","45284.0416666667","6.17 %","6.1667","11 %","11.4167","","0.0833","38 %","37.5833","0 %","0.0000","","0.8333","0 %","0.0000","","0.0833","0 %","0.0000","0 %","0.0000","100 %","0000010000"
"12/24/2023 6:30:00 AM - 7:30:00 AM","45284.0833333333","6 %","6.0000","11 %","10.7500","0 %","0.0000","38 %","38.3333","0 %","0.0000","","0.6667","0 %","0.0000","0 %","0.0000","0 %","0.0000","0 %","0.0000","100 %","0000010000"
"12/24/2023 7:30:00 AM - 8:30:00 AM","45284.1250000000","4.46 %","4.4615","8 %","8.3846","0 %","0.0000","28 %","27.8462","0 %","0.0000","","0.3846","0 %","0.0000","0 %","0.0000","0 %","0.0000","0 %","0.0000","100 %","0000010000"
"12/24/2023 8:30:00 AM - 9:30:00 AM","45284.1666666667","6 %","6.0000","11 %","10.7500","0 %","0.0000","38 %","38.3333","0 %","0.0000","","0.5833","0 %","0.0000","0 %","0.0000","0 %","0.0000","0 %","0.0000","100 %","0000010000"
"12/24/2023 9:30:00 AM - 10:30:00 AM","45284.2083333333","5.92 %","5.9167","11 %","10.6667","0 %","0.0000","37 %","37.4167","0 %","0.0000","","0.5000","0 %","0.0000","0 %","0.0000","0 %","0.0000","0 %","0.0000","100 %","0000010000"
"12/24/2023 10:30:00 AM - 11:30:00 AM","45284.2500000000","6.08 %","6.0833","11 %","11.0833","0 %","0.0000","38 %","38.1667","0 %","0.0000","","0.6667","0 %","0.0000","0 %","0.0000","0 %","0.0000","0 %","0.0000","100 %","0000010000"
"12/24/2023 11:30:00 AM - 12:30:00 PM","45284.2916666667","5.92 %","5.9167","11 %","10.7500","0 %","0.0000","37 %","37.4167","0 %","0.0000","","0.5833","0 %","0.0000","0 %","0.0000","0 %","0.0000","0 %","0.0000","100 %","0000010000"
"12/24/2023 12:30:00 PM - 1:30:00 PM","45284.3333333333","5.92 %","5.9167","11 %","10.6667","0 %","0.0000","38 %","38.0000","0 %","0.0000","","0.6667","0 %","0.0000","0 %","0.0000","0 %","0.0000","0 %","0.0000","100 %","0000010000"
"12/24/2023 1:30:00 PM - 2:30:00 PM","45284.3750000000","5.92 %","5.9167","11 %","10.8333","0 %","0.0000","37 %","36.5833","0 %","0.0000","","0.5833","0 %","0.0000","0 %","0.0000","0 %","0.0000","0 %","0.0000","100 %","0000010000"
"12/24/2023 2:30:00 PM - 3:30:00 PM","45284.4166666667","5.92 %","5.9167","11 %","10.8333","0 %","0.0000","37 %","37.0000","0 %","0.0000","","0.5000","0 %","0.0000","0 %","0.0000","0 %","0.0000","0 %","0.0000","100 %","0000010000"
"12/24/2023 3:30:00 PM - 4:30:00 PM","45284.4583333333","6 %","6.0000","11 %","11.0833","0 %","0.0000","38 %","38.0833","0 %","0.0000","","0.6667","0 %","0.0000","0 %","0.0000","0 %","0.0000","0 %","0.0000","100 %","0000010000"
"12/24/2023 4:30:00 PM - 5:30:00 PM","45284.5000000000","6.08 %","6.0833","11 %","10.8333","0 %","0.0000","38 %","38.3333","0 %","0.0000","","0.5833","0 %","0.0000","0 %","0.0000","0 %","0.0000","0 %","0.0000","100 %","0000010000"
"12/24/2023 5:30:00 PM - 6:30:00 PM","45284.5416666667","6 %","6.0000","11 %","10.5833","0 %","0.0000","38 %","37.7500","0 %","0.0000","","0.4167","0 %","0.0000","0 %","0.0000","0 %","0.0000","0 %","0.0000","100 %","0000010000"
"12/24/2023 6:30:00 PM - 7:30:00 PM","45284.5833333333","6 %","6.0000","11 %","10.7500","0 %","0.0000","38 %","38.5000","0 %","0.0000","","0.5833","0 %","0.0000","0 %","0.0000","0 %","0.0000","0 %","0.0000","100 %","0000010000"
"12/24/2023 7:30:00 PM - 8:30:00 PM","45284.6250000000","6.08 %","6.0833","10 %","10.2500","0 %","0.0000","39 %","39.3333","0 %","0.0000","","0.6667","0 %","0.0000","0 %","0.0000","0 %","0.0000","0 %","0.0000","100 %","0000010000"
"12/24/2023 8:30:00 PM - 9:30:00 PM","45284.6666666667","6 %","6.0000","10 %","10.1667","0 %","0.0000","39 %","38.7500","0 %","0.0000","","0.7500","0 %","0.0000","0 %","0.0000","0 %","0.0000","0 %","0.0000","100 %","0000010000"
"12/24/2023 9:30:00 PM - 10:30:00 PM","45284.7083333333","6 %","6.0000","10 %","10.5000","0 %","0.0000","38 %","38.1667","0 %","0.0000","","0.5833","0 %","0.0000","0 %","0.0000","0 %","0.0000","0 %","0.0000","100 %","0000010000"
"12/24/2023 10:30:00 PM - 11:30:00 PM","45284.7500000000","6.08 %","6.0833","11 %","10.7500","0 %","0.0000","39 %","38.5833","","0.0833","","0.7500","0 %","0.0000","0 %","0.0000","0 %","0.0000","0 %","0.0000","100 %","0000010000"
"12/24/2023 11:30:00 PM - 12:30:00 AM","45284.7916666667","6.25 %","6.2500","12 %","11.8333","0 %","0.0000","37 %","37.4167","0 %","0.0000","","0.8333","0 %","0.0000","","0.0833","0 %","0.0000","0 %","0.0000","100 %","0000010000"
"12/25/2023 12:30:00 AM - 1:30:00 AM","45284.8333333333","6 %","6.0000","11 %","10.7500","0 %","0.0000","37 %","37.0833","0 %","0.0000","","0.5000","0 %","0.0000","0 %","0.0000","0 %","0.0000","0 %","0.0000","100 %","0000010000"
"12/25/2023 1:30:00 AM - 2:30:00 AM","45284.8750000000","6.08 %","6.0833","11 %","10.6667","0 %","0.0000","38 %","37.6667","0 %","0.0000","","0.5000","0 %","0.0000","0 %","0.0000","0 %","0.0000","0 %","0.0000","100 %","0000010000"
"12/25/2023 2:30:00 AM - 3:30:00 AM","45284.9166666667","6 %","6.0000","10 %","10.5000","0 %","0.0000","37 %","37.4167","0 %","0.0000","","0.7500","0 %","0.0000","0 %","0.0000","0 %","0.0000","0 %","0.0000","100 %","0000010000"
"12/25/2023 3:30:00 AM - 4:30:00 AM","45284.9583333333","6 %","6.0000","11 %","11.0833","0 %","0.0000","37 %","37.1667","0 %","0.0000","","0.7500","0 %","0.0000","0 %","0.0000","0 %","0.0000","0 %","0.0000","100 %","0000010000"
"12/25/2023 4:30:00 AM - 5:30:00 AM","45285.0000000000","6 %","6.0000","10 %","10.5000","0 %","0.0000","37 %","37.0833","0 %","0.0000","","0.4167","0 %","0.0000","0 %","0.0000","0 %","0.0000","0 %","0.0000","100 %","0000010000"
"12/25/2023 5:30:00 AM - 6:30:00 AM","45285.0416666667","6 %","6.0000","10 %","10.2500","0 %","0.0000","38 %","38.0833","0 %","0.0000","","0.5833","0 %","0.0000","0 %","0.0000","0 %","0.0000","0 %","0.0000","100 %","0000010000"
"12/25/2023 6:30:00 AM - 7:30:00 AM","45285.0833333333","6 %","6.0000","10 %","10.5000","","0.0833","38 %","38.1667","0 %","0.0000","","0.4167","0 %","0.0000","0 %","0.0000","0 %","0.0000","0 %","0.0000","100 %","0000010000"
"12/25/2023 7:30:00 AM - 8:30:00 AM","45285.1250000000","6.17 %","6.1667","11 %","11.0833","","0.0833","38 %","38.0000","","0.0833","","0.9167","","0.0833","","0.0833","","0.0833","0 %","0.0000","100 %","0000010000"
"12/25/2023 8:30:00 AM - 9:30:00 AM","45285.1666666667","6.08 %","6.0833","11 %","10.8333","0 %","0.0000","39 %","38.5833","0 %","0.0000","","0.4167","0 %","0.0000","0 %","0.0000","0 %","0.0000","0 %","0.0000","100 %","0000010000"
"12/25/2023 9:30:00 AM - 10:30:00 AM","45285.2083333333","6 %","6.0000","11 %","10.7500","0 %","0.0000","39 %","38.7500","0 %","0.0000","","0.9167","0 %","0.0000","0 %","0.0000","0 %","0.0000","0 %","0.0000","100 %","0000010000"
"12/25/2023 10:30:00 AM - 11:30:00 AM","45285.2500000000","6 %","6.0000","11 %","10.8333","","0.0833","39 %","38.5833","0 %","0.0000","","0.7500","0 %","0.0000","0 %","0.0000","0 %","0.0000","0 %","0.0000","100 %","0000010000"
"12/25/2023 11:30:00 AM - 12:30:00 PM","45285.2916666667","6 %","6.0000","11 %","10.9167","0 %","0.0000","39 %","38.9167","0 %","0.0000","","0.5000","0 %","0.0000","0 %","0.0000","0 %","0.0000","0 %","0.0000","100 %","0000010000"
"12/25/2023 12:30:00 PM - 1:30:00 PM","45285.3333333333","6 %","6.0000","11 %","11.0833","0 %","0.0000","38 %","38.4167","0 %","0.0000","","0.5833","0 %","0.0000","0 %","0.0000","0 %","0.0000","0 %","0.0000","100 %","0000010000"
"12/25/2023 1:30:00 PM - 2:30:00 PM","45285.3750000000","6.08 %","6.0833","11 %","10.9167","","0.0833","39 %","38.8333","0 %","0.0000","","0.6667","0 %","0.0000","0 %","0.0000","0 %","0.0000","0 %","0.0000","100 %","0000010000"
"12/25/2023 2:30:00 PM - 3:30:00 PM","45285.4166666667","6 %","6.0000","11 %","11.3333","0 %","0.0000","38 %","38.5000","0 %","0.0000","","0.7500","0 %","0.0000","0 %","0.0000","0 %","0.0000","0 %","0.0000","100 %","0000010000"
"12/25/2023 3:30:00 PM - 4:30:00 PM","45285.4583333333","6 %","6.0000","11 %","11.1667","0 %","0.0000","38 %","38.5000","0 %","0.0000","","0.6667","0 %","0.0000","0 %","0.0000","0 %","0.0000","0 %","0.0000","100 %","0000010000"
"12/25/2023 4:30:00 PM - 5:30:00 PM","45285.5000000000","6.17 %","6.1667","11 %","11.0833","0 %","0.0000","39 %","39.0000","0 %","0.0000","","0.8333","0 %","0.0000","0 %","0.0000","0 %","0.0000","0 %","0.0000","100 %","0000010000"
"12/25/2023 5:30:00 PM - 6:30:00 PM","45285.5416666667","6 %","6.0000","12 %","11.8333","0 %","0.0000","38 %","37.6667","0 %","0.0000","","0.6667","0 %","0.0000","0 %","0.0000","0 %","0.0000","0 %","0.0000","100 %","0000010000"
"12/25/2023 6:30:00 PM - 7:30:00 PM","45285.5833333333","6 %","6.0000","11 %","11.4167","0 %","0.0000","39 %","38.7500","0 %","0.0000","","0.5833","0 %","0.0000","0 %","0.0000","0 %","0.0000","0 %","0.0000","100 %","0000010000"
"12/25/2023 7:30:00 PM - 8:30:00 PM","45285.6250000000","6.08 %","6.0833","11 %","11.2500","0 %","0.0000","39 %","38.5833","0 %","0.0000","1 %","1.0000","0 %","0.0000","","0.0833","0 %","0.0000","0 %","0.0000","100 %","0000010000"
"12/25/2023 8:30:00 PM - 9:30:00 PM","45285.6666666667","6.17 %","6.1667","11 %","11.0000","0 %","0.0000","39 %","39.1667","0 %","0.0000","","0.8333","0 %","0.0000","0 %","0.0000","0 %","0.0000","0 %","0.0000","100 %","0000010000"
"12/25/2023 9:30:00 PM - 10:30:00 PM","45285.7083333333","6 %","6.0000","12 %","11.5000","0 %","0.0000","38 %","38.2500","0 %","0.0000","","0.8333","0 %","0.0000","0 %","0.0000","0 %","0.0000","0 %","0.0000","100 %","0000010000"
"12/25/2023 10:30:00 PM - 11:30:00 PM","45285.7500000000","6 %","6.0000","11 %","11.1667","","0.0833","38 %","38.5000","0 %","0.0000","","0.5833","0 %","0.0000","0 %","0.0000","0 %","0.0000","0 %","0.0000","100 %","0000010000"
"12/25/2023 11:30:00 PM - 12:30:00 AM","45285.7916666667","6.25 %","6.2500","11 %","11.4167","0 %","0.0000","39 %","38.6667","0 %","0.0000","1 %","1.0000","0 %","0.0000","0 %","0.0000","0 %","0.0000","0 %","0.0000","100 %","0000010000"
"12/26/2023 12:30:00 AM - 1:30:00 AM","45285.8333333333","6 %","6.0000","11 %","11.0000","0 %","0.0000","39 %","38.8333","0 %","0.0000","","0.5000","0 %","0.0000","0 %","0.0000","0 %","0.0000","0 %","0.0000","100 %","0000010000"
"12/26/2023 1:30:00 AM - 2:30:00 AM","45285.8750000000","6.08 %","6.0833","11 %","11.3333","0 %","0.0000","38 %","38.1667","0 %","0.0000","1 %","1.0000","0 %","0.0000","0 %","0.0000","0 %","0.0000","0 %","0.0000","100 %","0000010000"
"12/26/2023 2:30:00 AM - 3:30:00 AM","45285.9166666667","6.08 %","6.0833","12 %","11.6667","0 %","0.0000","38 %","38.1667","0 %","0.0000","","0.8333","0 %","0.0000","0 %","0.0000","0 %","0.0000","0 %","0.0000","100 %","0000010000"
"12/26/2023 3:30:00 AM - 4:30:00 AM","45285.9583333333","6.08 %","6.0833","12 %","12.0000","0 %","0.0000","37 %","37.4167","0 %","0.0000","","0.8333","0 %","0.0000","0 %","0.0000","0 %","0.0000","0 %","0.0000","100 %","0000010000"
"12/26/2023 4:30:00 AM - 5:30:00 AM","45286.0000000000","6.08 %","6.0833","12 %","11.5000","0 %","0.0000","39 %","38.5833","0 %","0.0000","","0.7500","0 %","0.0000","0 %","0.0000","0 %","0.0000","0 %","0.0000","100 %","0000010000"
"12/26/2023 5:30:00 AM - 6:30:00 AM","45286.0416666667","6 %","6.0000","11 %","11.0833","0 %","0.0000","39 %","38.8333","0 %","0.0000","1 %","1.0000","0 %","0.0000","0 %","0.0000","0 %","0.0000","0 %","0.0000","100 %","0000010000"
"12/26/2023 6:30:00 AM - 7:30:00 AM","45286.0833333333","6.25 %","6.2500","11 %","11.3333","0 %","0.0000","39 %","38.9167","0 %","0.0000","1 %","1.0000","0 %","0.0000","0 %","0.0000","0 %","0.0000","0 %","0.0000","100 %","0000010000"
"12/26/2023 7:30:00 AM - 8:30:00 AM","45286.1250000000","6.08 %","6.0833","11 %","10.9167","","0.0833","39 %","39.0833","0 %","0.0000","","0.9167","0 %","0.0000","0 %","0.0000","0 %","0.0000","0 %","0.0000","100 %","0000010000"
"12/26/2023 8:30:00 AM - 9:30:00 AM","45286.1666666667","6.08 %","6.0833","11 %","10.9167","0 %","0.0000","39 %","39.2500","0 %","0.0000","","0.6667","0 %","0.0000","0 %","0.0000","0 %","0.0000","0 %","0.0000","100 %","0000010000"
"12/26/2023 9:30:00 AM - 10:30:00 AM","45286.2083333333","6.33 %","6.3333","11 %","11.3333","","0.0833","39 %","39.1667","0 %","0.0000","","0.8333","0 %","0.0000","","0.0833","0 %","0.0000","0 %","0.0000","100 %","0000010000"
"12/26/2023 10:30:00 AM - 11:30:00 AM","45286.2500000000","6.50 %","6.5000","12 %","12.0000","","0.0833","40 %","39.5833","0 %","0.0000","","0.8333","0 %","0.0000","0 %","0.0000","0 %","0.0000","0 %","0.0000","100 %","0000010000"
"12/26/2023 11:30:00 AM - 12:30:00 PM","45286.2916666667","6.08 %","6.0833","11 %","11.0000","0 %","0.0000","39 %","38.7500","0 %","0.0000","","0.8333","0 %","0.0000","0 %","0.0000","0 %","0.0000","0 %","0.0000","100 %","0000010000"
"12/26/2023 12:30:00 PM - 1:30:00 PM","45286.3333333333","6.42 %","6.4167","11 %","11.4167","0 %","0.0000","39 %","38.7500","0 %","0.0000","1 %","1.0833","0 %","0.0000","0 %","0.0000","0 %","0.0000","0 %","0.0000","100 %","0000010000"
"12/26/2023 1:30:00 PM - 2:30:00 PM","45286.3750000000","6.08 %","6.0833","12 %","11.6667","0 %","0.0000","38 %","37.7500","0 %","0.0000","","0.8333","0 %","0.0000","0 %","0.0000","0 %","0.0000","0 %","0.0000","100 %","0000010000"
"12/26/2023 2:30:00 PM - 3:30:00 PM","45286.4166666667","6.25 %","6.2500","12 %","11.7500","0 %","0.0000","38 %","38.1667","0 %","0.0000","1 %","1.0000","0 %","0.0000","0 %","0.0000","0 %","0.0000","0 %","0.0000","100 %","0000010000"
"12/26/2023 3:30:00 PM - 4:30:00 PM","45286.4583333333","6.33 %","6.3333","12 %","11.6667","","0.0833","38 %","38.5000","0 %","0.0000","1 %","1.0833","0 %","0.0000","0 %","0.0000","0 %","0.0000","0 %","0.0000","100 %","0000010000"
"12/26/2023 4:30:00 PM - 5:30:00 PM","45286.5000000000","6.33 %","6.3333","12 %","11.6667","0 %","0.0000","39 %","39.2500","0 %","0.0000","","0.8333","0 %","0.0000","0 %","0.0000","0 %","0.0000","0 %","0.0000","100 %","0000010000"
"12/26/2023 5:30:00 PM - 6:30:00 PM","45286.5416666667","6.17 %","6.1667","12 %","12.1667","0 %","0.0000","38 %","38.0833","0 %","0.0000","","0.9167","0 %","0.0000","0 %","0.0000","0 %","0.0000","0 %","0.0000","100 %","0000010000"
"12/26/2023 6:30:00 PM - 7:30:00 PM","45286.5833333333","6.33 %","6.3333","12 %","11.5000","","0.1667","39 %","39.0000","0 %","0.0000","","0.8333","0 %","0.0000","0 %","0.0000","0 %","0.0000","0 %","0.0000","100 %","0000010000"
"12/26/2023 7:30:00 PM - 8:30:00 PM","45286.6250000000","6.08 %","6.0833","11 %","11.3333","0 %","0.0000","39 %","39.0000","0 %","0.0000","1 %","1.0000","0 %","0.0000","0 %","0.0000","0 %","0.0000","0 %","0.0000","100 %","0000010000"
"12/26/2023 8:30:00 PM - 9:30:00 PM","45286.6666666667","6.08 %","6.0833","11 %","11.0833","0 %","0.0000","39 %","39.0000","0 %","0.0000","","0.7500","0 %","0.0000","0 %","0.0000","0 %","0.0000","0 %","0.0000","100 %","0000010000"
"12/26/2023 9:30:00 PM - 10:30:00 PM","45286.7083333333","6.25 %","6.2500","11 %","10.6667","","0.0833","39 %","39.2500","0 %","0.0000","1 %","1.0000","0 %","0.0000","0 %","0.0000","0 %","0.0000","0 %","0.0000","100 %","0000010000"
"12/26/2023 10:30:00 PM - 11:30:00 PM","45286.7500000000","6.08 %","6.0833","11 %","10.9167","0 %","0.0000","39 %","38.9167","0 %","0.0000","","0.9167","0 %","0.0000","0 %","0.0000","0 %","0.0000","0 %","0.0000","100 %","0000010000"
"12/26/2023 11:30:00 PM - 12:30:00 AM","45286.7916666667","6.25 %","6.2500","11 %","11.0000","","0.0833","39 %","39.4167","0 %","0.0000","1 %","1.0000","0 %","0.0000","","0.0833","0 %","0.0000","0 %","0.0000","100 %","0000010000"
"12/27/2023 12:30:00 AM - 1:30:00 AM","45286.8333333333","6.25 %","6.2500","11 %","11.0000","0 %","0.0000","39 %","39.0000","0 %","0.0000","","0.8333","0 %","0.0000","0 %","0.0000","0 %","0.0000","0 %","0.0000","100 %","0000010000"
"12/27/2023 1:30:00 AM - 2:30:00 AM","45286.8750000000","6.25 %","6.2500","11 %","11.0833","0 %","0.0000","39 %","39.0833","0 %","0.0000","","0.6667","0 %","0.0000","0 %","0.0000","0 %","0.0000","0 %","0.0000","100 %","0000010000"
"12/27/2023 2:30:00 AM - 3:30:00 AM","45286.9166666667","6.17 %","6.1667","11 %","11.0833","0 %","0.0000","39 %","39.2500","0 %","0.0000","","0.8333","0 %","0.0000","0 %","0.0000","0 %","0.0000","0 %","0.0000","100 %","0000010000"
"12/27/2023 3:30:00 AM - 4:30:00 AM","45286.9583333333","6.08 %","6.0833","12 %","11.5000","0 %","0.0000","38 %","38.5000","","0.0833","","0.8333","0 %","0.0000","0 %","0.0000","0 %","0.0000","0 %","0.0000","100 %","0000010000"
"12/27/2023 4:30:00 AM - 5:30:00 AM","45287.0000000000","6.17 %","6.1667","11 %","11.4167","","0.0833","39 %","38.6667","0 %","0.0000","","0.7500","0 %","0.0000","0 %","0.0000","0 %","0.0000","0 %","0.0000","100 %","0000010000"
"12/27/2023 5:30:00 AM - 6:30:00 AM","45287.0416666667","6.17 %","6.1667","11 %","11.2500","","0.0833","39 %","38.6667","0 %","0.0000","","0.8333","0 %","0.0000","0 %","0.0000","0 %","0.0000","0 %","0.0000","100 %","0000010000"
"12/27/2023 6:30:00 AM - 7:30:00 AM","45287.0833333333","6.33 %","6.3333","12 %","11.8333","0 %","0.0000","38 %","38.4167","0 %","0.0000","","0.9167","0 %","0.0000","0 %","0.0000","0 %","0.0000","0 %","0.0000","100 %","0000010000"
"12/27/2023 7:30:00 AM - 8:30:00 AM","45287.1250000000","6.25 %","6.2500","11 %","10.8333","","0.0833","39 %","39.3333","0 %","0.0000","","0.7500","0 %","0.0000","0 %","0.0000","0 %","0.0000","0 %","0.0000","100 %","0000010000"
"12/27/2023 8:30:00 AM - 9:30:00 AM","45287.1666666667","6.17 %","6.1667","11 %","11.4167","0 %","0.0000","39 %","38.8333","0 %","0.0000","","0.7500","0 %","0.0000","0 %","0.0000","0 %","0.0000","0 %","0.0000","100 %","0000010000"
"12/27/2023 9:30:00 AM - 10:30:00 AM","45287.2083333333","6.08 %","6.0833","12 %","11.5833","0 %","0.0000","38 %","38.5000","0 %","0.0000","","0.6667","0 %","0.0000","0 %","0.0000","0 %","0.0000","0 %","0.0000","100 %","0000010000"
"12/27/2023 10:30:00 AM - 11:30:00 AM","45287.2500000000","6.33 %","6.3333","12 %","11.6667","0 %","0.0000","39 %","38.9167","0 %","0.0000","1 %","1.0000","0 %","0.0000","0 %","0.0000","0 %","0.0000","0 %","0.0000","100 %","0000010000"
"12/27/2023 11:30:00 AM - 12:30:00 PM","45287.2916666667","6.25 %","6.2500","12 %","11.6667","","0.0833","38 %","38.1667","","0.0833","1 %","1.0000","0 %","0.0000","","0.0833","0 %","0.0000","0 %","0.0000","100 %","0000010000"
"12/27/2023 12:30:00 PM - 1:30:00 PM","45287.3333333333","6.25 %","6.2500","12 %","11.5000","0 %","0.0000","39 %","38.7500","0 %","0.0000","","0.7500","0 %","0.0000","0 %","0.0000","0 %","0.0000","0 %","0.0000","100 %","0000010000"
"12/27/2023 1:30:00 PM - 2:30:00 PM","45287.3750000000","6.25 %","6.2500","12 %","11.7500","","0.0833","38 %","38.5000","0 %","0.0000","1 %","1.0000","0 %","0.0000","0 %","0.0000","0 %","0.0000","0 %","0.0000","100 %","0000010000"
"12/27/2023 2:30:00 PM - 3:30:00 PM","45287.4166666667","6.33 %","6.3333","11 %","11.2500","0 %","0.0000","39 %","39.0000","0 %","0.0000","","0.9167","0 %","0.0000","0 %","0.0000","0 %","0.0000","0 %","0.0000","100 %","0000010000"
"12/27/2023 3:30:00 PM - 4:30:00 PM","45287.4583333333","6.17 %","6.1667","12 %","11.6667","","0.0833","38 %","38.4167","0 %","0.0000","","0.9167","0 %","0.0000","0 %","0.0000","0 %","0.0000","0 %","0.0000","100 %","0000010000"
"12/27/2023 4:30:00 PM - 5:30:00 PM","45287.5000000000","6.25 %","6.2500","11 %","11.3333","0 %","0.0000","39 %","38.7500","0 %","0.0000","","0.9167","0 %","0.0000","0 %","0.0000","0 %","0.0000","0 %","0.0000","100 %","0000010000"
"12/27/2023 5:30:00 PM - 6:30:00 PM","45287.5416666667","6.08 %","6.0833","11 %","11.0833","0 %","0.0000","39 %","38.8333","0 %","0.0000","1 %","1.0000","0 %","0.0000","0 %","0.0000","0 %","0.0000","0 %","0.0000","100 %","0000010000"
"12/27/2023 6:30:00 PM - 7:30:00 PM","45287.5833333333","6.25 %","6.2500","11 %","11.1667","0 %","0.0000","39 %","38.7500","0 %","0.0000","","0.9167","0 %","0.0000","0 %","0.0000","0 %","0.0000","0 %","0.0000","100 %","0000010000"
"12/27/2023 7:30:00 PM - 8:30:00 PM","45287.6250000000","6.17 %","6.1667","12 %","12.0833","0 %","0.0000","39 %","38.5833","0 %","0.0000","1 %","1.0000","0 %","0.0000","0 %","0.0000","0 %","0.0000","0 %","0.0000","100 %","0000010000"
"12/27/2023 8:30:00 PM - 9:30:00 PM","45287.6666666667","6.17 %","6.1667","11 %","11.4167","0 %","0.0000","38 %","38.5000","0 %","0.0000","","0.8333","0 %","0.0000","0 %","0.0000","0 %","0.0000","0 %","0.0000","100 %","0000010000"
"12/27/2023 9:30:00 PM - 10:30:00 PM","45287.7083333333","6 %","6.0000","12 %","11.5000","0 %","0.0000","38 %","38.4167","0 %","0.0000","","0.7500","0 %","0.0000","0 %","0.0000","0 %","0.0000","0 %","0.0000","100 %","0000010000"
"12/27/2023 10:30:00 PM - 11:30:00 PM","45287.7500000000","6.33 %","6.3333","12 %","11.5000","0 %","0.0000","39 %","39.2500","0 %","0.0000","","0.8333","0 %","0.0000","0 %","0.0000","0 %","0.0000","0 %","0.0000","100 %","0000010000"
"12/27/2023 11:30:00 PM - 12:30:00 AM","45287.7916666667","6.25 %","6.2500","11 %","11.3333","","0.0833","39 %","39.4167","0 %","0.0000","","0.9167","0 %","0.0000","","0.0833","0 %","0.0000","0 %","0.0000","100 %","0000010000"
"12/28/2023 12:30:00 AM - 1:30:00 AM","45287.8333333333","6.08 %","6.0833","12 %","11.6667","0 %","0.0000","38 %","38.3333","0 %","0.0000","","0.9167","0 %","0.0000","0 %","0.0000","0 %","0.0000","0 %","0.0000","100 %","0000010000"
"12/28/2023 1:30:00 AM - 2:30:00 AM","45287.8750000000","6 %","6.0000","11 %","11.2500","0 %","0.0000","39 %","38.6667","0 %","0.0000","1 %","1.0000","0 %","0.0000","0 %","0.0000","0 %","0.0000","0 %","0.0000","100 %","0000010000"
"12/28/2023 2:30:00 AM - 3:30:00 AM","45287.9166666667","6 %","6.0000","12 %","11.6667","0 %","0.0000","38 %","37.7500","0 %","0.0000","","0.9167","0 %","0.0000","0 %","0.0000","0 %","0.0000","0 %","0.0000","100 %","0000010000"
"12/28/2023 3:30:00 AM - 4:30:00 AM","45287.9583333333","6.08 %","6.0833","11 %","11.2500","0 %","0.0000","38 %","38.1667","0 %","0.0000","","0.8333","0 %","0.0000","0 %","0.0000","0 %","0.0000","0 %","0.0000","100 %","0000010000"
"12/28/2023 4:30:00 AM - 5:30:00 AM","45288.0000000000","6 %","6.0000","11 %","11.0833","0 %","0.0000","39 %","38.9167","0 %","0.0000","","0.9167","0 %","0.0000","0 %","0.0000","0 %","0.0000","0 %","0.0000","100 %","0000010000"
"12/28/2023 5:30:00 AM - 6:30:00 AM","45288.0416666667","6 %","6.0000","11 %","10.6667","0 %","0.0000","39 %","38.7500","0 %","0.0000","","0.9167","0 %","0.0000","0 %","0.0000","0 %","0.0000","0 %","0.0000","100 %","0000010000"
"12/28/2023 6:30:00 AM - 7:30:00 AM","45288.0833333333","6.08 %","6.0833","12 %","11.9167","0 %","0.0000","38 %","38.0833","0 %","0.0000","1 %","1.0000","0 %","0.0000","0 %","0.0000","0 %","0.0000","0 %","0.0000","100 %","0000010000"
"12/28/2023 7:30:00 AM - 8:30:00 AM","45288.1250000000","6.08 %","6.0833","11 %","11.4167","0 %","0.0000","39 %","38.5833","","0.0833","1 %","1.0000","0 %","0.0000","0 %","0.0000","0 %","0.0000","0 %","0.0000","100 %","0000010000"
"12/28/2023 8:30:00 AM - 9:30:00 AM","45288.1666666667","6.17 %","6.1667","11 %","11.1667","0 %","0.0000","39 %","38.8333","0 %","0.0000","1 %","1.0000","0 %","0.0000","0 %","0.0000","0 %","0.0000","0 %","0.0000","100 %","0000010000"
"12/28/2023 9:30:00 AM - 10:30:00 AM","45288.2083333333","6 %","6.0000","11 %","11.3333","0 %","0.0000","39 %","38.6667","0 %","0.0000","1 %","1.0000","0 %","0.0000","0 %","0.0000","0 %","0.0000","0 %","0.0000","100 %","0000010000"
"12/28/2023 10:30:00 AM - 11:30:00 AM","45288.2500000000","6.25 %","6.2500","12 %","12.1667","0 %","0.0000","38 %","38.4167","0 %","0.0000","","0.9167","0 %","0.0000","0 %","0.0000","0 %","0.0000","0 %","0.0000","100 %","0000010000"
"12/28/2023 11:30:00 AM - 12:30:00 PM","45288.2916666667","6.42 %","6.4167","12 %","12.0000","0 %","0.0000","39 %","38.6667","0 %","0.0000","","0.9167","0 %","0.0000","0 %","0.0000","0 %","0.0000","0 %","0.0000","100 %","0000010000"
"12/28/2023 12:30:00 PM - 1:30:00 PM","45288.3333333333","6.08 %","6.0833","12 %","11.5833","0 %","0.0000","39 %","38.6667","0 %","0.0000","","0.9167","0 %","0.0000","0 %","0.0000","0 %","0.0000","0 %","0.0000","100 %","0000010000"
"12/28/2023 1:30:00 PM - 2:30:00 PM","45288.3750000000","6.08 %","6.0833","12 %","11.7500","","0.0833","36 %","36.3333","0 %","0.0000","1 %","1.2500","0 %","0.0000","","0.0833","0 %","0.0000","0 %","0.0000","100 %","0000010000"
"12/28/2023 2:30:00 PM - 3:30:00 PM","45288.4166666667","6.50 %","6.5000","12 %","11.9167","0 %","0.0000","39 %","39.4167","0 %","0.0000","1 %","1.1667","0 %","0.0000","0 %","0.0000","0 %","0.0000","0 %","0.0000","100 %","0000010000"
"12/28/2023 3:30:00 PM - 4:30:00 PM","45288.4583333333","6.17 %","6.1667","11 %","11.3333","0 %","0.0000","39 %","39.1667","0 %","0.0000","1 %","1.0833","0 %","0.0000","0 %","0.0000","0 %","0.0000","0 %","0.0000","100 %","0000010000"
"12/28/2023 4:30:00 PM - 5:30:00 PM","45288.5000000000","6.50 %","6.5000","12 %","12.1667","0 %","0.0000","39 %","39.2500","","0.1667","1 %","1.0000","0 %","0.0000","0 %","0.0000","0 %","0.0000","0 %","0.0000","100 %","0000010000"
"12/28/2023 5:30:00 PM - 6:30:00 PM","45288.5416666667","6.50 %","6.5000","12 %","11.7500","","0.0833","39 %","39.0833","0 %","0.0000","1 %","1.0833","0 %","0.0000","0 %","0.0000","0 %","0.0000","0 %","0.0000","100 %","0000010000"
"12/28/2023 6:30:00 PM - 7:30:00 PM","45288.5833333333","6.17 %","6.1667","11 %","11.2500","0 %","0.0000","39 %","38.9167","0 %","0.0000","1 %","1.0833","0 %","0.0000","","0.0833","0 %","0.0000","0 %","0.0000","100 %","0000010000"
"12/28/2023 7:30:00 PM - 8:30:00 PM","45288.6250000000","6.25 %","6.2500","12 %","11.5833","0 %","0.0000","39 %","39.3333","0 %","0.0000","1 %","1.1667","0 %","0.0000","0 %","0.0000","0 %","0.0000","0 %","0.0000","100 %","0000010000"
"12/28/2023 8:30:00 PM - 9:30:00 PM","45288.6666666667","6.25 %","6.2500","11 %","11.2500","0 %","0.0000","39 %","39.1667","0 %","0.0000","1 %","1.0000","0 %","0.0000","0 %","0.0000","0 %","0.0000","0 %","0.0000","100 %","0000010000"
"12/28/2023 9:30:00 PM - 10:30:00 PM","45288.7083333333","6.33 %","6.3333","11 %","11.0833","0 %","0.0000","39 %","39.3333","0 %","0.0000","1 %","1.0833","0 %","0.0000","0 %","0.0000","0 %","0.0000","0 %","0.0000","100 %","0000010000"
"12/28/2023 10:30:00 PM - 11:30:00 PM","45288.7500000000","6.17 %","6.1667","11 %","11.1667","0 %","0.0000","39 %","39.0000","0 %","0.0000","1 %","1.0000","0 %","0.0000","0 %","0.0000","0 %","0.0000","0 %","0.0000","100 %","0000010000"
"12/28/2023 11:30:00 PM - 12:30:00 AM","45288.7916666667","6.17 %","6.1667","11 %","11.2500","0 %","0.0000","38 %","38.2500","0 %","0.0000","","0.9167","0 %","0.0000","","0.0833","0 %","0.0000","0 %","0.0000","100 %","0000010000"
"12/29/2023 12:30:00 AM - 1:30:00 AM","45288.8333333333","6 %","6.0000","11 %","10.5833","0 %","0.0000","39 %","38.9167","0 %","0.0000","","0.5833","0 %","0.0000","0 %","0.0000","0 %","0.0000","0 %","0.0000","100 %","0000010000"
"12/29/2023 1:30:00 AM - 2:30:00 AM","45288.8750000000","6.08 %","6.0833","12 %","11.5833","0 %","0.0000","38 %","37.6667","0 %","0.0000","","0.8333","0 %","0.0000","0 %","0.0000","0 %","0.0000","0 %","0.0000","100 %","0000010000"
"12/29/2023 2:30:00 AM - 3:30:00 AM","45288.9166666667","6.08 %","6.0833","11 %","11.2500","0 %","0.0000","38 %","37.8333","0 %","0.0000","","0.7500","0 %","0.0000","0 %","0.0000","0 %","0.0000","0 %","0.0000","100 %","0000010000"
"12/29/2023 3:30:00 AM - 4:30:00 AM","45288.9583333333","6.08 %","6.0833","11 %","11.1667","0 %","0.0000","38 %","38.4167","0 %","0.0000","","0.7500","0 %","0.0000","0 %","0.0000","0 %","0.0000","0 %","0.0000","100 %","0000010000"
"12/29/2023 4:30:00 AM - 5:30:00 AM","45289.0000000000","6 %","6.0000","11 %","10.8333","0 %","0.0000","38 %","37.5000","0 %","0.0000","","0.6667","0 %","0.0000","0 %","0.0000","0 %","0.0000","0 %","0.0000","100 %","0000010000"
"12/29/2023 5:30:00 AM - 6:30:00 AM","45289.0416666667","6 %","6.0000","11 %","10.8333","0 %","0.0000","38 %","38.4167","0 %","0.0000","","0.5000","0 %","0.0000","0 %","0.0000","0 %","0.0000","0 %","0.0000","100 %","0000010000"
"12/29/2023 6:30:00 AM - 7:30:00 AM","45289.0833333333","5.92 %","5.9167","11 %","10.9167","0 %","0.0000","38 %","38.0833","0 %","0.0000","","0.7500","0 %","0.0000","0 %","0.0000","0 %","0.0000","0 %","0.0000","100 %","0000010000"
"12/29/2023 7:30:00 AM - 8:30:00 AM","45289.1250000000","6.08 %","6.0833","10 %","10.0833","0 %","0.0000","39 %","38.8333","0 %","0.0000","","0.5833","0 %","0.0000","0 %","0.0000","0 %","0.0000","0 %","0.0000","100 %","0000010000"
"12/29/2023 8:30:00 AM - 9:30:00 AM","45289.1666666667","6 %","6.0000","10 %","10.3333","0 %","0.0000","39 %","38.9167","0 %","0.0000","","0.7500","0 %","0.0000","0 %","0.0000","0 %","0.0000","0 %","0.0000","100 %","0000010000"
"12/29/2023 9:30:00 AM - 10:30:00 AM","45289.2083333333","6.25 %","6.2500","11 %","10.8333","0 %","0.0000","39 %","39.2500","0 %","0.0000","","0.7500","0 %","0.0000","0 %","0.0000","0 %","0.0000","0 %","0.0000","100 %","0000010000"
"12/29/2023 10:30:00 AM - 11:30:00 AM","45289.2500000000","5.92 %","5.9167","9 %","9.2500","0 %","0.0000","39 %","39.4167","0 %","0.0000","","0.4167","0 %","0.0000","0 %","0.0000","0 %","0.0000","0 %","0.0000","100 %","0000010000"
"12/29/2023 11:30:00 AM - 12:30:00 PM","45289.2916666667","6 %","6.0000","10 %","9.9167","","0.1667","40 %","39.5833","0 %","0.0000","","0.5833","0 %","0.0000","0 %","0.0000","0 %","0.0000","0 %","0.0000","100 %","0000010000"
"12/29/2023 12:30:00 PM - 1:30:00 PM","45289.3333333333","5.58 %","5.5833","9 %","9.1667","0 %","0.0000","37 %","37.0833","0 %","0.0000","","0.6667","0 %","0.0000","0 %","0.0000","0 %","0.0000","0 %","0.0000","100 %","0000010000"
"12/29/2023 1:30:00 PM - 2:30:00 PM","45289.3750000000","6 %","6.0000","9 %","8.9167","","0.0833","40 %","39.6667","0 %","0.0000","","0.5833","0 %","0.0000","0 %","0.0000","0 %","0.0000","0 %","0.0000","100 %","0000010000"
"12/29/2023 2:30:00 PM - 3:30:00 PM","45289.4166666667","6.17 %","6.1667","11 %","10.7500","","0.0833","40 %","39.5000","0 %","0.0000","1 %","1.0000","0 %","0.0000","0 %","0.0000","0 %","0.0000","0 %","0.0000","100 %","0000010000"
"12/29/2023 3:30:00 PM - 4:30:00 PM","45289.4583333333","6.33 %","6.3333","12 %","11.5000","","0.2500","38 %","38.4167","","0.0833","1 %","1.1667","0 %","0.0000","","0.0833","0 %","0.0000","0 %","0.0000","100 %","0000010000"
"12/29/2023 4:30:00 PM - 5:30:00 PM","45289.5000000000","6.25 %","6.2500","11 %","11.3333","0 %","0.0000","39 %","38.8333","0 %","0.0000","1 %","1.0000","0 %","0.0000","0 %","0.0000","0 %","0.0000","0 %","0.0000","100 %","0000010000"
"12/29/2023 5:30:00 PM - 6:30:00 PM","45289.5416666667","6.17 %","6.1667","11 %","11.0000","0 %","0.0000","39 %","38.9167","0 %","0.0000","1 %","1.0000","0 %","0.0000","0 %","0.0000","0 %","0.0000","0 %","0.0000","100 %","0000010000"
"12/29/2023 6:30:00 PM - 7:30:00 PM","45289.5833333333","6.17 %","6.1667","11 %","11.0833","0 %","0.0000","39 %","38.7500","0 %","0.0000","","0.8333","0 %","0.0000","0 %","0.0000","0 %","0.0000","0 %","0.0000","100 %","0000010000"
"12/29/2023 7:30:00 PM - 8:30:00 PM","45289.6250000000","6.08 %","6.0833","11 %","11.0000","0 %","0.0000","39 %","38.9167","0 %","0.0000","","0.7500","0 %","0.0000","0 %","0.0000","0 %","0.0000","0 %","0.0000","100 %","0000010000"
"12/29/2023 8:30:00 PM - 9:30:00 PM","45289.6666666667","6.17 %","6.1667","10 %","10.5000","0 %","0.0000","40 %","39.7500","0 %","0.0000","","0.8333","0 %","0.0000","0 %","0.0000","0 %","0.0000","0 %","0.0000","100 %","0000010000"
"12/29/2023 9:30:00 PM - 10:30:00 PM","45289.7083333333","6.25 %","6.2500","10 %","10.3333","0 %","0.0000","40 %","39.9167","0 %","0.0000","","0.7500","0 %","0.0000","0 %","0.0000","0 %","0.0000","0 %","0.0000","100 %","0000010000"
"12/29/2023 10:30:00 PM - 11:30:00 PM","45289.7500000000","6.25 %","6.2500","10 %","10.4167","0 %","0.0000","40 %","39.7500","0 %","0.0000","","0.8333","0 %","0.0000","0 %","0.0000","0 %","0.0000","0 %","0.0000","100 %","0000010000"
"12/29/2023 11:30:00 PM - 12:30:00 AM","45289.7916666667","6.17 %","6.1667","10 %","10.4167","","0.0833","39 %","39.0000","0 %","0.0000","","0.8333","0 %","0.0000","","0.0833","0 %","0.0000","0 %","0.0000","100 %","0000010000"
"12/30/2023 12:30:00 AM - 1:30:00 AM","45289.8333333333","6.08 %","6.0833","10 %","10.2500","0 %","0.0000","39 %","39.1667","0 %","0.0000","","0.7500","0 %","0.0000","0 %","0.0000","0 %","0.0000","0 %","0.0000","100 %","0000010000"
"12/30/2023 1:30:00 AM - 2:30:00 AM","45289.8750000000","6.33 %","6.3333","10 %","10.2500","0 %","0.0000","39 %","39.3333","0 %","0.0000","","0.8333","0 %","0.0000","0 %","0.0000","0 %","0.0000","0 %","0.0000","100 %","0000010000"
"12/30/2023 2:30:00 AM - 3:30:00 AM","45289.9166666667","6 %","6.0000","10 %","10.4167","0 %","0.0000","39 %","38.9167","0 %","0.0000","","0.7500","0 %","0.0000","0 %","0.0000","0 %","0.0000","0 %","0.0000","100 %","0000010000"
"12/30/2023 3:30:00 AM - 4:30:00 AM","45289.9583333333","6 %","6.0000","10 %","10.0833","","0.1667","39 %","39.3333","0 %","0.0000","","0.5000","0 %","0.0000","0 %","0.0000","0 %","0.0000","0 %","0.0000","100 %","0000010000"
"12/30/2023 4:30:00 AM - 5:30:00 AM","45290.0000000000","6.08 %","6.0833","10 %","10.0833","","0.0833","39 %","39.3333","0 %","0.0000","","0.6667","0 %","0.0000","0 %","0.0000","0 %","0.0000","0 %","0.0000","100 %","0000010000"
"12/30/2023 5:30:00 AM - 6:30:00 AM","45290.0416666667","6.25 %","6.2500","10 %","10.5000","","0.2500","39 %","38.8333","0 %","0.0000","","0.6667","0 %","0.0000","0 %","0.0000","0 %","0.0000","0 %","0.0000","100 %","0000010000"
"12/30/2023 6:30:00 AM - 7:30:00 AM","45290.0833333333","6.25 %","6.2500","11 %","11.3333","","0.0833","38 %","38.4167","0 %","0.0000","","0.8333","0 %","0.0000","0 %","0.0000","0 %","0.0000","0 %","0.0000","100 %","0000010000"
"12/30/2023 7:30:00 AM - 8:30:00 AM","45290.1250000000","6.08 %","6.0833","10 %","9.9167","","0.0833","39 %","39.3333","0 %","0.0000","","0.5000","0 %","0.0000","0 %","0.0000","0 %","0.0000","0 %","0.0000","100 %","0000010000"
"12/30/2023 8:30:00 AM - 9:30:00 AM","45290.1666666667","6.25 %","6.2500","10 %","10.5000","","0.0833","39 %","39.3333","0 %","0.0000","","0.6667","0 %","0.0000","0 %","0.0000","0 %","0.0000","0 %","0.0000","100 %","0000010000"
"12/30/2023 9:30:00 AM - 10:30:00 AM","45290.2083333333","6.08 %","6.0833","11 %","11.0833","0 %","0.0000","39 %","38.5833","0 %","0.0000","","0.8333","0 %","0.0000","0 %","0.0000","0 %","0.0000","0 %","0.0000","100 %","0000010000"
"12/30/2023 10:30:00 AM - 11:30:00 AM","45290.2500000000","6.08 %","6.0833","10 %","10.0833","0 %","0.0000","40 %","39.5000","0 %","0.0000","","0.8333","0 %","0.0000","0 %","0.0000","0 %","0.0000","0 %","0.0000","100 %","0000010000"
"12/30/2023 11:30:00 AM - 12:30:00 PM","45290.2916666667","6.25 %","6.2500","10 %","10.1667","","0.0833","40 %","39.5833","0 %","0.0000","","0.8333","0 %","0.0000","0 %","0.0000","0 %","0.0000","0 %","0.0000","100 %","0000010000"
"12/30/2023 12:30:00 PM - 1:30:00 PM","45290.3333333333","6.17 %","6.1667","10 %","10.4167","","0.1667","39 %","39.3333","0 %","0.0000","","0.5833","0 %","0.0000","0 %","0.0000","0 %","0.0000","0 %","0.0000","100 %","0000010000"
"12/30/2023 1:30:00 PM - 2:30:00 PM","45290.3750000000","6.17 %","6.1667","10 %","10.2500","0 %","0.0000","39 %","39.4167","0 %","0.0000","","0.8333","0 %","0.0000","0 %","0.0000","0 %","0.0000","0 %","0.0000","100 %","0000010000"
"12/30/2023 2:30:00 PM - 3:30:00 PM","45290.4166666667","6.17 %","6.1667","11 %","10.7500","0 %","0.0000","39 %","39.3333","0 %","0.0000","","0.5833","0 %","0.0000","0 %","0.0000","0 %","0.0000","0 %","0.0000","100 %","0000010000"
"12/30/2023 3:30:00 PM - 4:30:00 PM","45290.4583333333","6.17 %","6.1667","11 %","11.0000","0 %","0.0000","39 %","38.8333","0 %","0.0000","","0.7500","0 %","0.0000","0 %","0.0000","0 %","0.0000","0 %","0.0000","100 %","0000010000"
"12/30/2023 4:30:00 PM - 5:30:00 PM","45290.5000000000","6.17 %","6.1667","11 %","10.7500","","0.0833","39 %","39.0000","0 %","0.0000","","0.6667","0 %","0.0000","0 %","0.0000","0 %","0.0000","0 %","0.0000","100 %","0000010000"
"12/30/2023 5:30:00 PM - 6:30:00 PM","45290.5416666667","6.08 %","6.0833","11 %","10.6667","","0.0833","39 %","38.7500","0 %","0.0000","","0.9167","0 %","0.0000","","0.0833","0 %","0.0000","0 %","0.0000","100 %","0000010000"
"12/30/2023 6:30:00 PM - 7:30:00 PM","45290.5833333333","6.25 %","6.2500","11 %","11.0000","","0.0833","39 %","38.9167","0 %","0.0000","1 %","1.0000","0 %","0.0000","0 %","0.0000","0 %","0.0000","0 %","0.0000","100 %","0000010000"
"12/30/2023 7:30:00 PM - 8:30:00 PM","45290.6250000000","6.17 %","6.1667","11 %","11.2500","0 %","0.0000","39 %","38.5833","0 %","0.0000","","0.7500","0 %","0.0000","0 %","0.0000","0 %","0.0000","0 %","0.0000","100 %","0000010000"
"12/30/2023 8:30:00 PM - 9:30:00 PM","45290.6666666667","6.25 %","6.2500","11 %","10.8333","","0.0833","39 %","38.8333","0 %","0.0000","","0.6667","0 %","0.0000","0 %","0.0000","0 %","0.0000","0 %","0.0000","100 %","0000010000"
"12/30/2023 9:30:00 PM - 10:30:00 PM","45290.7083333333","6.08 %","6.0833","10 %","10.3333","","0.0833","39 %","39.4167","0 %","0.0000","","0.6667","0 %","0.0000","0 %","0.0000","0 %","0.0000","0 %","0.0000","100 %","0000010000"
"12/30/2023 10:30:00 PM - 11:30:00 PM","45290.7500000000","6.25 %","6.2500","11 %","10.7500","","0.0833","39 %","39.0000","0 %","0.0000","","0.7500","0 %","0.0000","0 %","0.0000","0 %","0.0000","0 %","0.0000","100 %","0000010000"
"12/30/2023 11:30:00 PM - 12:30:00 AM","45290.7916666667","6.25 %","6.2500","11 %","10.7500","","0.1667","39 %","39.1667","0 %","0.0000","","0.6667","0 %","0.0000","","0.0833","0 %","0.0000","0 %","0.0000","100 %","0000010000"
"12/31/2023 12:30:00 AM - 1:30:00 AM","45290.8333333333","6.25 %","6.2500","10 %","10.5000","0 %","0.0000","40 %","39.5000","0 %","0.0000","","0.6667","0 %","0.0000","0 %","0.0000","0 %","0.0000","0 %","0.0000","100 %","0000010000"
"12/31/2023 1:30:00 AM - 2:30:00 AM","45290.8750000000","6.08 %","6.0833","11 %","10.9167","0 %","0.0000","39 %","38.7500","0 %","0.0000","","0.8333","0 %","0.0000","0 %","0.0000","0 %","0.0000","0 %","0.0000","100 %","0000010000"
"12/31/2023 2:30:00 AM - 3:30:00 AM","45290.9166666667","6.08 %","6.0833","11 %","10.9167","0 %","0.0000","39 %","38.7500","0 %","0.0000","","0.6667","0 %","0.0000","0 %","0.0000","0 %","0.0000","0 %","0.0000","100 %","0000010000"
"12/31/2023 3:30:00 AM - 4:30:00 AM","45290.9583333333","6.08 %","6.0833","11 %","10.9167","0 %","0.0000","39 %","39.2500","0 %","0.0000","","0.5833","0 %","0.0000","0 %","0.0000","0 %","0.0000","0 %","0.0000","100 %","0000010000"
"12/31/2023 4:30:00 AM - 5:30:00 AM","45291.0000000000","6.08 %","6.0833","11 %","10.9167","","0.0833","39 %","38.7500","0 %","0.0000","","0.7500","0 %","0.0000","0 %","0.0000","0 %","0.0000","0 %","0.0000","100 %","0000010000"
"12/31/2023 5:30:00 AM - 6:30:00 AM","45291.0416666667","6.08 %","6.0833","11 %","11.4167","","0.0833","38 %","38.1667","0 %","0.0000","","0.6667","0 %","0.0000","0 %","0.0000","0 %","0.0000","0 %","0.0000","100 %","0000010000"
"12/31/2023 6:30:00 AM - 7:30:00 AM","45291.0833333333","6.08 %","6.0833","11 %","10.9167","","0.1667","39 %","39.0833","0 %","0.0000","","0.8333","0 %","0.0000","0 %","0.0000","0 %","0.0000","0 %","0.0000","100 %","0000010000"
"12/31/2023 7:30:00 AM - 8:30:00 AM","45291.1250000000","6.17 %","6.1667","11 %","10.7500","","0.0833","39 %","39.3333","0 %","0.0000","","0.6667","0 %","0.0000","0 %","0.0000","0 %","0.0000","0 %","0.0000","100 %","0000010000"
"12/31/2023 8:30:00 AM - 9:30:00 AM","45291.1666666667","6.08 %","6.0833","11 %","10.7500","0 %","0.0000","39 %","39.0833","0 %","0.0000","","0.7500","0 %","0.0000","0 %","0.0000","0 %","0.0000","0 %","0.0000","100 %","0000010000"
"12/31/2023 9:30:00 AM - 10:30:00 AM","45291.2083333333","6.08 %","6.0833","11 %","10.7500","0 %","0.0000","38 %","38.4167","0 %","0.0000","","0.8333","0 %","0.0000","0 %","0.0000","0 %","0.0000","0 %","0.0000","100 %","0000010000"
"12/31/2023 10:30:00 AM - 11:30:00 AM","45291.2500000000","6.17 %","6.1667","11 %","10.5833","0 %","0.0000","39 %","39.2500","0 %","0.0000","","0.9167","0 %","0.0000","0 %","0.0000","0 %","0.0000","0 %","0.0000","100 %","0000010000"
"12/31/2023 11:30:00 AM - 12:30:00 PM","45291.2916666667","6.08 %","6.0833","11 %","10.8333","","0.0833","39 %","38.7500","0 %","0.0000","","0.7500","0 %","0.0000","0 %","0.0000","0 %","0.0000","0 %","0.0000","100 %","0000010000"
"12/31/2023 12:30:00 PM - 1:30:00 PM","45291.3333333333","6 %","6.0000","11 %","11.4167","0 %","0.0000","38 %","37.7500","0 %","0.0000","","0.7500","0 %","0.0000","0 %","0.0000","0 %","0.0000","0 %","0.0000","100 %","0000010000"
"12/31/2023 1:30:00 PM - 2:30:00 PM","45291.3750000000","6 %","6.0000","11 %","10.6667","0 %","0.0000","39 %","38.5833","0 %","0.0000","","0.6667","0 %","0.0000","0 %","0.0000","0 %","0.0000","0 %","0.0000","100 %","0000010000"
"12/31/2023 2:30:00 PM - 3:30:00 PM","45291.4166666667","6.08 %","6.0833","11 %","10.6667","0 %","0.0000","38 %","38.3333","0 %","0.0000","","0.6667","0 %","0.0000","0 %","0.0000","0 %","0.0000","0 %","0.0000","100 %","0000010000"
"12/31/2023 3:30:00 PM - 4:30:00 PM","45291.4583333333","6 %","6.0000","11 %","11.0000","0 %","0.0000","38 %","38.0833","0 %","0.0000","","0.7500","0 %","0.0000","0 %","0.0000","0 %","0.0000","0 %","0.0000","100 %","0000010000"
"12/31/2023 4:30:00 PM - 5:30:00 PM","45291.5000000000","6.17 %","6.1667","11 %","10.7500","0 %","0.0000","39 %","39.0000","0 %","0.0000","1 %","1.0000","0 %","0.0000","0 %","0.0000","0 %","0.0000","0 %","0.0000","100 %","0000010000"
"12/31/2023 5:30:00 PM - 6:30:00 PM","45291.5416666667","6.25 %","6.2500","11 %","11.2500","","0.1667","39 %","39.2500","0 %","0.0000","","0.7500","0 %","0.0000","0 %","0.0000","0 %","0.0000","0 %","0.0000","100 %","0000010000"
"12/31/2023 6:30:00 PM - 7:30:00 PM","45291.5833333333","6.17 %","6.1667","12 %","11.5833","0 %","0.0000","38 %","38.2500","0 %","0.0000","","0.6667","0 %","0.0000","0 %","0.0000","0 %","0.0000","0 %","0.0000","100 %","0000010000"
"12/31/2023 7:30:00 PM - 8:30:00 PM","45291.6250000000","6.50 %","6.5000","12 %","12.3333","","0.1667","38 %","38.5000","","0.0833","1 %","1.2500","0 %","0.0000","","0.0833","0 %","0.0000","0 %","0.0000","100 %","0000010000"
"12/31/2023 8:30:00 PM - 9:30:00 PM","45291.6666666667","6.08 %","6.0833","12 %","11.6667","0 %","0.0000","39 %","38.5833","0 %","0.0000","","0.6667","0 %","0.0000","0 %","0.0000","0 %","0.0000","0 %","0.0000","100 %","0000010000"
"12/31/2023 9:30:00 PM - 10:30:00 PM","45291.7083333333","6.08 %","6.0833","12 %","11.8333","","0.1667","38 %","37.9167","0 %","0.0000","","0.8333","0 %","0.0000","0 %","0.0000","0 %","0.0000","0 %","0.0000","100 %","0000010000"
"12/31/2023 10:30:00 PM - 11:30:00 PM","45291.7500000000","6.33 %","6.3333","12 %","11.5000","","0.0833","39 %","38.6667","0 %","0.0000","","0.9167","0 %","0.0000","0 %","0.0000","0 %","0.0000","0 %","0.0000","100 %","0000010000"
"12/31/2023 11:30:00 PM - 12:30:00 AM","45291.7916666667","6.17 %","6.1667","11 %","10.9167","","0.1667","39 %","38.6667","0 %","0.0000","","0.9167","0 %","0.0000","","0.0833","0 %","0.0000","0 %","0.0000","100 %","0000010000"
"1/1/2024 12:30:00 AM - 1:30:00 AM","45291.8333333333","6.08 %","6.0833","11 %","11.4167","0 %","0.0000","38 %","38.4167","0 %","0.0000","","0.9167","0 %","0.0000","0 %","0.0000","0 %","0.0000","0 %","0.0000","100 %","0000010000"
"1/1/2024 1:30:00 AM - 2:30:00 AM","45291.8750000000","6.36 %","6.3636","11 %","11.3636","","0.1818","38 %","38.4545","0 %","0.0000","1 %","1.0000","0 %","0.0000","0 %","0.0000","0 %","0.0000","0 %","0.0000","100 %","0000010000"
"1/1/2024 2:30:00 AM - 3:30:00 AM","45291.9166666667","6.25 %","6.2500","11 %","10.9167","0 %","0.0000","39 %","38.8333","0 %","0.0000","","0.8333","0 %","0.0000","0 %","0.0000","0 %","0.0000","0 %","0.0000","100 %","0000010000"
"1/1/2024 3:30:00 AM - 4:30:00 AM","45291.9583333333","6.17 %","6.1667","11 %","11.3333","0 %","0.0000","38 %","38.1667","0 %","0.0000","","0.9167","0 %","0.0000","0 %","0.0000","0 %","0.0000","0 %","0.0000","100 %","0000010000"
"1/1/2024 4:30:00 AM - 5:30:00 AM","45292.0000000000","6.17 %","6.1667","11 %","11.1667","0 %","0.0000","38 %","37.8333","0 %","0.0000","","0.8333","0 %","0.0000","0 %","0.0000","0 %","0.0000","0 %","0.0000","100 %","0000010000"
"1/1/2024 5:30:00 AM - 6:30:00 AM","45292.0416666667","6.25 %","6.2500","11 %","11.2500","","0.0833","38 %","38.5000","0 %","0.0000","1 %","1.1667","0 %","0.0000","0 %","0.0000","0 %","0.0000","0 %","0.0000","100 %","0000010000"
"1/1/2024 6:30:00 AM - 7:30:00 AM","45292.0833333333","6.08 %","6.0833","11 %","11.0000","","0.0833","38 %","38.2500","0 %","0.0000","","0.9167","0 %","0.0000","0 %","0.0000","0 %","0.0000","0 %","0.0000","100 %","0000010000"
"1/1/2024 7:30:00 AM - 8:30:00 AM","45292.1250000000","6 %","6.0000","12 %","11.5000","","0.0833","37 %","37.3333","0 %","0.0000","","0.5833","0 %","0.0000","0 %","0.0000","0 %","0.0000","0 %","0.0000","100 %","0000010000"
"1/1/2024 8:30:00 AM - 9:30:00 AM","45292.1666666667","6.25 %","6.2500","12 %","11.5000","","0.0833","38 %","38.0000","0 %","0.0000","","0.8333","0 %","0.0000","0 %","0.0000","0 %","0.0000","0 %","0.0000","100 %","0000010000"
"1/1/2024 9:30:00 AM - 10:30:00 AM","45292.2083333333","6.08 %","6.0833","11 %","11.0000","","0.0833","38 %","38.0833","0 %","0.0000","","0.8333","0 %","0.0000","0 %","0.0000","0 %","0.0000","0 %","0.0000","100 %","0000010000"
"1/1/2024 10:30:00 AM - 11:30:00 AM","45292.2500000000","6.08 %","6.0833","11 %","11.0833","0 %","0.0000","38 %","38.4167","0 %","0.0000","1 %","1.0000","0 %","0.0000","0 %","0.0000","0 %","0.0000","0 %","0.0000","100 %","0000010000"
"1/1/2024 11:30:00 AM - 12:30:00 PM","45292.2916666667","6.17 %","6.1667","11 %","11.2500","","0.0833","38 %","38.2500","0 %","0.0000","","0.9167","0 %","0.0000","0 %","0.0000","0 %","0.0000","0 %","0.0000","100 %","0000010000"
"1/1/2024 12:30:00 PM - 1:30:00 PM","45292.3333333333","6.17 %","6.1667","11 %","11.1667","","0.0833","39 %","38.5833","0 %","0.0000","","0.7500","0 %","0.0000","0 %","0.0000","0 %","0.0000","0 %","0.0000","100 %","0000010000"
"1/1/2024 1:30:00 PM - 2:30:00 PM","45292.3750000000","6 %","6.0000","10 %","10.5000","","0.0833","38 %","38.4167","0 %","0.0000","","0.9167","0 %","0.0000","0 %","0.0000","0 %","0.0000","0 %","0.0000","100 %","0000010000"
"1/1/2024 2:30:00 PM - 3:30:00 PM","45292.4166666667","6.17 %","6.1667","11 %","11.3333","","0.0833","38 %","38.3333","0 %","0.0000","1 %","1.0000","0 %","0.0000","0 %","0.0000","0 %","0.0000","0 %","0.0000","100 %","0000010000"
"1/1/2024 3:30:00 PM - 4:30:00 PM","45292.4583333333","6.17 %","6.1667","12 %","11.5000","","0.1667","38 %","38.0000","0 %","0.0000","","0.8333","0 %","0.0000","0 %","0.0000","0 %","0.0000","0 %","0.0000","100 %","0000010000"
"1/1/2024 4:30:00 PM - 5:30:00 PM","45292.5000000000","6.08 %","6.0833","11 %","11.1667","","0.0833","38 %","38.1667","0 %","0.0000","","0.9167","0 %","0.0000","0 %","0.0000","0 %","0.0000","0 %","0.0000","100 %","0000010000"
"1/1/2024 5:30:00 PM - 6:30:00 PM","45292.5416666667","6.17 %","6.1667","11 %","11.1667","0 %","0.0000","39 %","39.2500","0 %","0.0000","","0.7500","0 %","0.0000","0 %","0.0000","0 %","0.0000","0 %","0.0000","100 %","0000010000"
"1/1/2024 6:30:00 PM - 7:30:00 PM","45292.5833333333","6.08 %","6.0833","12 %","11.5000","0 %","0.0000","38 %","38.0833","0 %","0.0000","","0.9167","0 %","0.0000","0 %","0.0000","0 %","0.0000","0 %","0.0000","100 %","0000010000"
"1/1/2024 7:30:00 PM - 8:30:00 PM","45292.6250000000","6.25 %","6.2500","11 %","11.0833","","0.0833","39 %","39.0000","0 %","0.0000","","0.6667","0 %","0.0000","0 %","0.0000","0 %","0.0000","0 %","0.0000","100 %","0000010000"
"1/1/2024 8:30:00 PM - 9:30:00 PM","45292.6666666667","6.17 %","6.1667","11 %","11.0000","0 %","0.0000","38 %","38.1667","0 %","0.0000","","0.7500","0 %","0.0000","0 %","0.0000","0 %","0.0000","0 %","0.0000","100 %","0000010000"
"1/1/2024 9:30:00 PM - 10:30:00 PM","45292.7083333333","6.42 %","6.4167","11 %","11.3333","","0.0833","38 %","38.1667","","0.0833","1 %","1.2500","0 %","0.0000","","0.0833","0 %","0.0000","0 %","0.0000","100 %","0000010000"
"1/1/2024 10:30:00 PM - 11:30:00 PM","45292.7500000000","6.25 %","6.2500","11 %","10.9167","","0.1667","38 %","38.5000","0 %","0.0000","","0.7500","0 %","0.0000","0 %","0.0000","0 %","0.0000","0 %","0.0000","100 %","0000010000"
"1/1/2024 11:30:00 PM - 12:30:00 AM","45292.7916666667","6.25 %","6.2500","10 %","10.4167","0 %","0.0000","39 %","38.9167","0 %","0.0000","1 %","1.0000","0 %","0.0000","","0.0833","0 %","0.0000","0 %","0.0000","100 %","0000010000"
"1/2/2024 12:30:00 AM - 1:30:00 AM","45292.8333333333","6.08 %","6.0833","10 %","10.5000","0 %","0.0000","39 %","38.8333","0 %","0.0000","","0.6667","0 %","0.0000","0 %","0.0000","0 %","0.0000","0 %","0.0000","100 %","0000010000"
"1/2/2024 1:30:00 AM - 2:30:00 AM","45292.8750000000","6.08 %","6.0833","11 %","10.8333","0 %","0.0000","38 %","38.5000","0 %","0.0000","","0.9167","0 %","0.0000","0 %","0.0000","0 %","0.0000","0 %","0.0000","100 %","0000010000"
"1/2/2024 2:30:00 AM - 3:30:00 AM","45292.9166666667","6 %","6.0000","11 %","10.7500","0 %","0.0000","38 %","37.9167","0 %","0.0000","","0.9167","0 %","0.0000","","0.0833","0 %","0.0000","0 %","0.0000","100 %","0000010000"
"1/2/2024 3:30:00 AM - 4:30:00 AM","45292.9583333333","6.25 %","6.2500","11 %","10.8333","","0.0833","39 %","39.0833","0 %","0.0000","","0.9167","0 %","0.0000","0 %","0.0000","0 %","0.0000","0 %","0.0000","100 %","0000010000"
"1/2/2024 4:30:00 AM - 5:30:00 AM","45293.0000000000","6.08 %","6.0833","11 %","11.0833","","0.0833","39 %","38.6667","0 %","0.0000","","0.8333","0 %","0.0000","0 %","0.0000","0 %","0.0000","0 %","0.0000","100 %","0000010000"
"1/2/2024 5:30:00 AM - 6:30:00 AM","45293.0416666667","6.18 %","6.1818","11 %","10.7273","0 %","0.0000","39 %","38.9091","0 %","0.0000","","0.9091","0 %","0.0000","0 %","0.0000","0 %","0.0000","0 %","0.0000","100 %","0000010000"
"1/2/2024 6:30:00 AM - 7:30:00 AM","45293.0833333333","6.17 %","6.1667","11 %","10.9167","0 %","0.0000","39 %","39.0833","0 %","0.0000","","0.8333","0 %","0.0000","0 %","0.0000","0 %","0.0000","0 %","0.0000","100 %","0000010000"
"1/2/2024 7:30:00 AM - 8:30:00 AM","45293.1250000000","6.17 %","6.1667","11 %","10.8333","","0.1667","39 %","38.7500","0 %","0.0000","1 %","1.0000","0 %","0.0000","0 %","0.0000","0 %","0.0000","0 %","0.0000","100 %","0000010000"
"1/2/2024 8:30:00 AM - 9:30:00 AM","45293.1666666667","6.17 %","6.1667","11 %","11.0000","","0.1667","39 %","38.8333","0 %","0.0000","","0.9167","0 %","0.0000","0 %","0.0000","0 %","0.0000","0 %","0.0000","100 %","0000010000"
"1/2/2024 9:30:00 AM - 10:30:00 AM","45293.2083333333","6.25 %","6.2500","11 %","10.9167","","0.0833","39 %","39.3333","0 %","0.0000","","0.7500","0 %","0.0000","0 %","0.0000","0 %","0.0000","0 %","0.0000","100 %","0000010000"
"1/2/2024 10:30:00 AM - 11:30:00 AM","45293.2500000000","6.08 %","6.0833","11 %","11.0000","","0.0833","39 %","38.8333","0 %","0.0000","","0.9167","0 %","0.0000","0 %","0.0000","0 %","0.0000","0 %","0.0000","100 %","0000010000"
"1/2/2024 11:30:00 AM - 12:30:00 PM","45293.2916666667","6.08 %","6.0833","12 %","11.5000","","0.0833","38 %","38.4167","0 %","0.0000","","0.9167","0 %","0.0000","0 %","0.0000","0 %","0.0000","0 %","0.0000","100 %","0000010000"
"1/2/2024 12:30:00 PM - 1:30:00 PM","45293.3333333333","6.25 %","6.2500","11 %","11.0000","","0.0833","40 %","39.5000","0 %","0.0000","1 %","1.0000","0 %","0.0000","0 %","0.0000","0 %","0.0000","0 %","0.0000","100 %","0000010000"
"1/2/2024 1:30:00 PM - 2:30:00 PM","45293.3750000000","6.50 %","6.5000","12 %","12.0833","0 %","0.0000","39 %","38.9167","0 %","0.0000","1 %","1.0000","0 %","0.0000","0 %","0.0000","0 %","0.0000","0 %","0.0000","100 %","0000010000"
"1/2/2024 2:30:00 PM - 3:30:00 PM","45293.4166666667","6.25 %","6.2500","11 %","11.0833","","0.0833","39 %","39.2500","0 %","0.0000","1 %","1.0000","0 %","0.0000","0 %","0.0000","0 %","0.0000","0 %","0.0000","100 %","0000010000"
"1/2/2024 3:30:00 PM - 4:30:00 PM","45293.4583333333","6.17 %","6.1667","11 %","11.1667","","0.0833","39 %","39.0000","0 %","0.0000","","0.9167","0 %","0.0000","0 %","0.0000","0 %","0.0000","0 %","0.0000","100 %","0000010000"
"1/2/2024 4:30:00 PM - 5:30:00 PM","45293.5000000000","6.33 %","6.3333","11 %","11.0000","","0.0833","40 %","39.7500","0 %","0.0000","1 %","1.0000","0 %","0.0000","0 %","0.0000","0 %","0.0000","0 %","0.0000","100 %","0000010000"
"1/2/2024 5:30:00 PM - 6:30:00 PM","45293.5416666667","6.25 %","6.2500","11 %","11.0833","","0.1667","39 %","39.1667","0 %","0.0000","1 %","1.0000","0 %","0.0000","0 %","0.0000","0 %","0.0000","0 %","0.0000","100 %","0000010000"
"1/2/2024 6:30:00 PM - 7:30:00 PM","45293.5833333333","5.92 %","5.9167","11 %","10.6667","0 %","0.0000","37 %","37.1667","0 %","0.0000","1 %","1.1667","0 %","0.0000","","0.0833","0 %","0.0000","0 %","0.0000","100 %","0000010000"
"1/2/2024 7:30:00 PM - 8:30:00 PM","45293.6250000000","6.08 %","6.0833","10 %","10.2500","0 %","0.0000","40 %","39.9167","0 %","0.0000","1 %","1.0000","0 %","0.0000","0 %","0.0000","0 %","0.0000","0 %","0.0000","100 %","0000010000"
"1/2/2024 8:30:00 PM - 9:30:00 PM","45293.6666666667","6.25 %","6.2500","11 %","10.5833","0 %","0.0000","40 %","39.5000","0 %","0.0000","1 %","1.0833","0 %","0.0000","0 %","0.0000","0 %","0.0000","0 %","0.0000","100 %","0000010000"
"1/2/2024 9:30:00 PM - 10:30:00 PM","45293.7083333333","5.83 %","5.8333","10 %","9.9167","0 %","0.0000","37 %","37.1667","0 %","0.0000","","0.8333","0 %","0.0000","0 %","0.0000","0 %","0.0000","0 %","0.0000","100 %","0000010000"
"1/2/2024 10:30:00 PM - 11:30:00 PM","45293.7500000000","6 %","6.0000","10 %","9.8333","0 %","0.0000","40 %","39.5833","0 %","0.0000","","0.9167","0 %","0.0000","0 %","0.0000","0 %","0.0000","0 %","0.0000","100 %","0000010000"
"1/2/2024 11:30:00 PM - 12:30:00 AM","45293.7916666667","6.17 %","6.1667","11 %","11.4167","","0.1667","38 %","38.4167","","0.0833","1 %","1.4167","","0.0833","","0.1667","0 %","0.0000","0 %","0.0000","100 %","0000010000"
"1/3/2024 12:30:00 AM - 1:30:00 AM","45293.8333333333","6 %","6.0000","11 %","10.6667","0 %","0.0000","38 %","38.4167","0 %","0.0000","1 %","1.0000","0 %","0.0000","0 %","0.0000","0 %","0.0000","0 %","0.0000","100 %","0000010000"
"1/3/2024 1:30:00 AM - 2:30:00 AM","45293.8750000000","6.17 %","6.1667","11 %","11.1667","","0.1667","38 %","38.1667","0 %","0.0000","1 %","1.0000","0 %","0.0000","0 %","0.0000","0 %","0.0000","0 %","0.0000","100 %","0000010000"
"1/3/2024 2:30:00 AM - 3:30:00 AM","45293.9166666667","6.33 %","6.3333","11 %","11.2500","","0.2500","38 %","38.5000","0 %","0.0000","1 %","1.0833","0 %","0.0000","0 %","0.0000","0 %","0.0000","0 %","0.0000","100 %","0000010000"
"1/3/2024 3:30:00 AM - 4:30:00 AM","45293.9583333333","6.25 %","6.2500","11 %","10.9167","","0.2500","38 %","38.5000","0 %","0.0000","1 %","1.1667","0 %","0.0000","","0.0833","0 %","0.0000","0 %","0.0000","100 %","0000010000"
"1/3/2024 4:30:00 AM - 5:30:00 AM","45294.0000000000","6.17 %","6.1667","11 %","11.3333","","0.0833","39 %","38.5833","0 %","0.0000","","0.9167","0 %","0.0000","0 %","0.0000","0 %","0.0000","0 %","0.0000","100 %","0000010000"
"1/3/2024 5:30:00 AM - 6:30:00 AM","45294.0416666667","6.17 %","6.1667","11 %","10.9167","","0.1667","39 %","38.5833","0 %","0.0000","","0.9167","0 %","0.0000","0 %","0.0000","0 %","0.0000","0 %","0.0000","100 %","0000010000"
"1/3/2024 6:30:00 AM - 7:30:00 AM","45294.0833333333","6.25 %","6.2500","12 %","11.5833","0 %","0.0000","39 %","39.0000","0 %","0.0000","1 %","1.0833","0 %","0.0000","0 %","0.0000","0 %","0.0000","0 %","0.0000","100 %","0000010000"
"1/3/2024 7:30:00 AM - 8:30:00 AM","45294.1250000000","6.25 %","6.2500","12 %","11.8333","","0.0833","39 %","38.7500","0 %","0.0000","1 %","1.0833","0 %","0.0000","0 %","0.0000","0 %","0.0000","0 %","0.0000","100 %","0000010000"
"1/3/2024 8:30:00 AM - 9:30:00 AM","45294.1666666667","6.50 %","6.5000","12 %","12.0000","","0.2500","40 %","39.5000","0 %","0.0000","1 %","1.0000","0 %","0.0000","","0.0833","0 %","0.0000","0 %","0.0000","100 %","0000010000"
"1/3/2024 9:30:00 AM - 10:30:00 AM","45294.2083333333","6.33 %","6.3333","12 %","12.2500","","0.2500","39 %","39.1667","0 %","0.0000","1 %","1.1667","0 %","0.0000","0 %","0.0000","0 %","0.0000","0 %","0.0000","100 %","0000010000"
"1/3/2024 10:30:00 AM - 11:30:00 AM","45294.2500000000","6.25 %","6.2500","12 %","11.5833","","0.1667","38 %","38.5000","0 %","0.0000","1 %","1.0000","0 %","0.0000","0 %","0.0000","0 %","0.0000","0 %","0.0000","100 %","0000010000"
"1/3/2024 11:30:00 AM - 12:30:00 PM","45294.2916666667","6.33 %","6.3333","12 %","11.6667","","0.0833","39 %","39.1667","0 %","0.0000","1 %","1.0833","0 %","0.0000","0 %","0.0000","0 %","0.0000","0 %","0.0000","100 %","0000010000"
"1/3/2024 12:30:00 PM - 1:30:00 PM","45294.3333333333","6.42 %","6.4167","12 %","11.5833","","0.3333","40 %","39.5833","0 %","0.0000","1 %","1.0000","0 %","0.0000","0 %","0.0000","0 %","0.0000","0 %","0.0000","100 %","0000010000"
"1/3/2024 1:30:00 PM - 2:30:00 PM","45294.3750000000","6.58 %","6.5833","12 %","12.1667","","0.0833","39 %","39.0833","0 %","0.0000","1 %","1.0833","0 %","0.0000","0 %","0.0000","0 %","0.0000","0 %","0.0000","100 %","0000010000"
"1/3/2024 2:30:00 PM - 3:30:00 PM","45294.4166666667","6.50 %","6.5000","12 %","11.9167","","0.1667","39 %","39.0833","0 %","0.0000","1 %","1.0000","0 %","0.0000","0 %","0.0000","0 %","0.0000","0 %","0.0000","100 %","0000010000"
"1/3/2024 3:30:00 PM - 4:30:00 PM","45294.4583333333","6.33 %","6.3333","12 %","11.5833","","0.0833","39 %","38.9167","0 %","0.0000","1 %","1.2500","0 %","0.0000","0 %","0.0000","0 %","0.0000","0 %","0.0000","100 %","0000010000"
"1/3/2024 4:30:00 PM - 5:30:00 PM","45294.5000000000","6.33 %","6.3333","12 %","11.5833","","0.1667","39 %","39.2500","0 %","0.0000","1 %","1.1667","0 %","0.0000","0 %","0.0000","0 %","0.0000","0 %","0.0000","100 %","0000010000"
"1/3/2024 5:30:00 PM - 6:30:00 PM","45294.5416666667","6.58 %","6.5833","12 %","11.9167","","0.0833","40 %","39.5000","0 %","0.0000","1 %","1.0833","0 %","0.0000","0 %","0.0000","0 %","0.0000","0 %","0.0000","100 %","0000010000"
"1/3/2024 6:30:00 PM - 7:30:00 PM","45294.5833333333","6.42 %","6.4167","12 %","11.7500","","0.3333","39 %","39.2500","0 %","0.0000","1 %","1.0000","0 %","0.0000","0 %","0.0000","0 %","0.0000","0 %","0.0000","100 %","0000010000"
"1/3/2024 7:30:00 PM - 8:30:00 PM","45294.6250000000","6.50 %","6.5000","12 %","11.5000","","0.3333","40 %","39.5000","0 %","0.0000","1 %","1.0000","0 %","0.0000","0 %","0.0000","0 %","0.0000","0 %","0.0000","100 %","0000010000"
"1/3/2024 8:30:00 PM - 9:30:00 PM","45294.6666666667","6.58 %","6.5833","12 %","11.8333","","0.4167","39 %","39.0833","0 %","0.0000","1 %","1.2500","0 %","0.0000","","0.0833","0 %","0.0000","0 %","0.0000","100 %","0000010000"
"1/3/2024 9:30:00 PM - 10:30:00 PM","45294.7083333333","6.33 %","6.3333","11 %","11.1667","","0.3333","39 %","39.0000","0 %","0.0000","","0.9167","0 %","0.0000","0 %","0.0000","0 %","0.0000","0 %","0.0000","100 %","0000010000"
"1/3/2024 10:30:00 PM - 11:30:00 PM","45294.7500000000","6.42 %","6.4167","10 %","10.4167","","0.4167","40 %","40.3333","0 %","0.0000","","0.9167","0 %","0.0000","0 %","0.0000","0 %","0.0000","0 %","0.0000","100 %","0000010000"
"1/3/2024 11:30:00 PM - 12:30:00 AM","45294.7916666667","6.42 %","6.4167","11 %","10.7500","","0.4167","40 %","39.5000","0 %","0.0000","1 %","1.1667","0 %","0.0000","","0.0833","0 %","0.0000","0 %","0.0000","100 %","0000010000"
"1/4/2024 12:30:00 AM - 1:30:00 AM","45294.8333333333","6.25 %","6.2500","11 %","10.5833","","0.0833","39 %","39.3333","0 %","0.0000","1 %","1.0000","0 %","0.0000","0 %","0.0000","0 %","0.0000","0 %","0.0000","100 %","0000010000"
"1/4/2024 1:30:00 AM - 2:30:00 AM","45294.8750000000","6.33 %","6.3333","11 %","10.8333","","0.2500","40 %","39.5833","0 %","0.0000","","0.9167","0 %","0.0000","","0.0833","0 %","0.0000","0 %","0.0000","100 %","0000010000"
"1/4/2024 2:30:00 AM - 3:30:00 AM","45294.9166666667","6.25 %","6.2500","11 %","10.9167","","0.1667","39 %","39.0000","0 %","0.0000","1 %","1.0000","0 %","0.0000","0 %","0.0000","0 %","0.0000","0 %","0.0000","100 %","0000010000"
"1/4/2024 3:30:00 AM - 4:30:00 AM","45294.9583333333","6.42 %","6.4167","11 %","11.1667","","0.2500","39 %","39.0833","0 %","0.0000","1 %","1.0000","0 %","0.0000","0 %","0.0000","0 %","0.0000","0 %","0.0000","100 %","0000010000"
"1/4/2024 4:30:00 AM - 5:30:00 AM","45295.0000000000","6.25 %","6.2500","11 %","11.0000","","0.2500","39 %","38.6667","0 %","0.0000","","0.9167","0 %","0.0000","0 %","0.0000","0 %","0.0000","0 %","0.0000","100 %","0000010000"
"1/4/2024 5:30:00 AM - 6:30:00 AM","45295.0416666667","6.33 %","6.3333","10 %","10.2500","","0.4167","40 %","39.6667","0 %","0.0000","","0.8333","0 %","0.0000","0 %","0.0000","0 %","0.0000","0 %","0.0000","100 %","0000010000"
"1/4/2024 6:30:00 AM - 7:30:00 AM","45295.0833333333","6.33 %","6.3333","11 %","11.3333","","0.1667","38 %","38.5000","0 %","0.0000","1 %","1.0000","0 %","0.0000","0 %","0.0000","0 %","0.0000","0 %","0.0000","100 %","0000010000"
"1/4/2024 7:30:00 AM - 8:30:00 AM","45295.1250000000","6.17 %","6.1667","12 %","11.6667","","0.1667","38 %","38.2500","0 %","0.0000","","0.8333","0 %","0.0000","0 %","0.0000","0 %","0.0000","0 %","0.0000","100 %","0000010000"
"1/4/2024 8:30:00 AM - 9:30:00 AM","45295.1666666667","6 %","6.0000","11 %","10.9167","0 %","0.0000","38 %","38.2500","0 %","0.0000","","0.9167","0 %","0.0000","0 %","0.0000","0 %","0.0000","0 %","0.0000","100 %","0000010000"
"1/4/2024 9:30:00 AM - 10:30:00 AM","45295.2083333333","6.17 %","6.1667","11 %","10.7500","","0.1667","39 %","39.4167","0 %","0.0000","","0.9167","0 %","0.0000","","0.0833","0 %","0.0000","0 %","0.0000","100 %","0000010000"
"1/4/2024 10:30:00 AM - 11:30:00 AM","45295.2500000000","6 %","6.0000","12 %","11.6667","0 %","0.0000","38 %","37.6667","0 %","0.0000","","0.9167","0 %","0.0000","0 %","0.0000","0 %","0.0000","0 %","0.0000","100 %","0000010000"
"1/4/2024 11:30:00 AM - 12:30:00 PM","45295.2916666667","6 %","6.0000","11 %","10.9167","","0.0833","39 %","38.6667","0 %","0.0000","","0.9167","0 %","0.0000","0 %","0.0000","0 %","0.0000","0 %","0.0000","100 %","0000010000"
"1/4/2024 12:30:00 PM - 1:30:00 PM","45295.3333333333","6.25 %","6.2500","11 %","11.4167","0 %","0.0000","40 %","39.6667","0 %","0.0000","1 %","1.0833","0 %","0.0000","0 %","0.0000","0 %","0.0000","0 %","0.0000","100 %","0000010000"
"1/4/2024 1:30:00 PM - 2:30:00 PM","45295.3750000000","6.17 %","6.1667","12 %","11.6667","","0.0833","39 %","38.7500","0 %","0.0000","1 %","1.0000","0 %","0.0000","0 %","0.0000","0 %","0.0000","0 %","0.0000","100 %","0000010000"
"1/4/2024 2:30:00 PM - 3:30:00 PM","45295.4166666667","6.17 %","6.1667","11 %","11.0000","","0.0833","39 %","39.2500","0 %","0.0000","1 %","1.0000","0 %","0.0000","0 %","0.0000","0 %","0.0000","0 %","0.0000","100 %","0000010000"
"1/4/2024 3:30:00 PM - 4:30:00 PM","45295.4583333333","6.25 %","6.2500","11 %","10.8333","","0.2500","39 %","38.6667","0 %","0.0000","1 %","1.0000","0 %","0.0000","0 %","0.0000","0 %","0.0000","0 %","0.0000","100 %","0000010000"
"1/4/2024 4:30:00 PM - 5:30:00 PM","45295.5000000000","6.50 %","6.5000","11 %","11.3333","","0.0833","40 %","39.6667","0 %","0.0000","1 %","1.0833","0 %","0.0000","0 %","0.0000","0 %","0.0000","0 %","0.0000","100 %","0000010000"
"1/4/2024 5:30:00 PM - 6:30:00 PM","45295.5416666667","6.50 %","6.5000","12 %","11.8333","","0.0833","40 %","39.5000","0 %","0.0000","1 %","1.0000","0 %","0.0000","0 %","0.0000","0 %","0.0000","0 %","0.0000","100 %","0000010000"
"1/4/2024 6:30:00 PM - 7:30:00 PM","45295.5833333333","6.58 %","6.5833","12 %","12.4167","","0.1667","40 %","39.5000","0 %","0.0000","1 %","1.2500","0 %","0.0000","0 %","0.0000","0 %","0.0000","0 %","0.0000","100 %","0000010000"
"1/4/2024 7:30:00 PM - 8:30:00 PM","45295.6250000000","6.50 %","6.5000","11 %","11.4167","","0.0833","39 %","39.3333","0 %","0.0000","1 %","1.2500","0 %","0.0000","0 %","0.0000","0 %","0.0000","0 %","0.0000","100 %","0000010000"
"1/4/2024 8:30:00 PM - 9:30:00 PM","45295.6666666667","6.25 %","6.2500","11 %","11.0833","0 %","0.0000","40 %","39.6667","0 %","0.0000","1 %","1.0000","0 %","0.0000","0 %","0.0000","0 %","0.0000","0 %","0.0000","100 %","0000010000"
"1/4/2024 9:30:00 PM - 10:30:00 PM","45295.7083333333","6.33 %","6.3333","11 %","11.0833","0 %","0.0000","39 %","39.1667","0 %","0.0000","1 %","1.4167","0 %","0.0000","0 %","0.0000","0 %","0.0000","0 %","0.0000","100 %","0000010000"
"1/4/2024 10:30:00 PM - 11:30:00 PM","45295.7500000000","6.33 %","6.3333","10 %","10.0000","","0.0833","40 %","40.0833","0 %","0.0000","1 %","1.0000","0 %","0.0000","0 %","0.0000","0 %","0.0000","0 %","0.0000","100 %","0000010000"
"1/4/2024 11:30:00 PM - 12:30:00 AM","45295.7916666667","6.33 %","6.3333","11 %","10.9167","","0.0833","39 %","39.0000","","0.0833","","0.9167","0 %","0.0000","","0.0833","0 %","0.0000","0 %","0.0000","100 %","0000010000"
"1/5/2024 12:30:00 AM - 1:30:00 AM","45295.8333333333","6.25 %","6.2500","10 %","10.3333","","0.1667","39 %","39.2500","0 %","0.0000","","0.6667","0 %","0.0000","0 %","0.0000","0 %","0.0000","0 %","0.0000","100 %","0000010000"
"1/5/2024 1:30:00 AM - 2:30:00 AM","45295.8750000000","6.25 %","6.2500","11 %","10.7500","","0.1667","39 %","39.0833","0 %","0.0000","","0.7500","0 %","0.0000","0 %","0.0000","0 %","0.0000","0 %","0.0000","100 %","0000010000"
"1/5/2024 2:30:00 AM - 3:30:00 AM","45295.9166666667","6.33 %","6.3333","12 %","11.5000","","0.2500","38 %","38.2500","0 %","0.0000","","0.9167","0 %","0.0000","0 %","0.0000","0 %","0.0000","0 %","0.0000","100 %","0000010000"
"1/5/2024 3:30:00 AM - 4:30:00 AM","45295.9583333333","6.33 %","6.3333","12 %","11.6667","","0.3333","38 %","38.1667","0 %","0.0000","1 %","1.0833","0 %","0.0000","","0.0833","0 %","0.0000","0 %","0.0000","100 %","0000010000"
"1/5/2024 4:30:00 AM - 5:30:00 AM","45296.0000000000","6.25 %","6.2500","10 %","10.5000","","0.1667","39 %","38.7500","0 %","0.0000","1 %","1.0000","0 %","0.0000","0 %","0.0000","0 %","0.0000","0 %","0.0000","100 %","0000010000"
"1/5/2024 5:30:00 AM - 6:30:00 AM","45296.0416666667","6.33 %","6.3333","11 %","11.0000","","0.3333","38 %","38.2500","0 %","0.0000","1 %","1.0000","0 %","0.0000","0 %","0.0000","0 %","0.0000","0 %","0.0000","100 %","0000010000"
"1/5/2024 6:30:00 AM - 7:30:00 AM","45296.0833333333","6.17 %","6.1667","10 %","10.5000","","0.1667","39 %","38.6667","0 %","0.0000","","0.6667","0 %","0.0000","0 %","0.0000","0 %","0.0000","0 %","0.0000","100 %","0000010000"
"1/5/2024 7:30:00 AM - 8:30:00 AM","45296.1250000000","6.17 %","6.1667","11 %","10.5833","0 %","0.0000","39 %","38.9167","0 %","0.0000","","0.9167","0 %","0.0000","0 %","0.0000","0 %","0.0000","0 %","0.0000","100 %","0000010000"
"1/5/2024 8:30:00 AM - 9:30:00 AM","45296.1666666667","6.42 %","6.4167","11 %","10.8333","","0.2500","40 %","39.5833","0 %","0.0000","","0.8333","0 %","0.0000","0 %","0.0000","0 %","0.0000","0 %","0.0000","100 %","0000010000"
"1/5/2024 9:30:00 AM - 10:30:00 AM","45296.2083333333","6.25 %","6.2500","10 %","10.4167","0 %","0.0000","40 %","39.6667","0 %","0.0000","","0.8333","0 %","0.0000","0 %","0.0000","0 %","0.0000","0 %","0.0000","100 %","0000010000"
"1/5/2024 10:30:00 AM - 11:30:00 AM","45296.2500000000","6.25 %","6.2500","11 %","11.2500","","0.0833","39 %","39.2500","0 %","0.0000","1 %","1.0833","0 %","0.0000","0 %","0.0000","0 %","0.0000","0 %","0.0000","100 %","0000010000"
"1/5/2024 11:30:00 AM - 12:30:00 PM","45296.2916666667","6.25 %","6.2500","11 %","10.8333","0 %","0.0000","40 %","39.5833","0 %","0.0000","1 %","1.0000","0 %","0.0000","0 %","0.0000","0 %","0.0000","0 %","0.0000","100 %","0000010000"
"1/5/2024 12:30:00 PM - 1:30:00 PM","45296.3333333333","6.17 %","6.1667","10 %","10.3333","0 %","0.0000","40 %","40.0000","0 %","0.0000","","0.8333","0 %","0.0000","0 %","0.0000","0 %","0.0000","0 %","0.0000","100 %","0000010000"
"1/5/2024 1:30:00 PM - 2:30:00 PM","45296.3750000000","6.17 %","6.1667","12 %","11.5000","","0.0833","39 %","39.0833","0 %","0.0000","1 %","1.0833","0 %","0.0000","0 %","0.0000","0 %","0.0000","0 %","0.0000","100 %","0000010000"
"1/5/2024 2:30:00 PM - 3:30:00 PM","45296.4166666667","6.25 %","6.2500","11 %","11.0000","0 %","0.0000","39 %","38.9167","0 %","0.0000","","0.9167","0 %","0.0000","0 %","0.0000","0 %","0.0000","0 %","0.0000","100 %","0000010000"
"1/5/2024 3:30:00 PM - 4:30:00 PM","45296.4583333333","6.33 %","6.3333","11 %","11.2500","","0.1667","40 %","39.9167","0 %","0.0000","","0.9167","0 %","0.0000","0 %","0.0000","0 %","0.0000","0 %","0.0000","100 %","0000010000"
"1/5/2024 4:30:00 PM - 5:30:00 PM","45296.5000000000","6.25 %","6.2500","11 %","11.0833","","0.0833","39 %","38.9167","0 %","0.0000","1 %","1.0000","0 %","0.0000","0 %","0.0000","0 %","0.0000","0 %","0.0000","100 %","0000010000"
"1/5/2024 5:30:00 PM - 6:30:00 PM","45296.5416666667","6.17 %","6.1667","11 %","10.9167","","0.1667","39 %","39.0833","0 %","0.0000","","0.9167","0 %","0.0000","0 %","0.0000","0 %","0.0000","0 %","0.0000","100 %","0000010000"
"1/5/2024 6:30:00 PM - 7:30:00 PM","45296.5833333333","6.25 %","6.2500","11 %","10.8333","","0.1667","39 %","39.3333","0 %","0.0000","","0.8333","0 %","0.0000","0 %","0.0000","0 %","0.0000","0 %","0.0000","100 %","0000010000"
"1/5/2024 7:30:00 PM - 8:30:00 PM","45296.6250000000","6.17 %","6.1667","11 %","10.6667","","0.0833","39 %","39.4167","0 %","0.0000","","0.9167","0 %","0.0000","0 %","0.0000","0 %","0.0000","0 %","0.0000","100 %","0000010000"
"1/5/2024 8:30:00 PM - 9:30:00 PM","45296.6666666667","6.08 %","6.0833","11 %","10.9167","0 %","0.0000","38 %","38.4167","0 %","0.0000","","0.9167","0 %","0.0000","0 %","0.0000","0 %","0.0000","0 %","0.0000","100 %","0000010000"
"1/5/2024 9:30:00 PM - 10:30:00 PM","45296.7083333333","6.17 %","6.1667","11 %","10.5833","0 %","0.0000","39 %","39.2500","0 %","0.0000","","0.8333","0 %","0.0000","0 %","0.0000","0 %","0.0000","0 %","0.0000","100 %","0000010000"
"1/5/2024 10:30:00 PM - 11:30:00 PM","45296.7500000000","6.08 %","6.0833","10 %","10.0000","","0.0833","39 %","39.3333","0 %","0.0000","","0.8333","0 %","0.0000","0 %","0.0000","0 %","0.0000","0 %","0.0000","100 %","0000010000"
"1/5/2024 11:30:00 PM - 12:30:00 AM","45296.7916666667","6.08 %","6.0833","10 %","10.2500","0 %","0.0000","39 %","38.8333","0 %","0.0000","","0.9167","0 %","0.0000","","0.0833","0 %","0.0000","0 %","0.0000","100 %","0000010000"
"1/6/2024 12:30:00 AM - 1:30:00 AM","45296.8333333333","6 %","6.0000","11 %","10.6667","0 %","0.0000","38 %","38.4167","0 %","0.0000","","0.5000","0 %","0.0000","0 %","0.0000","0 %","0.0000","0 %","0.0000","100 %","0000010000"
"1/6/2024 1:30:00 AM - 2:30:00 AM","45296.8750000000","6 %","6.0000","10 %","10.5000","","0.0833","39 %","38.8333","0 %","0.0000","","0.7500","0 %","0.0000","0 %","0.0000","0 %","0.0000","0 %","0.0000","100 %","0000010000"
"1/6/2024 2:30:00 AM - 3:30:00 AM","45296.9166666667","6 %","6.0000","10 %","10.2500","0 %","0.0000","39 %","38.6667","0 %","0.0000","","0.7500","0 %","0.0000","0 %","0.0000","0 %","0.0000","0 %","0.0000","100 %","0000010000"
"1/6/2024 3:30:00 AM - 4:30:00 AM","45296.9583333333","6 %","6.0000","10 %","10.3333","0 %","0.0000","38 %","38.5000","0 %","0.0000","1 %","1.0000","0 %","0.0000","0 %","0.0000","0 %","0.0000","0 %","0.0000","100 %","0000010000"
"1/6/2024 4:30:00 AM - 5:30:00 AM","45297.0000000000","6.17 %","6.1667","10 %","10.5000","","0.1667","39 %","38.7500","0 %","0.0000","","0.5000","0 %","0.0000","0 %","0.0000","0 %","0.0000","0 %","0.0000","100 %","0000010000"
"1/6/2024 5:30:00 AM - 6:30:00 AM","45297.0416666667","6.50 %","6.5000","11 %","10.7500","","0.4167","39 %","38.6667","","0.0833","1 %","1.0000","0 %","0.0000","","0.0833","0 %","0.0000","0 %","0.0000","100 %","0000010000"
"1/6/2024 6:30:00 AM - 7:30:00 AM","45297.0833333333","6.25 %","6.2500","11 %","11.3333","","0.3333","38 %","38.0833","0 %","0.0000","1 %","1.0000","0 %","0.0000","0 %","0.0000","0 %","0.0000","0 %","0.0000","100 %","0000010000"
"1/6/2024 7:30:00 AM - 8:30:00 AM","45297.1250000000","6.08 %","6.0833","11 %","10.8333","","0.0833","38 %","38.3333","0 %","0.0000","","0.6667","0 %","0.0000","0 %","0.0000","0 %","0.0000","0 %","0.0000","100 %","0000010000"
"1/6/2024 8:30:00 AM - 9:30:00 AM","45297.1666666667","6.25 %","6.2500","10 %","10.5000","","0.2500","39 %","39.0000","0 %","0.0000","","0.6667","0 %","0.0000","0 %","0.0000","0 %","0.0000","0 %","0.0000","100 %","0000010000"
"1/6/2024 9:30:00 AM - 10:30:00 AM","45297.2083333333","6.25 %","6.2500","11 %","11.2500","","0.0833","38 %","38.5000","0 %","0.0000","1 %","1.0833","0 %","0.0000","0 %","0.0000","0 %","0.0000","0 %","0.0000","100 %","0000010000"
"1/6/2024 10:30:00 AM - 11:30:00 AM","45297.2500000000","6 %","6.0000","11 %","10.8333","","0.0833","39 %","38.7500","0 %","0.0000","","0.6667","0 %","0.0000","0 %","0.0000","0 %","0.0000","0 %","0.0000","100 %","0000010000"
"1/6/2024 11:30:00 AM - 12:30:00 PM","45297.2916666667","6.17 %","6.1667","11 %","10.6667","0 %","0.0000","39 %","39.0833","0 %","0.0000","","0.7500","0 %","0.0000","0 %","0.0000","0 %","0.0000","0 %","0.0000","100 %","0000010000"
"1/6/2024 12:30:00 PM - 1:30:00 PM","45297.3333333333","6.08 %","6.0833","11 %","10.5833","","0.0833","39 %","39.3333","0 %","0.0000","","0.5833","0 %","0.0000","0 %","0.0000","0 %","0.0000","0 %","0.0000","100 %","0000010000"
"1/6/2024 1:30:00 PM - 2:30:00 PM","45297.3750000000","6 %","6.0000","11 %","11.0833","0 %","0.0000","39 %","38.5833","0 %","0.0000","","0.8333","0 %","0.0000","0 %","0.0000","0 %","0.0000","0 %","0.0000","100 %","0000010000"
"1/6/2024 2:30:00 PM - 3:30:00 PM","45297.4166666667","6.25 %","6.2500","11 %","11.1667","","0.2500","39 %","38.7500","0 %","0.0000","","0.8333","0 %","0.0000","0 %","0.0000","0 %","0.0000","0 %","0.0000","100 %","0000010000"
"1/6/2024 3:30:00 PM - 4:30:00 PM","45297.4583333333","6.17 %","6.1667","11 %","10.5833","","0.0833","39 %","39.1667","0 %","0.0000","","0.8333","0 %","0.0000","0 %","0.0000","0 %","0.0000","0 %","0.0000","100 %","0000010000"
"1/6/2024 4:30:00 PM - 5:30:00 PM","45297.5000000000","6.08 %","6.0833","11 %","11.3333","0 %","0.0000","38 %","38.4167","0 %","0.0000","","0.7500","0 %","0.0000","0 %","0.0000","0 %","0.0000","0 %","0.0000","100 %","0000010000"
"1/6/2024 5:30:00 PM - 6:30:00 PM","45297.5416666667","6.17 %","6.1667","11 %","11.0000","0 %","0.0000","39 %","38.8333","0 %","0.0000","","0.8333","0 %","0.0000","0 %","0.0000","0 %","0.0000","0 %","0.0000","100 %","0000010000"
"1/6/2024 6:30:00 PM - 7:30:00 PM","45297.5833333333","6 %","6.0000","11 %","10.9167","0 %","0.0000","38 %","38.3333","0 %","0.0000","","0.8333","0 %","0.0000","0 %","0.0000","0 %","0.0000","0 %","0.0000","100 %","0000010000"
"1/6/2024 7:30:00 PM - 8:30:00 PM","45297.6250000000","6.08 %","6.0833","11 %","10.7500","0 %","0.0000","39 %","38.8333","0 %","0.0000","","0.6667","0 %","0.0000","0 %","0.0000","0 %","0.0000","0 %","0.0000","100 %","0000010000"
"1/6/2024 8:30:00 PM - 9:30:00 PM","45297.6666666667","6.33 %","6.3333","12 %","11.8333","","0.0833","38 %","38.1667","0 %","0.0000","","0.6667","0 %","0.0000","0 %","0.0000","0 %","0.0000","0 %","0.0000","100 %","0000010000"
"1/6/2024 9:30:00 PM - 10:30:00 PM","45297.7083333333","6.17 %","6.1667","11 %","11.0000","","0.0833","39 %","38.5833","0 %","0.0000","1 %","1.0000","0 %","0.0000","0 %","0.0000","0 %","0.0000","0 %","0.0000","100 %","0000010000"
"1/6/2024 10:30:00 PM - 11:30:00 PM","45297.7500000000","6.25 %","6.2500","11 %","10.8333","0 %","0.0000","39 %","38.9167","0 %","0.0000","1 %","1.0000","0 %","0.0000","0 %","0.0000","0 %","0.0000","0 %","0.0000","100 %","0000010000"
"1/6/2024 11:30:00 PM - 12:30:00 AM","45297.7916666667","6.25 %","6.2500","12 %","11.5833","","0.0833","38 %","38.3333","0 %","0.0000","1 %","1.1667","0 %","0.0000","","0.0833","0 %","0.0000","0 %","0.0000","100 %","0000010000"
"1/7/2024 12:30:00 AM - 1:30:00 AM","45297.8333333333","6.08 %","6.0833","11 %","11.0833","0 %","0.0000","38 %","38.4167","0 %","0.0000","","0.9167","0 %","0.0000","0 %","0.0000","0 %","0.0000","0 %","0.0000","100 %","0000010000"
"1/7/2024 1:30:00 AM - 2:30:00 AM","45297.8750000000","6.08 %","6.0833","11 %","10.9167","","0.0833","38 %","38.4167","0 %","0.0000","","0.7500","0 %","0.0000","0 %","0.0000","0 %","0.0000","0 %","0.0000","100 %","0000010000"
"1/7/2024 2:30:00 AM - 3:30:00 AM","45297.9166666667","6 %","6.0000","11 %","11.3333","0 %","0.0000","38 %","37.8333","0 %","0.0000","","0.8333","0 %","0.0000","0 %","0.0000","0 %","0.0000","0 %","0.0000","100 %","0000010000"
"1/7/2024 3:30:00 AM - 4:30:00 AM","45297.9583333333","6.08 %","6.0833","11 %","11.3333","","0.0833","38 %","37.9167","0 %","0.0000","","0.8333","0 %","0.0000","0 %","0.0000","0 %","0.0000","0 %","0.0000","100 %","0000010000"
"1/7/2024 4:30:00 AM - 5:30:00 AM","45298.0000000000","6.17 %","6.1667","11 %","10.9167","","0.3333","38 %","38.3333","0 %","0.0000","","0.8333","0 %","0.0000","0 %","0.0000","0 %","0.0000","0 %","0.0000","100 %","0000010000"
"1/7/2024 5:30:00 AM - 6:30:00 AM","45298.0416666667","6.42 %","6.4167","12 %","11.5000","","0.0833","39 %","39.1667","0 %","0.0000","1 %","1.0833","0 %","0.0000","0 %","0.0000","0 %","0.0000","0 %","0.0000","100 %","0000010000"
"1/7/2024 6:30:00 AM - 7:30:00 AM","45298.0833333333","6.33 %","6.3333","12 %","11.7500","","0.2500","38 %","38.3333","0 %","0.0000","1 %","1.0000","0 %","0.0000","0 %","0.0000","0 %","0.0000","0 %","0.0000","100 %","0000010000"
"1/7/2024 7:30:00 AM - 8:30:00 AM","45298.1250000000","6.17 %","6.1667","12 %","11.5833","","0.0833","37 %","36.9167","","0.0833","","0.8333","0 %","0.0000","","0.0833","0 %","0.0000","0 %","0.0000","100 %","0000010000"
"1/7/2024 8:30:00 AM - 9:30:00 AM","45298.1666666667","6.08 %","6.0833","10 %","10.2500","0 %","0.0000","38 %","38.1667","0 %","0.0000","","0.8333","0 %","0.0000","0 %","0.0000","0 %","0.0000","0 %","0.0000","100 %","0000010000"
"1/7/2024 9:30:00 AM - 10:30:00 AM","45298.2083333333","6 %","6.0000","11 %","10.8333","","0.0833","38 %","38.1667","0 %","0.0000","","0.6667","0 %","0.0000","0 %","0.0000","0 %","0.0000","0 %","0.0000","100 %","0000010000"
"1/7/2024 10:30:00 AM - 11:30:00 AM","45298.2500000000","6.25 %","6.2500","12 %","11.6667","","0.2500","38 %","37.5833","0 %","0.0000","1 %","1.0000","0 %","0.0000","0 %","0.0000","0 %","0.0000","0 %","0.0000","100 %","0000010000"
"1/7/2024 11:30:00 AM - 12:30:00 PM","45298.2916666667","6.50 %","6.5000","11 %","11.2500","","0.0833","39 %","39.1667","0 %","0.0000","","0.8333","0 %","0.0000","0 %","0.0000","0 %","0.0000","0 %","0.0000","100 %","0000010000"
"1/7/2024 12:30:00 PM - 1:30:00 PM","45298.3333333333","6.33 %","6.3333","12 %","11.5833","","0.2500","39 %","38.6667","0 %","0.0000","","0.9167","0 %","0.0000","0 %","0.0000","0 %","0.0000","0 %","0.0000","100 %","0000010000"
"1/7/2024 1:30:00 PM - 2:30:00 PM","45298.3750000000","6.42 %","6.4167","12 %","11.5000","","0.4167","40 %","39.5000","0 %","0.0000","1 %","1.0000","0 %","0.0000","0 %","0.0000","0 %","0.0000","0 %","0.0000","100 %","0000010000"
"1/7/2024 2:30:00 PM - 3:30:00 PM","45298.4166666667","6.25 %","6.2500","12 %","11.9167","","0.2500","39 %","38.8333","0 %","0.0000","","0.9167","0 %","0.0000","0 %","0.0000","0 %","0.0000","0 %","0.0000","100 %","0000010000"
"1/7/2024 3:30:00 PM - 4:30:00 PM","45298.4583333333","6.33 %","6.3333","11 %","11.0833","","0.1667","39 %","39.3333","0 %","0.0000","","0.9167","0 %","0.0000","0 %","0.0000","0 %","0.0000","0 %","0.0000","100 %","0000010000"
"1/7/2024 4:30:00 PM - 5:30:00 PM","45298.5000000000","6.17 %","6.1667","11 %","11.0833","","0.0833","39 %","38.9167","0 %","0.0000","1 %","1.0000","0 %","0.0000","0 %","0.0000","0 %","0.0000","0 %","0.0000","100 %","0000010000"
"1/7/2024 5:30:00 PM - 6:30:00 PM","45298.5416666667","6.25 %","6.2500","11 %","10.8333","0 %","0.0000","39 %","39.1667","0 %","0.0000","1 %","1.0000","0 %","0.0000","0 %","0.0000","0 %","0.0000","0 %","0.0000","100 %","0000010000"
"1/7/2024 6:30:00 PM - 7:30:00 PM","45298.5833333333","6.25 %","6.2500","11 %","11.0000","","0.0833","39 %","39.0833","0 %","0.0000","1 %","1.0000","0 %","0.0000","0 %","0.0000","0 %","0.0000","0 %","0.0000","100 %","0000010000"
"1/7/2024 7:30:00 PM - 8:30:00 PM","45298.6250000000","6.33 %","6.3333","11 %","11.1667","","0.0833","39 %","38.9167","0 %","0.0000","1 %","1.0000","0 %","0.0000","0 %","0.0000","0 %","0.0000","0 %","0.0000","100 %","0000010000"
"1/7/2024 8:30:00 PM - 9:30:00 PM","45298.6666666667","6.08 %","6.0833","11 %","10.5833","","0.0833","39 %","39.0000","0 %","0.0000","1 %","1.0000","0 %","0.0000","0 %","0.0000","0 %","0.0000","0 %","0.0000","100 %","0000010000"
"1/7/2024 9:30:00 PM - 10:30:00 PM","45298.7083333333","6.08 %","6.0833","11 %","10.8333","","0.0833","39 %","39.0000","0 %","0.0000","","0.9167","0 %","0.0000","0 %","0.0000","0 %","0.0000","0 %","0.0000","100 %","0000010000"
"1/7/2024 10:30:00 PM - 11:30:00 PM","45298.7500000000","6.36 %","6.3636","11 %","11.1818","","0.1818","39 %","39.1818","0 %","0.0000","1 %","1.0000","0 %","0.0000","0 %","0.0000","0 %","0.0000","0 %","0.0000","100 %","0000010000"
"1/7/2024 11:30:00 PM - 12:30:00 AM","45298.7916666667","6.33 %","6.3333","12 %","11.5833","","0.0833","38 %","38.3333","0 %","0.0000","1 %","1.2500","0 %","0.0000","","0.0833","0 %","0.0000","0 %","0.0000","100 %","0000010000"
"1/8/2024 12:30:00 AM - 1:30:00 AM","45298.8333333333","6.17 %","6.1667","11 %","10.6667","","0.1667","39 %","38.5833","0 %","0.0000","1 %","1.0833","0 %","0.0000","0 %","0.0000","0 %","0.0000","0 %","0.0000","100 %","0000010000"
"1/8/2024 1:30:00 AM - 2:30:00 AM","45298.8750000000","6.25 %","6.2500","11 %","11.2500","","0.1667","39 %","38.6667","0 %","0.0000","1 %","1.0000","0 %","0.0000","0 %","0.0000","0 %","0.0000","0 %","0.0000","100 %","0000010000"
"1/8/2024 2:30:00 AM - 3:30:00 AM","45298.9166666667","6.08 %","6.0833","11 %","10.9167","0 %","0.0000","39 %","39.0000","0 %","0.0000","1 %","1.1667","0 %","0.0000","0 %","0.0000","0 %","0.0000","0 %","0.0000","100 %","0000010000"
"1/8/2024 3:30:00 AM - 4:30:00 AM","45298.9583333333","6.36 %","6.3636","11 %","11.0000","","0.1818","39 %","39.1818","0 %","0.0000","1 %","1.0000","0 %","0.0000","0 %","0.0000","0 %","0.0000","0 %","0.0000","100 %","0000010000"
"1/8/2024 4:30:00 AM - 5:30:00 AM","45299.0000000000","6.25 %","6.2500","10 %","10.5000","","0.0833","39 %","39.3333","0 %","0.0000","","0.9167","0 %","0.0000","0 %","0.0000","0 %","0.0000","0 %","0.0000","100 %","0000010000"
"1/8/2024 5:30:00 AM - 6:30:00 AM","45299.0416666667","6.27 %","6.2727","11 %","10.9091","","0.0909","39 %","38.8182","0 %","0.0000","","0.9091","0 %","0.0000","0 %","0.0000","0 %","0.0000","0 %","0.0000","100 %","0000010000"
"1/8/2024 6:30:00 AM - 7:30:00 AM","45299.0833333333","6.27 %","6.2727","11 %","11.4545","","0.1818","39 %","39.0000","0 %","0.0000","","0.7273","0 %","0.0000","0 %","0.0000","0 %","0.0000","0 %","0.0000","100 %","0000010000"
"1/8/2024 7:30:00 AM - 8:30:00 AM","45299.1250000000","6.08 %","6.0833","11 %","10.6667","","0.0833","39 %","39.0000","0 %","0.0000","","0.9167","0 %","0.0000","0 %","0.0000","0 %","0.0000","0 %","0.0000","100 %","0000010000"
"1/8/2024 8:30:00 AM - 9:30:00 AM","45299.1666666667","6.36 %","6.3636","11 %","10.8182","","0.0909","40 %","39.8182","0 %","0.0000","1 %","1.0909","0 %","0.0000","0 %","0.0000","0 %","0.0000","0 %","0.0000","100 %","0000010000"
"1/8/2024 9:30:00 AM - 10:30:00 AM","45299.2083333333","6.25 %","6.2500","12 %","11.7500","","0.1667","39 %","38.7500","","0.0833","1 %","1.2500","0 %","0.0000","","0.0833","0 %","0.0000","0 %","0.0000","100 %","0000010000"
"1/8/2024 10:30:00 AM - 11:30:00 AM","45299.2500000000","6.45 %","6.4545","12 %","12.4545","","0.1818","39 %","39.3636","0 %","0.0000","1 %","1.0909","0 %","0.0000","0 %","0.0000","0 %","0.0000","0 %","0.0000","100 %","0000010000"
"1/8/2024 11:30:00 AM - 12:30:00 PM","45299.2916666667","6.33 %","6.3333","11 %","11.1667","0 %","0.0000","39 %","39.0833","0 %","0.0000","1 %","1.1667","0 %","0.0000","0 %","0.0000","0 %","0.0000","0 %","0.0000","100 %","0000010000"
"1/8/2024 12:30:00 PM - 1:30:00 PM","45299.3333333333","6.42 %","6.4167","11 %","11.1667","","0.0833","39 %","39.4167","0 %","0.0000","1 %","1.0833","0 %","0.0000","0 %","0.0000","0 %","0.0000","0 %","0.0000","100 %","0000010000"
"1/8/2024 1:30:00 PM - 2:30:00 PM","45299.3750000000","6.33 %","6.3333","12 %","11.5833","0 %","0.0000","39 %","39.3333","0 %","0.0000","1 %","1.2500","0 %","0.0000","0 %","0.0000","0 %","0.0000","0 %","0.0000","100 %","0000010000"
"1/8/2024 2:30:00 PM - 3:30:00 PM","45299.4166666667","6.50 %","6.5000","12 %","11.6667","","0.1667","40 %","39.9167","0 %","0.0000","1 %","1.2500","0 %","0.0000","0 %","0.0000","0 %","0.0000","0 %","0.0000","100 %","0000010000"
"1/8/2024 3:30:00 PM - 4:30:00 PM","45299.4583333333","6.50 %","6.5000","12 %","12.5000","","0.0833","39 %","39.1667","0 %","0.0000","2 %","1.6667","0 %","0.0000","","0.0833","0 %","0.0000","0 %","0.0000","100 %","0000010000"
"1/8/2024 4:30:00 PM - 5:30:00 PM","45299.5000000000","6.33 %","6.3333","12 %","12.0000","","0.1667","39 %","38.8333","0 %","0.0000","1 %","1.2500","0 %","0.0000","0 %","0.0000","0 %","0.0000","0 %","0.0000","100 %","0000010000"
"1/8/2024 5:30:00 PM - 6:30:00 PM","45299.5416666667","6.67 %","6.6667","12 %","11.7500","","0.2500","40 %","39.5833","0 %","0.0000","1 %","1.4167","0 %","0.0000","0 %","0.0000","0 %","0.0000","0 %","0.0000","100 %","0000010000"
"1/8/2024 6:30:00 PM - 7:30:00 PM","45299.5833333333","6.33 %","6.3333","11 %","11.2500","","0.0833","40 %","39.7500","","0.0833","1 %","1.1667","0 %","0.0000","0 %","0.0000","0 %","0.0000","0 %","0.0000","100 %","0000010000"
"1/8/2024 7:30:00 PM - 8:30:00 PM","45299.6250000000","6.33 %","6.3333","12 %","11.7500","","0.0833","39 %","39.0833","0 %","0.0000","1 %","1.2500","0 %","0.0000","0 %","0.0000","0 %","0.0000","0 %","0.0000","100 %","0000010000"
"1/8/2024 8:30:00 PM - 9:30:00 PM","45299.6666666667","6.33 %","6.3333","11 %","10.9167","0 %","0.0000","39 %","39.3333","0 %","0.0000","","0.9167","0 %","0.0000","0 %","0.0000","0 %","0.0000","0 %","0.0000","100 %","0000010000"
"1/8/2024 9:30:00 PM - 10:30:00 PM","45299.7083333333","6.17 %","6.1667","11 %","10.9167","0 %","0.0000","39 %","39.2500","0 %","0.0000","1 %","1.0000","0 %","0.0000","0 %","0.0000","0 %","0.0000","0 %","0.0000","100 %","0000010000"
"1/8/2024 10:30:00 PM - 11:30:00 PM","45299.7500000000","5.82 %","5.8182","11 %","10.5455","0 %","0.0000","36 %","35.9091","0 %","0.0000","1 %","1.0909","0 %","0.0000","0 %","0.0000","0 %","0.0000","0 %","0.0000","100 %","0000010000"
"1/8/2024 11:30:00 PM - 12:30:00 AM","45299.7916666667","6.25 %","6.2500","12 %","11.5833","","0.0833","39 %","38.9167","0 %","0.0000","1 %","1.1667","0 %","0.0000","","0.0833","0 %","0.0000","0 %","0.0000","100 %","0000010000"
"1/9/2024 12:30:00 AM - 1:30:00 AM","45299.8333333333","6.17 %","6.1667","11 %","10.7500","","0.0833","38 %","38.2500","0 %","0.0000","1 %","1.0833","0 %","0.0000","","0.0833","0 %","0.0000","0 %","0.0000","100 %","0000010000"
"1/9/2024 1:30:00 AM - 2:30:00 AM","45299.8750000000","6.17 %","6.1667","11 %","10.9167","","0.0833","39 %","38.5833","0 %","0.0000","","0.8333","0 %","0.0000","0 %","0.0000","0 %","0.0000","0 %","0.0000","100 %","0000010000"
"1/9/2024 2:30:00 AM - 3:30:00 AM","45299.9166666667","6.18 %","6.1818","11 %","11.3636","","0.0909","38 %","38.0909","0 %","0.0000","","0.8182","0 %","0.0000","0 %","0.0000","0 %","0.0000","0 %","0.0000","100 %","0000010000"
"1/9/2024 3:30:00 AM - 4:30:00 AM","45299.9583333333","6.25 %","6.2500","11 %","10.5833","","0.0833","39 %","38.7500","0 %","0.0000","","0.9167","0 %","0.0000","0 %","0.0000","0 %","0.0000","0 %","0.0000","100 %","0000010000"
"1/9/2024 4:30:00 AM - 5:30:00 AM","45300.0000000000","6.18 %","6.1818","11 %","11.2727","","0.0909","39 %","38.5455","0 %","0.0000","1 %","1.0000","0 %","0.0000","0 %","0.0000","0 %","0.0000","0 %","0.0000","100 %","0000010000"
"1/9/2024 5:30:00 AM - 6:30:00 AM","45300.0416666667","6.08 %","6.0833","11 %","11.0000","0 %","0.0000","38 %","37.9167","0 %","0.0000","","0.9167","0 %","0.0000","0 %","0.0000","0 %","0.0000","0 %","0.0000","100 %","0000010000"
"1/9/2024 6:30:00 AM - 7:30:00 AM","45300.0833333333","6 %","6.0000","11 %","11.4545","0 %","0.0000","38 %","38.1818","0 %","0.0000","","0.7273","0 %","0.0000","0 %","0.0000","0 %","0.0000","0 %","0.0000","100 %","0000010000"
"1/9/2024 7:30:00 AM - 8:30:00 AM","45300.1250000000","6.18 %","6.1818","11 %","10.8182","0 %","0.0000","39 %","39.0909","0 %","0.0000","","0.9091","0 %","0.0000","","0.0909","0 %","0.0000","0 %","0.0000","100 %","0000010000"
"1/9/2024 8:30:00 AM - 9:30:00 AM","45300.1666666667","6.33 %","6.3333","11 %","11.1667","","0.2500","39 %","38.8333","0 %","0.0000","1 %","1.0000","0 %","0.0000","0 %","0.0000","0 %","0.0000","0 %","0.0000","100 %","0000010000"
"1/9/2024 9:30:00 AM - 10:30:00 AM","45300.2083333333","6.36 %","6.3636","11 %","11.3636","0 %","0.0000","39 %","39.3636","0 %","0.0000","1 %","1.1818","0 %","0.0000","0 %","0.0000","0 %","0.0000","0 %","0.0000","100 %","0000010000"
"1/9/2024 10:30:00 AM - 11:30:00 AM","45300.2500000000","6.08 %","6.0833","12 %","11.6667","0 %","0.0000","39 %","38.8333","0 %","0.0000","1 %","1.0000","0 %","0.0000","0 %","0.0000","0 %","0.0000","0 %","0.0000","100 %","0000010000"
"1/9/2024 11:30:00 AM - 12:30:00 PM","45300.2916666667","6.17 %","6.1667","11 %","11.3333","","0.0833","38 %","38.3333","0 %","0.0000","1 %","1.3333","0 %","0.0000","","0.0833","0 %","0.0000","0 %","0.0000","100 %","0000010000"
"1/9/2024 12:30:00 PM - 1:30:00 PM","45300.3333333333","6.42 %","6.4167","12 %","11.7500","","0.0833","39 %","39.2500","0 %","0.0000","1 %","1.1667","0 %","0.0000","0 %","0.0000","0 %","0.0000","0 %","0.0000","100 %","0000010000"
"1/9/2024 1:30:00 PM - 2:30:00 PM","45300.3750000000","6.17 %","6.1667","11 %","11.0000","0 %","0.0000","40 %","39.5833","0 %","0.0000","1 %","1.0833","0 %","0.0000","0 %","0.0000","0 %","0.0000","0 %","0.0000","100 %","0000010000"
"1/9/2024 2:30:00 PM - 3:30:00 PM","45300.4166666667","6.17 %","6.1667","11 %","11.0833","0 %","0.0000","39 %","38.9167","0 %","0.0000","1 %","1.1667","0 %","0.0000","0 %","0.0000","0 %","0.0000","0 %","0.0000","100 %","0000010000"
"1/9/2024 3:30:00 PM - 4:30:00 PM","45300.4583333333","6.33 %","6.3333","12 %","11.8333","","0.1667","38 %","38.1667","0 %","0.0000","1 %","1.1667","0 %","0.0000","0 %","0.0000","0 %","0.0000","0 %","0.0000","100 %","0000010000"
"1/9/2024 4:30:00 PM - 5:30:00 PM","45300.5000000000","6.25 %","6.2500","12 %","11.5833","0 %","0.0000","38 %","38.5000","0 %","0.0000","1 %","1.3333","0 %","0.0000","0 %","0.0000","0 %","0.0000","0 %","0.0000","100 %","0000010000"
"1/9/2024 5:30:00 PM - 6:30:00 PM","45300.5416666667","6.50 %","6.5000","12 %","11.6667","0 %","0.0000","39 %","39.4167","0 %","0.0000","1 %","1.0833","0 %","0.0000","0 %","0.0000","0 %","0.0000","0 %","0.0000","100 %","0000010000"
"1/9/2024 6:30:00 PM - 7:30:00 PM","45300.5833333333","6.17 %","6.1667","11 %","11.2500","0 %","0.0000","39 %","39.0000","0 %","0.0000","1 %","1.1667","0 %","0.0000","0 %","0.0000","0 %","0.0000","0 %","0.0000","100 %","0000010000"
"1/9/2024 7:30:00 PM - 8:30:00 PM","45300.6250000000","6.50 %","6.5000","12 %","11.6667","0 %","0.0000","40 %","39.5000","0 %","0.0000","1 %","1.0000","0 %","0.0000","0 %","0.0000","0 %","0.0000","0 %","0.0000","100 %","0000010000"
"1/9/2024 8:30:00 PM - 9:30:00 PM","45300.6666666667","6.42 %","6.4167","11 %","11.0833","0 %","0.0000","40 %","40.2500","0 %","0.0000","1 %","1.0833","0 %","0.0000","0 %","0.0000","0 %","0.0000","0 %","0.0000","100 %","0000010000"
"1/9/2024 9:30:00 PM - 10:30:00 PM","45300.7083333333","6.42 %","6.4167","12 %","11.5000","","0.1667","40 %","39.9167","0 %","0.0000","1 %","1.2500","0 %","0.0000","0 %","0.0000","0 %","0.0000","0 %","0.0000","100 %","0000010000"
"1/9/2024 10:30:00 PM - 11:30:00 PM","45300.7500000000","6.36 %","6.3636","11 %","10.7273","0 %","0.0000","40 %","39.6364","0 %","0.0000","1 %","1.0000","0 %","0.0000","0 %","0.0000","0 %","0.0000","0 %","0.0000","100 %","0000010000"
"1/9/2024 11:30:00 PM - 12:30:00 AM","45300.7916666667","6.17 %","6.1667","11 %","10.7500","","0.0833","39 %","38.7500","0 %","0.0000","1 %","1.2500","0 %","0.0000","","0.0833","0 %","0.0000","0 %","0.0000","100 %","0000010000"
"1/10/2024 12:30:00 AM - 1:30:00 AM","45300.8333333333","6.08 %","6.0833","10 %","10.3333","0 %","0.0000","39 %","39.3333","0 %","0.0000","","0.8333","0 %","0.0000","0 %","0.0000","0 %","0.0000","0 %","0.0000","100 %","0000010000"
"1/10/2024 1:30:00 AM - 2:30:00 AM","45300.8750000000","6.08 %","6.0833","10 %","10.2500","0 %","0.0000","39 %","38.8333","0 %","0.0000","1 %","1.0833","0 %","0.0000","","0.0833","0 %","0.0000","0 %","0.0000","100 %","0000010000"
"1/10/2024 2:30:00 AM - 3:30:00 AM","45300.9166666667","6.18 %","6.1818","11 %","11.1818","0 %","0.0000","39 %","38.7273","0 %","0.0000","1 %","1.0000","0 %","0.0000","0 %","0.0000","0 %","0.0000","0 %","0.0000","100 %","0000010000"
"1/10/2024 3:30:00 AM - 4:30:00 AM","45300.9583333333","6 %","6.0000","10 %","10.3333","0 %","0.0000","39 %","38.7500","0 %","0.0000","","0.9167","0 %","0.0000","0 %","0.0000","0 %","0.0000","0 %","0.0000","100 %","0000010000"
"1/10/2024 4:30:00 AM - 5:30:00 AM","45301.0000000000","6.08 %","6.0833","11 %","10.5833","","0.0833","39 %","39.0833","0 %","0.0000","","0.8333","0 %","0.0000","0 %","0.0000","0 %","0.0000","0 %","0.0000","100 %","0000010000"
"1/10/2024 5:30:00 AM - 6:30:00 AM","45301.0416666667","6.09 %","6.0909","11 %","11.0000","0 %","0.0000","38 %","38.3636","0 %","0.0000","1 %","1.0000","0 %","0.0000","0 %","0.0000","0 %","0.0000","0 %","0.0000","100 %","0000010000"
"1/10/2024 6:30:00 AM - 7:30:00 AM","45301.0833333333","6.09 %","6.0909","10 %","10.3636","0 %","0.0000","39 %","38.7273","0 %","0.0000","1 %","1.0000","0 %","0.0000","0 %","0.0000","0 %","0.0000","0 %","0.0000","100 %","0000010000"
"1/10/2024 7:30:00 AM - 8:30:00 AM","45301.1250000000","6.17 %","6.1667","11 %","10.5833","0 %","0.0000","38 %","38.2500","0 %","0.0000","1 %","1.0000","0 %","0.0000","0 %","0.0000","0 %","0.0000","0 %","0.0000","100 %","0000010000"
"1/10/2024 8:30:00 AM - 9:30:00 AM","45301.1666666667","6 %","6.0000","11 %","10.7273","0 %","0.0000","38 %","38.4545","0 %","0.0000","1 %","1.0000","0 %","0.0000","0 %","0.0000","0 %","0.0000","0 %","0.0000","100 %","0000010000"
"1/10/2024 9:30:00 AM - 10:30:00 AM","45301.2083333333","6.08 %","6.0833","11 %","10.8333","0 %","0.0000","39 %","39.0833","0 %","0.0000","1 %","1.0000","0 %","0.0000","0 %","0.0000","0 %","0.0000","0 %","0.0000","100 %","0000010000"
"1/10/2024 10:30:00 AM - 11:30:00 AM","45301.2500000000","6.08 %","6.0833","10 %","10.5000","0 %","0.0000","39 %","39.4167","0 %","0.0000","","0.8333","0 %","0.0000","0 %","0.0000","0 %","0.0000","0 %","0.0000","100 %","0000010000"
"1/10/2024 11:30:00 AM - 12:30:00 PM","45301.2916666667","6.33 %","6.3333","11 %","11.1667","0 %","0.0000","40 %","39.9167","0 %","0.0000","1 %","1.2500","0 %","0.0000","","0.0833","0 %","0.0000","0 %","0.0000","100 %","0000010000"
"1/10/2024 12:30:00 PM - 1:30:00 PM","45301.3333333333","6.17 %","6.1667","12 %","11.6667","0 %","0.0000","39 %","38.7500","0 %","0.0000","","0.9167","0 %","0.0000","0 %","0.0000","0 %","0.0000","0 %","0.0000","100 %","0000010000"
"1/10/2024 1:30:00 PM - 2:30:00 PM","45301.3750000000","6.33 %","6.3333","11 %","11.3333","","0.0833","40 %","39.5833","0 %","0.0000","1 %","1.2500","0 %","0.0000","","0.1667","0 %","0.0000","0 %","0.0000","100 %","0000010000"
"1/10/2024 2:30:00 PM - 3:30:00 PM","45301.4166666667","6.17 %","6.1667","11 %","10.6667","0 %","0.0000","40 %","39.5833","0 %","0.0000","1 %","1.1667","0 %","0.0000","0 %","0.0000","0 %","0.0000","0 %","0.0000","100 %","0000010000"
"1/10/2024 3:30:00 PM - 4:30:00 PM","45301.4583333333","6.17 %","6.1667","11 %","11.4167","0 %","0.0000","39 %","38.8333","0 %","0.0000","1 %","1.0000","0 %","0.0000","0 %","0.0000","0 %","0.0000","0 %","0.0000","100 %","0000010000"
"1/10/2024 4:30:00 PM - 5:30:00 PM","45301.5000000000","6.08 %","6.0833","11 %","11.1667","0 %","0.0000","39 %","39.0000","0 %","0.0000","1 %","1.2500","0 %","0.0000","0 %","0.0000","0 %","0.0000","0 %","0.0000","100 %","0000010000"
"1/10/2024 5:30:00 PM - 6:30:00 PM","45301.5416666667","6.17 %","6.1667","12 %","11.6667","0 %","0.0000","39 %","39.1667","0 %","0.0000","1 %","1.0833","0 %","0.0000","0 %","0.0000","0 %","0.0000","0 %","0.0000","100 %","0000010000"
"1/10/2024 6:30:00 PM - 7:30:00 PM","45301.5833333333","6.33 %","6.3333","11 %","11.3333","","0.0833","39 %","39.2500","0 %","0.0000","1 %","1.0000","0 %","0.0000","","0.0833","0 %","0.0000","0 %","0.0000","100 %","0000010000"
"1/10/2024 7:30:00 PM - 8:30:00 PM","45301.6250000000","6.08 %","6.0833","11 %","11.2500","0 %","0.0000","39 %","38.9167","0 %","0.0000","1 %","1.0833","0 %","0.0000","","0.0833","0 %","0.0000","0 %","0.0000","100 %","0000010000"
"1/10/2024 8:30:00 PM - 9:30:00 PM","45301.6666666667","6.25 %","6.2500","12 %","12.0000","0 %","0.0000","39 %","38.6667","0 %","0.0000","1 %","1.0833","0 %","0.0000","0 %","0.0000","0 %","0.0000","0 %","0.0000","100 %","0000010000"
"1/10/2024 9:30:00 PM - 10:30:00 PM","45301.7083333333","6.25 %","6.2500","11 %","11.0000","0 %","0.0000","39 %","39.1667","0 %","0.0000","1 %","1.1667","0 %","0.0000","0 %","0.0000","0 %","0.0000","0 %","0.0000","100 %","0000010000"
"1/10/2024 10:30:00 PM - 11:30:00 PM","45301.7500000000","6.17 %","6.1667","11 %","10.9167","","0.0833","39 %","39.0000","0 %","0.0000","1 %","1.1667","0 %","0.0000","0 %","0.0000","0 %","0.0000","0 %","0.0000","100 %","0000010000"
"1/10/2024 11:30:00 PM - 12:30:00 AM","45301.7916666667","6.25 %","6.2500","11 %","11.2500","0 %","0.0000","38 %","38.1667","0 %","0.0000","1 %","1.1667","0 %","0.0000","","0.0833","0 %","0.0000","0 %","0.0000","100 %","0000010000"
"1/11/2024 12:30:00 AM - 1:30:00 AM","45301.8333333333","6.17 %","6.1667","11 %","11.2500","0 %","0.0000","39 %","38.7500","0 %","0.0000","1 %","1.3333","0 %","0.0000","","0.0833","0 %","0.0000","0 %","0.0000","100 %","0000010000"
"1/11/2024 1:30:00 AM - 2:30:00 AM","45301.8750000000","6 %","6.0000","11 %","10.6667","0 %","0.0000","38 %","38.2500","0 %","0.0000","","0.8333","0 %","0.0000","0 %","0.0000","0 %","0.0000","0 %","0.0000","100 %","0000010000"
"1/11/2024 2:30:00 AM - 3:30:00 AM","45301.9166666667","6 %","6.0000","11 %","11.3333","0 %","0.0000","38 %","37.6667","0 %","0.0000","1 %","1.0000","0 %","0.0000","0 %","0.0000","0 %","0.0000","0 %","0.0000","100 %","0000010000"
"1/11/2024 3:30:00 AM - 4:30:00 AM","45301.9583333333","6 %","6.0000","11 %","10.7500","0 %","0.0000","38 %","38.2500","0 %","0.0000","1 %","1.0000","0 %","0.0000","0 %","0.0000","0 %","0.0000","0 %","0.0000","100 %","0000010000"
"1/11/2024 4:30:00 AM - 5:30:00 AM","45302.0000000000","6 %","6.0000","11 %","11.1667","0 %","0.0000","38 %","37.8333","0 %","0.0000","","0.7500","0 %","0.0000","","0.0833","0 %","0.0000","0 %","0.0000","100 %","0000010000"
"1/11/2024 5:30:00 AM - 6:30:00 AM","45302.0416666667","6 %","6.0000","11 %","11.3333","0 %","0.0000","37 %","37.1667","0 %","0.0000","","0.9167","0 %","0.0000","0 %","0.0000","0 %","0.0000","0 %","0.0000","100 %","0000010000"
"1/11/2024 6:30:00 AM - 7:30:00 AM","45302.0833333333","6 %","6.0000","11 %","11.0833","0 %","0.0000","38 %","38.0833","0 %","0.0000","","0.9167","0 %","0.0000","0 %","0.0000","0 %","0.0000","0 %","0.0000","100 %","0000010000"
"1/11/2024 7:30:00 AM - 8:30:00 AM","45302.1250000000","6.08 %","6.0833","11 %","11.2500","0 %","0.0000","38 %","38.0000","","0.0833","1 %","1.2500","0 %","0.0000","","0.0833","0 %","0.0000","0 %","0.0000","100 %","0000010000"
"1/11/2024 8:30:00 AM - 9:30:00 AM","45302.1666666667","6.33 %","6.3333","11 %","11.3333","0 %","0.0000","40 %","39.6667","0 %","0.0000","1 %","1.0000","0 %","0.0000","0 %","0.0000","0 %","0.0000","0 %","0.0000","100 %","0000010000"
"1/11/2024 9:30:00 AM - 10:30:00 AM","45302.2083333333","6.25 %","6.2500","11 %","11.0833","","0.0833","39 %","38.9167","0 %","0.0000","1 %","1.0000","0 %","0.0000","0 %","0.0000","0 %","0.0000","0 %","0.0000","100 %","0000010000"
"1/11/2024 10:30:00 AM - 11:30:00 AM","45302.2500000000","6.25 %","6.2500","12 %","11.5833","0 %","0.0000","39 %","38.9167","0 %","0.0000","1 %","1.0833","0 %","0.0000","","0.0833","0 %","0.0000","0 %","0.0000","100 %","0000010000"
"1/11/2024 11:30:00 AM - 12:30:00 PM","45302.2916666667","6.17 %","6.1667","12 %","11.7500","0 %","0.0000","39 %","38.8333","0 %","0.0000","1 %","1.0000","0 %","0.0000","0 %","0.0000","0 %","0.0000","0 %","0.0000","100 %","0000010000"
"1/11/2024 12:30:00 PM - 1:30:00 PM","45302.3333333333","6.42 %","6.4167","12 %","11.7500","0 %","0.0000","39 %","39.1667","0 %","0.0000","1 %","1.2500","0 %","0.0000","0 %","0.0000","0 %","0.0000","0 %","0.0000","100 %","0000010000"
"1/11/2024 1:30:00 PM - 2:30:00 PM","45302.3750000000","6.50 %","6.5000","12 %","11.9167","0 %","0.0000","39 %","39.1667","0 %","0.0000","1 %","1.0833","0 %","0.0000","0 %","0.0000","0 %","0.0000","0 %","0.0000","100 %","0000010000"
"1/11/2024 2:30:00 PM - 3:30:00 PM","45302.4166666667","6.27 %","6.2727","11 %","11.0909","0 %","0.0000","40 %","39.5455","0 %","0.0000","1 %","1.0909","0 %","0.0000","0 %","0.0000","0 %","0.0000","0 %","0.0000","100 %","0000010000"
"1/11/2024 3:30:00 PM - 4:30:00 PM","45302.4583333333","6.42 %","6.4167","12 %","12.1667","","0.0833","38 %","38.5000","0 %","0.0000","2 %","1.5000","0 %","0.0000","","0.0833","0 %","0.0000","0 %","0.0000","100 %","0000010000"
"1/11/2024 4:30:00 PM - 5:30:00 PM","45302.5000000000","6.25 %","6.2500","11 %","11.2500","","0.0833","40 %","39.7500","0 %","0.0000","1 %","1.0833","0 %","0.0000","0 %","0.0000","0 %","0.0000","0 %","0.0000","100 %","0000010000"
"1/11/2024 5:30:00 PM - 6:30:00 PM","45302.5416666667","6.50 %","6.5000","12 %","11.7500","","0.0833","39 %","39.4167","0 %","0.0000","1 %","1.1667","0 %","0.0000","0 %","0.0000","0 %","0.0000","0 %","0.0000","100 %","0000010000"
"1/11/2024 6:30:00 PM - 7:30:00 PM","45302.5833333333","6.58 %","6.5833","12 %","11.5000","0 %","0.0000","40 %","39.8333","0 %","0.0000","1 %","1.1667","0 %","0.0000","0 %","0.0000","0 %","0.0000","0 %","0.0000","100 %","0000010000"
"1/11/2024 7:30:00 PM - 8:30:00 PM","45302.6250000000","6.50 %","6.5000","12 %","11.5833","","0.1667","40 %","39.5000","0 %","0.0000","1 %","1.2500","0 %","0.0000","","0.0833","0 %","0.0000","0 %","0.0000","100 %","0000010000"
"1/11/2024 8:30:00 PM - 9:30:00 PM","45302.6666666667","6.08 %","6.0833","10 %","10.5000","","0.0833","38 %","38.0833","0 %","0.0000","1 %","1.1667","0 %","0.0000","0 %","0.0000","0 %","0.0000","0 %","0.0000","100 %","0000010000"
"1/11/2024 9:30:00 PM - 10:30:00 PM","45302.7083333333","6.17 %","6.1667","11 %","10.6667","0 %","0.0000","40 %","39.5833","0 %","0.0000","1 %","1.0000","0 %","0.0000","0 %","0.0000","0 %","0.0000","0 %","0.0000","100 %","0000010000"
"1/11/2024 10:30:00 PM - 11:30:00 PM","45302.7500000000","6.17 %","6.1667","12 %","11.6667","0 %","0.0000","38 %","38.5000","0 %","0.0000","1 %","1.0833","0 %","0.0000","0 %","0.0000","0 %","0.0000","0 %","0.0000","100 %","0000010000"
"1/11/2024 11:30:00 PM - 12:30:00 AM","45302.7916666667","6.08 %","6.0833","11 %","10.6667","0 %","0.0000","38 %","38.4167","0 %","0.0000","1 %","1.0000","0 %","0.0000","","0.0833","0 %","0.0000","0 %","0.0000","100 %","0000010000"
"1/12/2024 12:30:00 AM - 1:30:00 AM","45302.8333333333","6.25 %","6.2500","11 %","10.5833","0 %","0.0000","38 %","38.3333","0 %","0.0000","1 %","1.0000","0 %","0.0000","0 %","0.0000","0 %","0.0000","0 %","0.0000","100 %","0000010000"
"1/12/2024 1:30:00 AM - 2:30:00 AM","45302.8750000000","6 %","6.0000","10 %","9.5833","1 %","1.0000","38 %","38.4167","0 %","0.0000","","0.6667","0 %","0.0000","0 %","0.0000","0 %","0.0000","0 %","0.0000","100 %","0000010000"
"1/12/2024 2:30:00 AM - 3:30:00 AM","45302.9166666667","6.08 %","6.0833","11 %","10.5833","0 %","0.0000","38 %","38.2500","0 %","0.0000","","0.7500","0 %","0.0000","0 %","0.0000","0 %","0.0000","0 %","0.0000","100 %","0000010000"
"1/12/2024 3:30:00 AM - 4:30:00 AM","45302.9583333333","6 %","6.0000","10 %","9.9167","0 %","0.0000","37 %","37.4167","0 %","0.0000","","0.9167","0 %","0.0000","0 %","0.0000","0 %","0.0000","0 %","0.0000","100 %","0000010000"
"1/12/2024 4:30:00 AM - 5:30:00 AM","45303.0000000000","6 %","6.0000","10 %","10.2500","0 %","0.0000","38 %","38.2500","0 %","0.0000","","0.6667","0 %","0.0000","0 %","0.0000","0 %","0.0000","0 %","0.0000","100 %","0000010000"
"1/12/2024 5:30:00 AM - 6:30:00 AM","45303.0416666667","6.08 %","6.0833","11 %","11.1667","0 %","0.0000","38 %","37.5000","0 %","0.0000","","0.8333","0 %","0.0000","0 %","0.0000","0 %","0.0000","0 %","0.0000","100 %","0000010000"
"1/12/2024 6:30:00 AM - 7:30:00 AM","45303.0833333333","6 %","6.0000","10 %","10.5000","0 %","0.0000","38 %","38.1667","0 %","0.0000","","0.6667","0 %","0.0000","0 %","0.0000","0 %","0.0000","0 %","0.0000","100 %","0000010000"
"1/12/2024 7:30:00 AM - 8:30:00 AM","45303.1250000000","6.08 %","6.0833","11 %","10.7500","0 %","0.0000","38 %","38.3333","0 %","0.0000","","0.7500","0 %","0.0000","0 %","0.0000","0 %","0.0000","0 %","0.0000","100 %","0000010000"
"1/12/2024 8:30:00 AM - 9:30:00 AM","45303.1666666667","6 %","6.0000","11 %","11.1667","0 %","0.0000","38 %","38.0000","0 %","0.0000","","0.7500","0 %","0.0000","0 %","0.0000","0 %","0.0000","0 %","0.0000","100 %","0000010000"
"1/12/2024 9:30:00 AM - 10:30:00 AM","45303.2083333333","6.25 %","6.2500","11 %","10.7500","","0.0833","39 %","38.8333","0 %","0.0000","1 %","1.0833","0 %","0.0000","0 %","0.0000","0 %","0.0000","0 %","0.0000","100 %","0000010000"
"1/12/2024 10:30:00 AM - 11:30:00 AM","45303.2500000000","6.08 %","6.0833","11 %","11.4167","","0.1667","38 %","38.3333","0 %","0.0000","","0.9167","0 %","0.0000","0 %","0.0000","0 %","0.0000","0 %","0.0000","100 %","0000010000"
"1/12/2024 11:30:00 AM - 12:30:00 PM","45303.2916666667","6.50 %","6.5000","12 %","12.2500","","0.3333","39 %","38.8333","0 %","0.0000","1 %","1.3333","0 %","0.0000","","0.0833","0 %","0.0000","0 %","0.0000","100 %","0000010000"
"1/12/2024 12:30:00 PM - 1:30:00 PM","45303.3333333333","6.25 %","6.2500","12 %","12.1667","0 %","0.0000","38 %","38.4167","0 %","0.0000","","0.9167","0 %","0.0000","0 %","0.0000","0 %","0.0000","0 %","0.0000","100 %","0000010000"
"1/12/2024 1:30:00 PM - 2:30:00 PM","45303.3750000000","6 %","6.0000","11 %","11.4167","0 %","0.0000","39 %","38.7500","0 %","0.0000","1 %","1.0000","0 %","0.0000","0 %","0.0000","0 %","0.0000","0 %","0.0000","100 %","0000010000"
"1/12/2024 2:30:00 PM - 3:30:00 PM","45303.4166666667","6.58 %","6.5833","14 %","13.5000","0 %","0.0000","38 %","38.2500","0 %","0.0000","1 %","1.2500","0 %","0.0000","0 %","0.0000","0 %","0.0000","0 %","0.0000","100 %","0000010000"
"1/12/2024 3:30:00 PM - 4:30:00 PM","45303.4583333333","7 %","7.0000","17 %","17.2500","","0.1667","36 %","35.6667","0 %","0.0000","1 %","1.3333","0 %","0.0000","0 %","0.0000","0 %","0.0000","0 %","0.0000","100 %","0000010000"
"1/12/2024 4:30:00 PM - 5:30:00 PM","45303.5000000000","6.92 %","6.9167","18 %","17.8333","","0.5000","36 %","36.0000","0 %","0.0000","1 %","1.1667","0 %","0.0000","0 %","0.0000","0 %","0.0000","0 %","0.0000","100 %","0000010000"
"1/12/2024 5:30:00 PM - 6:30:00 PM","45303.5416666667","7.17 %","7.1667","18 %","17.9167","","0.1667","36 %","36.4167","0 %","0.0000","2 %","1.5000","0 %","0.0000","","0.1667","0 %","0.0000","0 %","0.0000","100 %","0000010000"
"1/12/2024 6:30:00 PM - 7:30:00 PM","45303.5833333333","6.42 %","6.4167","14 %","13.5000","","0.1667","38 %","38.3333","","0.1667","1 %","1.0000","0 %","0.0000","","0.0833","0 %","0.0000","0 %","0.0000","100 %","0000010000"
"1/12/2024 7:30:00 PM - 8:30:00 PM","45303.6250000000","6.42 %","6.4167","11 %","11.0000","0 %","0.0000","40 %","40.3333","0 %","0.0000","1 %","1.3333","0 %","0.0000","0 %","0.0000","0 %","0.0000","0 %","0.0000","100 %","0000010000"
"1/12/2024 8:30:00 PM - 9:30:00 PM","45303.6666666667","6.33 %","6.3333","12 %","11.5833","0 %","0.0000","39 %","39.1667","0 %","0.0000","1 %","1.3333","0 %","0.0000","0 %","0.0000","0 %","0.0000","0 %","0.0000","100 %","0000010000"
"1/12/2024 9:30:00 PM - 10:30:00 PM","45303.7083333333","6.25 %","6.2500","11 %","10.6667","","0.0833","39 %","39.0000","0 %","0.0000","1 %","1.0833","0 %","0.0000","0 %","0.0000","0 %","0.0000","0 %","0.0000","100 %","0000010000"
"1/12/2024 10:30:00 PM - 11:30:00 PM","45303.7500000000","6.17 %","6.1667","12 %","11.5000","0 %","0.0000","38 %","38.5000","0 %","0.0000","","0.9167","0 %","0.0000","0 %","0.0000","0 %","0.0000","0 %","0.0000","100 %","0000010000"
"1/12/2024 11:30:00 PM - 12:30:00 AM","45303.7916666667","6.25 %","6.2500","12 %","11.5833","","0.0833","38 %","38.4167","","0.0833","1 %","1.0833","0 %","0.0000","","0.0833","0 %","0.0000","0 %","0.0000","100 %","0000010000"
"1/13/2024 12:30:00 AM - 1:30:00 AM","45303.8333333333","6 %","6.0000","10 %","10.5000","0 %","0.0000","39 %","38.7500","0 %","0.0000","","0.7500","0 %","0.0000","0 %","0.0000","0 %","0.0000","0 %","0.0000","100 %","0000010000"
"1/13/2024 1:30:00 AM - 2:30:00 AM","45303.8750000000","6 %","6.0000","10 %","10.5000","0 %","0.0000","39 %","38.8333","0 %","0.0000","","0.7500","0 %","0.0000","0 %","0.0000","0 %","0.0000","0 %","0.0000","100 %","0000010000"
"1/13/2024 2:30:00 AM - 3:30:00 AM","45303.9166666667","6 %","6.0000","11 %","10.9167","0 %","0.0000","38 %","38.2500","0 %","0.0000","","0.6667","0 %","0.0000","0 %","0.0000","0 %","0.0000","0 %","0.0000","100 %","0000010000"
"1/13/2024 3:30:00 AM - 4:30:00 AM","45303.9583333333","6 %","6.0000","10 %","10.0833","0 %","0.0000","38 %","38.2500","0 %","0.0000","","0.3333","0 %","0.0000","0 %","0.0000","0 %","0.0000","0 %","0.0000","100 %","0000010000"
"1/13/2024 4:30:00 AM - 5:30:00 AM","45304.0000000000","6 %","6.0000","10 %","10.3333","0 %","0.0000","38 %","38.4167","0 %","0.0000","","0.5833","0 %","0.0000","0 %","0.0000","0 %","0.0000","0 %","0.0000","100 %","0000010000"
"1/13/2024 5:30:00 AM - 6:30:00 AM","45304.0416666667","6.08 %","6.0833","11 %","10.6667","0 %","0.0000","38 %","37.9167","0 %","0.0000","","0.6667","0 %","0.0000","0 %","0.0000","0 %","0.0000","0 %","0.0000","100 %","0000010000"
"1/13/2024 6:30:00 AM - 7:30:00 AM","45304.0833333333","6 %","6.0000","10 %","10.4167","0 %","0.0000","39 %","38.5833","0 %","0.0000","","0.5833","0 %","0.0000","0 %","0.0000","0 %","0.0000","0 %","0.0000","100 %","0000010000"
"1/13/2024 7:30:00 AM - 8:30:00 AM","45304.1250000000","6.08 %","6.0833","11 %","10.9167","","0.1667","38 %","38.4167","0 %","0.0000","1 %","1.0000","0 %","0.0000","0 %","0.0000","0 %","0.0000","0 %","0.0000","100 %","0000010000"
"1/13/2024 8:30:00 AM - 9:30:00 AM","45304.1666666667","6 %","6.0000","10 %","10.5000","0 %","0.0000","39 %","39.0000","0 %","0.0000","","0.7500","0 %","0.0000","0 %","0.0000","0 %","0.0000","0 %","0.0000","100 %","0000010000"
"1/13/2024 9:30:00 AM - 10:30:00 AM","45304.2083333333","6.08 %","6.0833","11 %","10.7500","","0.0833","38 %","38.5000","0 %","0.0000","","0.8333","0 %","0.0000","0 %","0.0000","0 %","0.0000","0 %","0.0000","100 %","0000010000"
"1/13/2024 10:30:00 AM - 11:30:00 AM","45304.2500000000","6.08 %","6.0833","11 %","10.5833","0 %","0.0000","39 %","38.8333","0 %","0.0000","","0.8333","0 %","0.0000","0 %","0.0000","0 %","0.0000","0 %","0.0000","100 %","0000010000"
"1/13/2024 11:30:00 AM - 12:30:00 PM","45304.2916666667","6 %","6.0000","11 %","11.0833","0 %","0.0000","38 %","38.0833","0 %","0.0000","","0.6667","0 %","0.0000","0 %","0.0000","0 %","0.0000","0 %","0.0000","100 %","0000010000"
"1/13/2024 12:30:00 PM - 1:30:00 PM","45304.3333333333","6 %","6.0000","11 %","11.1667","0 %","0.0000","38 %","38.4167","0 %","0.0000","","0.7500","0 %","0.0000","0 %","0.0000","0 %","0.0000","0 %","0.0000","100 %","0000010000"
"1/13/2024 1:30:00 PM - 2:30:00 PM","45304.3750000000","6.08 %","6.0833","11 %","10.5833","0 %","0.0000","39 %","39.0833","0 %","0.0000","","0.7500","0 %","0.0000","0 %","0.0000","0 %","0.0000","0 %","0.0000","100 %","0000010000"
"1/13/2024 2:30:00 PM - 3:30:00 PM","45304.4166666667","6.08 %","6.0833","11 %","10.8333","","0.0833","38 %","38.3333","0 %","0.0000","1 %","1.0000","0 %","0.0000","0 %","0.0000","0 %","0.0000","0 %","0.0000","100 %","0000010000"
"1/13/2024 3:30:00 PM - 4:30:00 PM","45304.4583333333","6.08 %","6.0833","11 %","11.1667","0 %","0.0000","38 %","37.8333","0 %","0.0000","","0.6667","0 %","0.0000","0 %","0.0000","0 %","0.0000","0 %","0.0000","100 %","0000010000"
"1/13/2024 4:30:00 PM - 5:30:00 PM","45304.5000000000","6.33 %","6.3333","11 %","11.1667","0 %","0.0000","39 %","39.2500","0 %","0.0000","","0.8333","0 %","0.0000","0 %","0.0000","0 %","0.0000","0 %","0.0000","100 %","0000010000"
"1/13/2024 5:30:00 PM - 6:30:00 PM","45304.5416666667","6 %","6.0000","11 %","10.5833","0 %","0.0000","38 %","38.0833","0 %","0.0000","","0.8333","0 %","0.0000","0 %","0.0000","0 %","0.0000","0 %","0.0000","100 %","0000010000"
"1/13/2024 6:30:00 PM - 7:30:00 PM","45304.5833333333","6.08 %","6.0833","11 %","10.9167","","0.1667","38 %","37.9167","0 %","0.0000","","0.7500","0 %","0.0000","0 %","0.0000","0 %","0.0000","0 %","0.0000","100 %","0000010000"
"1/13/2024 7:30:00 PM - 8:30:00 PM","45304.6250000000","6.25 %","6.2500","12 %","11.5833","","0.0833","38 %","38.3333","0 %","0.0000","1 %","1.0833","0 %","0.0000","","0.1667","0 %","0.0000","0 %","0.0000","100 %","0000010000"
"1/13/2024 8:30:00 PM - 9:30:00 PM","45304.6666666667","6 %","6.0000","11 %","11.0833","0 %","0.0000","37 %","37.0000","0 %","0.0000","1 %","1.0000","0 %","0.0000","0 %","0.0000","0 %","0.0000","0 %","0.0000","100 %","0000010000"
"1/13/2024 9:30:00 PM - 10:30:00 PM","45304.7083333333","6 %","6.0000","10 %","10.4167","0 %","0.0000","38 %","37.6667","0 %","0.0000","","0.6667","0 %","0.0000","0 %","0.0000","0 %","0.0000","0 %","0.0000","100 %","0000010000"
"1/13/2024 10:30:00 PM - 11:30:00 PM","45304.7500000000","6.08 %","6.0833","12 %","11.6667","","0.0833","38 %","38.0833","0 %","0.0000","","0.9167","0 %","0.0000","","0.0833","0 %","0.0000","0 %","0.0000","100 %","0000010000"
"1/13/2024 11:30:00 PM - 12:30:00 AM","45304.7916666667","6.17 %","6.1667","11 %","10.8333","0 %","0.0000","38 %","38.4167","0 %","0.0000","1 %","1.0833","0 %","0.0000","0 %","0.0000","0 %","0.0000","0 %","0.0000","100 %","0000010000"
"1/14/2024 12:30:00 AM - 1:30:00 AM","45304.8333333333","6.08 %","6.0833","11 %","11.1667","0 %","0.0000","38 %","37.5000","0 %","0.0000","","0.9167","0 %","0.0000","0 %","0.0000","0 %","0.0000","0 %","0.0000","100 %","0000010000"
"1/14/2024 1:30:00 AM - 2:30:00 AM","45304.8750000000","6 %","6.0000","12 %","11.5000","0 %","0.0000","37 %","37.2500","0 %","0.0000","","0.5833","0 %","0.0000","0 %","0.0000","0 %","0.0000","0 %","0.0000","100 %","0000010000"
"1/14/2024 2:30:00 AM - 3:30:00 AM","45304.9166666667","6 %","6.0000","12 %","11.6667","0 %","0.0000","38 %","37.5000","0 %","0.0000","","0.5833","0 %","0.0000","0 %","0.0000","0 %","0.0000","0 %","0.0000","100 %","0000010000"
"1/14/2024 3:30:00 AM - 4:30:00 AM","45304.9583333333","6.17 %","6.1667","11 %","11.4167","","0.0833","37 %","37.4167","0 %","0.0000","","0.5833","0 %","0.0000","0 %","0.0000","0 %","0.0000","0 %","0.0000","100 %","0000010000"
"1/14/2024 4:30:00 AM - 5:30:00 AM","45305.0000000000","6.09 %","6.0909","13 %","12.6364","0 %","0.0000","37 %","37.2727","0 %","0.0000","","0.9091","0 %","0.0000","0 %","0.0000","0 %","0.0000","0 %","0.0000","100 %","0000010000"
"1/14/2024 5:30:00 AM - 6:30:00 AM","45305.0416666667","6 %","6.0000","12 %","12.0000","","0.0833","37 %","37.2500","0 %","0.0000","","0.9167","0 %","0.0000","0 %","0.0000","0 %","0.0000","0 %","0.0000","100 %","0000010000"
"1/14/2024 6:30:00 AM - 7:30:00 AM","45305.0833333333","6.08 %","6.0833","12 %","11.5000","0 %","0.0000","37 %","37.3333","0 %","0.0000","","0.9167","0 %","0.0000","0 %","0.0000","0 %","0.0000","0 %","0.0000","100 %","0000010000"
"1/14/2024 7:30:00 AM - 8:30:00 AM","45305.1250000000","6.08 %","6.0833","11 %","11.2500","0 %","0.0000","38 %","38.1667","0 %","0.0000","","0.7500","0 %","0.0000","0 %","0.0000","0 %","0.0000","0 %","0.0000","100 %","0000010000"
"1/14/2024 8:30:00 AM - 9:30:00 AM","45305.1666666667","6 %","6.0000","12 %","11.7500","0 %","0.0000","38 %","38.0833","0 %","0.0000","","0.5833","0 %","0.0000","0 %","0.0000","0 %","0.0000","0 %","0.0000","100 %","0000010000"
"1/14/2024 9:30:00 AM - 10:30:00 AM","45305.2083333333","6.17 %","6.1667","11 %","10.8333","0 %","0.0000","39 %","38.8333","0 %","0.0000","","0.8333","0 %","0.0000","0 %","0.0000","0 %","0.0000","0 %","0.0000","100 %","0000010000"
"1/14/2024 10:30:00 AM - 11:30:00 AM","45305.2500000000","6.17 %","6.1667","11 %","11.1667","","0.0833","38 %","38.2500","0 %","0.0000","","0.7500","0 %","0.0000","0 %","0.0000","0 %","0.0000","0 %","0.0000","100 %","0000010000"
"1/14/2024 11:30:00 AM - 12:30:00 PM","45305.2916666667","6 %","6.0000","11 %","11.0000","0 %","0.0000","39 %","38.7500","0 %","0.0000","","0.7500","0 %","0.0000","0 %","0.0000","0 %","0.0000","0 %","0.0000","100 %","0000010000"
"1/14/2024 12:30:00 PM - 1:30:00 PM","45305.3333333333","6.08 %","6.0833","13 %","12.9167","0 %","0.0000","37 %","36.8333","0 %","0.0000","","0.7500","0 %","0.0000","0 %","0.0000","0 %","0.0000","0 %","0.0000","100 %","0000010000"
"1/14/2024 1:30:00 PM - 2:30:00 PM","45305.3750000000","6.42 %","6.4167","14 %","14.0833","","0.0833","36 %","36.4167","0 %","0.0000","","0.9167","0 %","0.0000","0 %","0.0000","0 %","0.0000","0 %","0.0000","100 %","0000010000"
"1/14/2024 2:30:00 PM - 3:30:00 PM","45305.4166666667","6.08 %","6.0833","13 %","12.8333","0 %","0.0000","37 %","36.5833","0 %","0.0000","","0.7500","0 %","0.0000","0 %","0.0000","0 %","0.0000","0 %","0.0000","100 %","0000010000"
"1/14/2024 3:30:00 PM - 4:30:00 PM","45305.4583333333","6.08 %","6.0833","12 %","12.5000","0 %","0.0000","37 %","36.7500","","0.0833","1 %","1.0000","0 %","0.0000","0 %","0.0000","0 %","0.0000","0 %","0.0000","100 %","0000010000"
"1/14/2024 4:30:00 PM - 5:30:00 PM","45305.5000000000","6.17 %","6.1667","12 %","12.5000","0 %","0.0000","37 %","36.8333","0 %","0.0000","","0.9167","0 %","0.0000","0 %","0.0000","0 %","0.0000","0 %","0.0000","100 %","0000010000"
"1/14/2024 5:30:00 PM - 6:30:00 PM","45305.5416666667","6 %","6.0000","12 %","12.3333","0 %","0.0000","37 %","37.0000","0 %","0.0000","","0.8333","0 %","0.0000","0 %","0.0000","0 %","0.0000","0 %","0.0000","100 %","0000010000"
"1/14/2024 6:30:00 PM - 7:30:00 PM","45305.5833333333","6.25 %","6.2500","14 %","14.5000","","0.0833","36 %","36.0000","0 %","0.0000","","0.8333","0 %","0.0000","0 %","0.0000","0 %","0.0000","0 %","0.0000","100 %","0000010000"
"1/14/2024 7:30:00 PM - 8:30:00 PM","45305.6250000000","6.67 %","6.6667","14 %","14.2500","","0.0833","38 %","37.5000","0 %","0.0000","1 %","1.0000","0 %","0.0000","0 %","0.0000","0 %","0.0000","0 %","0.0000","100 %","0000010000"
"1/14/2024 8:30:00 PM - 9:30:00 PM","45305.6666666667","6.83 %","6.8333","17 %","16.5833","","0.1667","36 %","36.4167","0 %","0.0000","1 %","1.0000","0 %","0.0000","0 %","0.0000","0 %","0.0000","0 %","0.0000","100 %","0000010000"
"1/14/2024 9:30:00 PM - 10:30:00 PM","45305.7083333333","6.83 %","6.8333","18 %","18.0000","","0.3333","35 %","35.0833","0 %","0.0000","1 %","1.1667","0 %","0.0000","","0.0833","0 %","0.0000","0 %","0.0000","100 %","0000010000"
"1/14/2024 10:30:00 PM - 11:30:00 PM","45305.7500000000","6.17 %","6.1667","17 %","16.5833","","0.2500","32 %","32.1667","0 %","0.0000","","0.7500","0 %","0.0000","0 %","0.0000","0 %","0.0000","0 %","0.0000","100 %","0000010000"
"1/14/2024 11:30:00 PM - 12:30:00 AM","45305.7916666667","6.75 %","6.7500","17 %","16.8333","","0.2500","36 %","35.6667","","0.0833","","0.9167","0 %","0.0000","","0.1667","0 %","0.0000","0 %","0.0000","100 %","0000010000"
"1/15/2024 12:30:00 AM - 1:30:00 AM","45305.8333333333","6.83 %","6.8333","17 %","16.9167","","0.2500","36 %","36.0000","0 %","0.0000","1 %","1.0000","0 %","0.0000","0 %","0.0000","0 %","0.0000","0 %","0.0000","100 %","0000010000"
"1/15/2024 1:30:00 AM - 2:30:00 AM","45305.8750000000","6.92 %","6.9167","18 %","17.5000","","0.2500","36 %","35.5833","0 %","0.0000","1 %","1.0000","0 %","0.0000","0 %","0.0000","0 %","0.0000","0 %","0.0000","100 %","0000010000"
"1/15/2024 2:30:00 AM - 3:30:00 AM","45305.9166666667","6.50 %","6.5000","17 %","17.0000","","0.3333","35 %","35.1667","0 %","0.0000","1 %","1.0000","0 %","0.0000","0 %","0.0000","0 %","0.0000","0 %","0.0000","100 %","0000010000"
"1/15/2024 3:30:00 AM - 4:30:00 AM","45305.9583333333","6.82 %","6.8182","17 %","17.1818","","0.5455","34 %","34.4545","0 %","0.0000","1 %","1.0909","0 %","0.0000","0 %","0.0000","0 %","0.0000","0 %","0.0000","100 %","0000010000"
"1/15/2024 4:30:00 AM - 5:30:00 AM","45306.0000000000","7 %","7.0000","18 %","17.8333","","0.5000","36 %","35.5000","0 %","0.0000","1 %","1.0000","0 %","0.0000","0 %","0.0000","0 %","0.0000","0 %","0.0000","100 %","0000010000"
"1/15/2024 5:30:00 AM - 6:30:00 AM","45306.0416666667","7 %","7.0000","18 %","18.1667","","0.3333","36 %","35.5833","0 %","0.0000","1 %","1.1667","0 %","0.0000","0 %","0.0000","0 %","0.0000","0 %","0.0000","100 %","0000010000"
"1/15/2024 6:30:00 AM - 7:30:00 AM","45306.0833333333","7 %","7.0000","18 %","17.5833","","0.5000","36 %","36.0000","0 %","0.0000","1 %","1.0000","0 %","0.0000","0 %","0.0000","0 %","0.0000","0 %","0.0000","100 %","0000010000"
"1/15/2024 7:30:00 AM - 8:30:00 AM","45306.1250000000","7 %","7.0000","18 %","18.0833","","0.4167","35 %","35.4167","","0.0833","1 %","1.1667","0 %","0.0000","0 %","0.0000","0 %","0.0000","0 %","0.0000","100 %","0000010000"
"1/15/2024 8:30:00 AM - 9:30:00 AM","45306.1666666667","7 %","7.0000","18 %","18.1667","","0.4167","36 %","35.8333","0 %","0.0000","1 %","1.0833","0 %","0.0000","0 %","0.0000","0 %","0.0000","0 %","0.0000","100 %","0000010000"
"1/15/2024 9:30:00 AM - 10:30:00 AM","45306.2083333333","7 %","7.0000","18 %","18.1667","","0.5000","36 %","35.7500","0 %","0.0000","1 %","1.0000","0 %","0.0000","0 %","0.0000","0 %","0.0000","0 %","0.0000","100 %","0000010000"
"1/15/2024 10:30:00 AM - 11:30:00 AM","45306.2500000000","6.92 %","6.9167","18 %","18.0833","","0.1667","35 %","35.2500","0 %","0.0000","1 %","1.0000","0 %","0.0000","0 %","0.0000","0 %","0.0000","0 %","0.0000","100 %","0000010000"
"1/15/2024 11:30:00 AM - 12:30:00 PM","45306.2916666667","6.58 %","6.5833","16 %","16.1667","","0.2500","36 %","36.1667","0 %","0.0000","","0.8333","0 %","0.0000","0 %","0.0000","0 %","0.0000","0 %","0.0000","100 %","0000010000"
"1/15/2024 12:30:00 PM - 1:30:00 PM","45306.3333333333","6.75 %","6.7500","16 %","15.5833","","0.3333","36 %","36.3333","0 %","0.0000","1 %","1.0000","0 %","0.0000","0 %","0.0000","0 %","0.0000","0 %","0.0000","100 %","0000010000"
"1/15/2024 1:30:00 PM - 2:30:00 PM","45306.3750000000","6.92 %","6.9167","16 %","16.5000","","0.2500","36 %","35.8333","0 %","0.0000","1 %","1.0000","0 %","0.0000","0 %","0.0000","0 %","0.0000","0 %","0.0000","100 %","0000010000"
"1/15/2024 2:30:00 PM - 3:30:00 PM","45306.4166666667","6.75 %","6.7500","16 %","15.7500","0 %","0.0000","37 %","36.7500","0 %","0.0000","1 %","1.0833","0 %","0.0000","0 %","0.0000","0 %","0.0000","0 %","0.0000","100 %","0000010000"
"1/15/2024 3:30:00 PM - 4:30:00 PM","45306.4583333333","6.50 %","6.5000","14 %","14.2500","","0.2500","38 %","37.5000","0 %","0.0000","1 %","1.0833","0 %","0.0000","0 %","0.0000","0 %","0.0000","0 %","0.0000","100 %","0000010000"
"1/15/2024 4:30:00 PM - 5:30:00 PM","45306.5000000000","6.75 %","6.7500","16 %","16.0833","","0.3333","37 %","36.6667","0 %","0.0000","1 %","1.0833","0 %","0.0000","0 %","0.0000","0 %","0.0000","0 %","0.0000","100 %","0000010000"
"1/15/2024 5:30:00 PM - 6:30:00 PM","45306.5416666667","6.75 %","6.7500","15 %","15.3333","","0.2500","37 %","36.9167","0 %","0.0000","1 %","1.0000","0 %","0.0000","0 %","0.0000","0 %","0.0000","0 %","0.0000","100 %","0000010000"
"1/15/2024 6:30:00 PM - 7:30:00 PM","45306.5833333333","6.75 %","6.7500","16 %","16.0833","0 %","0.0000","36 %","36.5000","0 %","0.0000","1 %","1.0833","0 %","0.0000","0 %","0.0000","0 %","0.0000","0 %","0.0000","100 %","0000010000"
"1/15/2024 7:30:00 PM - 8:30:00 PM","45306.6250000000","6.83 %","6.8333","16 %","16.1667","","0.0833","36 %","36.5000","0 %","0.0000","1 %","1.0000","0 %","0.0000","0 %","0.0000","0 %","0.0000","0 %","0.0000","100 %","0000010000"
"1/15/2024 8:30:00 PM - 9:30:00 PM","45306.6666666667","6.50 %","6.5000","14 %","14.0833","0 %","0.0000","38 %","37.8333","0 %","0.0000","","0.8333","0 %","0.0000","0 %","0.0000","0 %","0.0000","0 %","0.0000","100 %","0000010000"
"1/15/2024 9:30:00 PM - 10:30:00 PM","45306.7083333333","6.67 %","6.6667","15 %","15.0000","","0.0833","37 %","37.0833","0 %","0.0000","1 %","1.0000","0 %","0.0000","0 %","0.0000","0 %","0.0000","0 %","0.0000","100 %","0000010000"
"1/15/2024 10:30:00 PM - 11:30:00 PM","45306.7500000000","6.42 %","6.4167","15 %","14.7500","","0.0833","37 %","36.6667","0 %","0.0000","1 %","1.0000","0 %","0.0000","0 %","0.0000","0 %","0.0000","0 %","0.0000","100 %","0000010000"
"1/15/2024 11:30:00 PM - 12:30:00 AM","45306.7916666667","7.08 %","7.0833","17 %","17.2500","","0.1667","37 %","36.5833","0 %","0.0000","2 %","1.8333","0 %","0.0000","","0.3333","0 %","0.0000","0 %","0.0000","100 %","0000010000"
"1/16/2024 12:30:00 AM - 1:30:00 AM","45306.8333333333","6.83 %","6.8333","15 %","15.0000","","0.1667","37 %","37.3333","0 %","0.0000","1 %","1.0000","0 %","0.0000","0 %","0.0000","0 %","0.0000","0 %","0.0000","100 %","0000010000"
"1/16/2024 1:30:00 AM - 2:30:00 AM","45306.8750000000","7 %","7.0000","17 %","16.6667","","0.0833","37 %","36.8333","0 %","0.0000","1 %","1.1667","0 %","0.0000","0 %","0.0000","0 %","0.0000","0 %","0.0000","100 %","0000010000"
"1/16/2024 2:30:00 AM - 3:30:00 AM","45306.9166666667","6.91 %","6.9091","16 %","16.2727","","0.0909","37 %","36.7273","0 %","0.0000","1 %","1.1818","0 %","0.0000","0 %","0.0000","0 %","0.0000","0 %","0.0000","100 %","0000010000"
"1/16/2024 3:30:00 AM - 4:30:00 AM","45306.9583333333","6.83 %","6.8333","17 %","16.7500","","0.3333","36 %","36.0000","0 %","0.0000","1 %","1.0000","0 %","0.0000","0 %","0.0000","0 %","0.0000","0 %","0.0000","100 %","0000010000"
"1/16/2024 4:30:00 AM - 5:30:00 AM","45307.0000000000","6.83 %","6.8333","17 %","17.0000","","0.3333","36 %","36.1667","0 %","0.0000","1 %","1.0833","0 %","0.0000","0 %","0.0000","0 %","0.0000","0 %","0.0000","100 %","0000010000"
"1/16/2024 5:30:00 AM - 6:30:00 AM","45307.0416666667","7 %","7.0000","18 %","17.9091","","0.4545","36 %","36.2727","0 %","0.0000","1 %","1.2727","0 %","0.0000","0 %","0.0000","0 %","0.0000","0 %","0.0000","100 %","0000010000"
"1/16/2024 6:30:00 AM - 7:30:00 AM","45307.0833333333","7 %","7.0000","18 %","17.5000","","0.3333","36 %","36.0833","0 %","0.0000","1 %","1.0000","0 %","0.0000","0 %","0.0000","0 %","0.0000","0 %","0.0000","100 %","0000010000"
"1/16/2024 7:30:00 AM - 8:30:00 AM","45307.1250000000","6.50 %","6.5000","16 %","16.1667","","0.2500","36 %","35.5833","0 %","0.0000","1 %","1.1667","0 %","0.0000","0 %","0.0000","0 %","0.0000","0 %","0.0000","100 %","0000010000"
"1/16/2024 8:30:00 AM - 9:30:00 AM","45307.1666666667","7.08 %","7.0833","19 %","18.5833","","0.3333","36 %","35.5833","0 %","0.0000","1 %","1.2500","0 %","0.0000","0 %","0.0000","0 %","0.0000","0 %","0.0000","100 %","0000010000"
"1/16/2024 9:30:00 AM - 10:30:00 AM","45307.2083333333","6.92 %","6.9167","16 %","16.0833","","0.0833","37 %","36.7500","0 %","0.0000","1 %","1.3333","0 %","0.0000","0 %","0.0000","0 %","0.0000","0 %","0.0000","100 %","0000010000"
"1/16/2024 10:30:00 AM - 11:30:00 AM","45307.2500000000","6.92 %","6.9167","17 %","16.8333","","0.2500","36 %","36.2500","0 %","0.0000","1 %","1.4167","0 %","0.0000","0 %","0.0000","0 %","0.0000","0 %","0.0000","100 %","0000010000"
"1/16/2024 11:30:00 AM - 12:30:00 PM","45307.2916666667","6.83 %","6.8333","18 %","18.4167","0 %","0.0000","35 %","35.1667","0 %","0.0000","1 %","1.2500","0 %","0.0000","0 %","0.0000","0 %","0.0000","0 %","0.0000","100 %","0000010000"
"1/16/2024 12:30:00 PM - 1:30:00 PM","45307.3333333333","6.50 %","6.5000","12 %","12.5000","0 %","0.0000","39 %","39.2500","0 %","0.0000","1 %","1.0833","0 %","0.0000","0 %","0.0000","0 %","0.0000","0 %","0.0000","100 %","0000010000"
"1/16/2024 1:30:00 PM - 2:30:00 PM","45307.3750000000","6.42 %","6.4167","12 %","12.2500","","0.0833","39 %","38.6667","0 %","0.0000","1 %","1.3333","0 %","0.0000","0 %","0.0000","0 %","0.0000","0 %","0.0000","100 %","0000010000"
"1/16/2024 2:30:00 PM - 3:30:00 PM","45307.4166666667","6.67 %","6.6667","13 %","13.0833","0 %","0.0000","39 %","38.6667","0 %","0.0000","1 %","1.3333","0 %","0.0000","0 %","0.0000","0 %","0.0000","0 %","0.0000","100 %","0000010000"
"1/16/2024 3:30:00 PM - 4:30:00 PM","45307.4583333333","6.92 %","6.9167","16 %","16.2500","","0.0833","37 %","37.0000","0 %","0.0000","1 %","1.2500","0 %","0.0000","0 %","0.0000","0 %","0.0000","0 %","0.0000","100 %","0000010000"
"1/16/2024 4:30:00 PM - 5:30:00 PM","45307.5000000000","6.92 %","6.9167","18 %","17.8333","","0.1667","36 %","35.8333","0 %","0.0000","1 %","1.2500","0 %","0.0000","0 %","0.0000","0 %","0.0000","0 %","0.0000","100 %","0000010000"
"1/16/2024 5:30:00 PM - 6:30:00 PM","45307.5416666667","7.17 %","7.1667","20 %","20.1667","","0.2500","35 %","34.5833","0 %","0.0000","2 %","1.6667","0 %","0.0000","","0.0833","0 %","0.0000","0 %","0.0000","100 %","0000010000"
"1/16/2024 6:30:00 PM - 7:30:00 PM","45307.5833333333","7.08 %","7.0833","20 %","20.0000","","0.2500","34 %","33.9167","0 %","0.0000","2 %","1.5000","0 %","0.0000","0 %","0.0000","0 %","0.0000","0 %","0.0000","100 %","0000010000"
"1/16/2024 7:30:00 PM - 8:30:00 PM","45307.6250000000","7 %","7.0000","18 %","17.7500","","0.4167","36 %","35.7500","0 %","0.0000","1 %","1.2500","0 %","0.0000","0 %","0.0000","0 %","0.0000","0 %","0.0000","100 %","0000010000"
"1/16/2024 8:30:00 PM - 9:30:00 PM","45307.6666666667","6.92 %","6.9167","16 %","15.8333","","0.0833","37 %","36.8333","0 %","0.0000","1 %","1.2500","0 %","0.0000","0 %","0.0000","0 %","0.0000","0 %","0.0000","100 %","0000010000"
"1/16/2024 9:30:00 PM - 10:30:00 PM","45307.7083333333","6.83 %","6.8333","16 %","16.4167","","0.0833","36 %","36.0000","0 %","0.0000","1 %","1.1667","0 %","0.0000","0 %","0.0000","0 %","0.0000","0 %","0.0000","100 %","0000010000"
"1/16/2024 10:30:00 PM - 11:30:00 PM","45307.7500000000","6.58 %","6.5833","15 %","15.2500","","0.0833","37 %","37.0833","0 %","0.0000","1 %","1.1667","0 %","0.0000","0 %","0.0000","0 %","0.0000","0 %","0.0000","100 %","0000010000"
"1/16/2024 11:30:00 PM - 12:30:00 AM","45307.7916666667","7.08 %","7.0833","17 %","16.5833","","0.1667","37 %","36.5833","0 %","0.0000","2 %","1.5000","0 %","0.0000","","0.1667","0 %","0.0000","0 %","0.0000","100 %","0000010000"
"1/17/2024 12:30:00 AM - 1:30:00 AM","45307.8333333333","7.08 %","7.0833","18 %","18.4167","","0.4167","36 %","35.9167","0 %","0.0000","1 %","1.4167","0 %","0.0000","","0.0833","0 %","0.0000","0 %","0.0000","100 %","0000010000"
"1/17/2024 1:30:00 AM - 2:30:00 AM","45307.8750000000","7.17 %","7.1667","18 %","18.3333","","0.2500","36 %","35.7500","0 %","0.0000","1 %","1.3333","0 %","0.0000","","0.1667","0 %","0.0000","0 %","0.0000","100 %","0000010000"
"1/17/2024 2:30:00 AM - 3:30:00 AM","45307.9166666667","6.92 %","6.9167","18 %","17.5833","","0.0833","36 %","36.2500","0 %","0.0000","1 %","1.1667","0 %","0.0000","0 %","0.0000","0 %","0.0000","0 %","0.0000","100 %","0000010000"
"1/17/2024 3:30:00 AM - 4:30:00 AM","45307.9583333333","7 %","7.0000","17 %","17.0000","","0.2727","37 %","36.6364","0 %","0.0000","1 %","1.0000","0 %","0.0000","0 %","0.0000","0 %","0.0000","0 %","0.0000","100 %","0000010000"
"1/17/2024 4:30:00 AM - 5:30:00 AM","45308.0000000000","7.17 %","7.1667","18 %","18.4167","","0.3333","36 %","35.7500","0 %","0.0000","1 %","1.1667","0 %","0.0000","","0.0833","0 %","0.0000","0 %","0.0000","100 %","0000010000"
"1/17/2024 5:30:00 AM - 6:30:00 AM","45308.0416666667","7 %","7.0000","18 %","17.8333","","0.4167","36 %","36.3333","0 %","0.0000","1 %","1.2500","0 %","0.0000","0 %","0.0000","0 %","0.0000","0 %","0.0000","100 %","0000010000"
"1/17/2024 6:30:00 AM - 7:30:00 AM","45308.0833333333","7 %","7.0000","18 %","18.0000","","0.3333","36 %","36.3333","0 %","0.0000","1 %","1.0000","0 %","0.0000","0 %","0.0000","0 %","0.0000","0 %","0.0000","100 %","0000010000"
"1/17/2024 7:30:00 AM - 8:30:00 AM","45308.1250000000","7.08 %","7.0833","19 %","18.8333","","0.5833","35 %","35.4167","0 %","0.0000","1 %","1.4167","0 %","0.0000","","0.0833","0 %","0.0000","0 %","0.0000","100 %","0000010000"
"1/17/2024 8:30:00 AM - 9:30:00 AM","45308.1666666667","7.08 %","7.0833","18 %","17.9167","","0.2500","36 %","36.1667","0 %","0.0000","1 %","1.0833","0 %","0.0000","0 %","0.0000","0 %","0.0000","0 %","0.0000","100 %","0000010000"
"1/17/2024 9:30:00 AM - 10:30:00 AM","45308.2083333333","6.92 %","6.9167","17 %","17.0833","","0.3333","36 %","36.5000","0 %","0.0000","1 %","1.2500","0 %","0.0000","0 %","0.0000","0 %","0.0000","0 %","0.0000","100 %","0000010000"
"1/17/2024 10:30:00 AM - 11:30:00 AM","45308.2500000000","6.92 %","6.9167","17 %","17.1667","","0.3333","36 %","36.0833","0 %","0.0000","2 %","1.5000","0 %","0.0000","0 %","0.0000","0 %","0.0000","0 %","0.0000","100 %","0000010000"
"1/17/2024 11:30:00 AM - 12:30:00 PM","45308.2916666667","6.83 %","6.8333","15 %","15.1667","","0.0833","38 %","37.6667","0 %","0.0000","1 %","1.0833","0 %","0.0000","0 %","0.0000","0 %","0.0000","0 %","0.0000","100 %","0000010000"
"1/17/2024 12:30:00 PM - 1:30:00 PM","45308.3333333333","7 %","7.0000","16 %","15.9167","","0.1667","37 %","37.4167","0 %","0.0000","1 %","1.1667","0 %","0.0000","0 %","0.0000","0 %","0.0000","0 %","0.0000","100 %","0000010000"
"1/17/2024 1:30:00 PM - 2:30:00 PM","45308.3750000000","7 %","7.0000","17 %","17.1667","","0.3333","37 %","36.8333","0 %","0.0000","2 %","1.6667","0 %","0.0000","0 %","0.0000","0 %","0.0000","0 %","0.0000","100 %","0000010000"
"1/17/2024 2:30:00 PM - 3:30:00 PM","45308.4166666667","6.92 %","6.9167","18 %","17.5833","","0.3333","36 %","36.5000","0 %","0.0000","2 %","1.5000","0 %","0.0000","0 %","0.0000","0 %","0.0000","0 %","0.0000","100 %","0000010000"
"1/17/2024 3:30:00 PM - 4:30:00 PM","45308.4583333333","6.50 %","6.5000","12 %","12.1667","0 %","0.0000","39 %","39.3333","0 %","0.0000","1 %","1.0833","0 %","0.0000","0 %","0.0000","0 %","0.0000","0 %","0.0000","100 %","0000010000"
"1/17/2024 4:30:00 PM - 5:30:00 PM","45308.5000000000","6.58 %","6.5833","12 %","12.4167","0 %","0.0000","39 %","39.4167","0 %","0.0000","1 %","1.0833","0 %","0.0000","","0.0833","0 %","0.0000","0 %","0.0000","100 %","0000010000"
"1/17/2024 5:30:00 PM - 6:30:00 PM","45308.5416666667","6.25 %","6.2500","12 %","12.0833","","0.1667","39 %","38.7500","0 %","0.0000","1 %","1.0833","0 %","0.0000","0 %","0.0000","0 %","0.0000","0 %","0.0000","100 %","0000010000"
"1/17/2024 6:30:00 PM - 7:30:00 PM","45308.5833333333","6.42 %","6.4167","11 %","11.3333","0 %","0.0000","40 %","39.5833","0 %","0.0000","1 %","1.0833","0 %","0.0000","0 %","0.0000","0 %","0.0000","0 %","0.0000","100 %","0000010000"
"1/17/2024 7:30:00 PM - 8:30:00 PM","45308.6250000000","6.75 %","6.7500","13 %","13.0833","","0.0833","40 %","39.5000","0 %","0.0000","1 %","1.1667","0 %","0.0000","0 %","0.0000","0 %","0.0000","0 %","0.0000","100 %","0000010000"
"1/17/2024 8:30:00 PM - 9:30:00 PM","45308.6666666667","6.42 %","6.4167","12 %","12.5000","0 %","0.0000","38 %","38.5000","0 %","0.0000","1 %","1.2500","0 %","0.0000","0 %","0.0000","0 %","0.0000","0 %","0.0000","100 %","0000010000"
"1/17/2024 9:30:00 PM - 10:30:00 PM","45308.7083333333","6.42 %","6.4167","12 %","12.4167","","0.0833","39 %","38.8333","0 %","0.0000","1 %","1.0833","0 %","0.0000","0 %","0.0000","0 %","0.0000","0 %","0.0000","100 %","0000010000"
"1/17/2024 10:30:00 PM - 11:30:00 PM","45308.7500000000","6.42 %","6.4167","12 %","11.9167","0 %","0.0000","39 %","39.4167","0 %","0.0000","1 %","1.0000","0 %","0.0000","0 %","0.0000","0 %","0.0000","0 %","0.0000","100 %","0000010000"
"1/17/2024 11:30:00 PM - 12:30:00 AM","45308.7916666667","7.27 %","7.2727","18 %","17.8182","","0.6364","36 %","36.4545","0 %","0.0000","2 %","1.7273","0 %","0.0000","","0.3636","0 %","0.0000","0 %","0.0000","100 %","0000010000"
"1/18/2024 12:30:00 AM - 1:30:00 AM","45308.8333333333","7.08 %","7.0833","18 %","17.7500","","0.4167","36 %","36.2500","0 %","0.0000","1 %","1.1667","0 %","0.0000","","0.0833","0 %","0.0000","0 %","0.0000","100 %","0000010000"
"1/18/2024 1:30:00 AM - 2:30:00 AM","45308.8750000000","6.92 %","6.9167","19 %","18.6667","","0.3333","35 %","35.3333","0 %","0.0000","1 %","1.1667","0 %","0.0000","0 %","0.0000","0 %","0.0000","0 %","0.0000","100 %","0000010000"
"1/18/2024 2:30:00 AM - 3:30:00 AM","45308.9166666667","7 %","7.0000","18 %","18.4545","","0.4545","36 %","35.5455","0 %","0.0000","1 %","1.0909","0 %","0.0000","","0.0909","0 %","0.0000","0 %","0.0000","100 %","0000010000"
"1/18/2024 3:30:00 AM - 4:30:00 AM","45308.9583333333","7.08 %","7.0833","19 %","19.2500","","0.2500","35 %","35.0000","0 %","0.0000","1 %","1.3333","0 %","0.0000","","0.0833","0 %","0.0000","0 %","0.0000","100 %","0000010000"
"1/18/2024 4:30:00 AM - 5:30:00 AM","45309.0000000000","13 %","13.1667","34 %","34.4167","3 %","2.7500","45 %","45.4167","1 %","1.0000","14 %","14.4167","","0.1667","7 %","7.2500","","0.0833","0 %","0.0000","100 %","0000010000"
"1/18/2024 5:30:00 AM - 6:30:00 AM","45309.0416666667","10 %","10.1667","30 %","29.5000","1 %","1.4167","40 %","40.2500","0 %","0.0000","8 %","8.4167","0 %","0.0000","2 %","1.8333","0 %","0.0000","0 %","0.0000","100 %","0000010000"
"1/18/2024 6:30:00 AM - 7:30:00 AM","45309.0833333333","8 %","8.0000","24 %","23.5000","1 %","1.0000","36 %","36.2500","0 %","0.0000","3 %","3.0000","0 %","0.0000","","0.0833","0 %","0.0000","0 %","0.0000","100 %","0000010000"
"1/18/2024 7:30:00 AM - 8:30:00 AM","45309.1250000000","7.67 %","7.6667","21 %","21.0833","","0.7500","36 %","35.8333","0 %","0.0000","2 %","2.5000","0 %","0.0000","","0.0833","0 %","0.0000","0 %","0.0000","100 %","0000010000"
"1/18/2024 8:30:00 AM - 9:30:00 AM","45309.1666666667","6.25 %","6.2500","15 %","14.7500","","0.0833","36 %","36.0833","0 %","0.0000","","0.9167","0 %","0.0000","0 %","0.0000","0 %","0.0000","0 %","0.0000","100 %","0000010000"
"1/18/2024 9:30:00 AM - 10:30:00 AM","45309.2083333333","6.58 %","6.5833","17 %","16.7500","","0.0833","35 %","35.3333","0 %","0.0000","1 %","1.0833","0 %","0.0000","","0.0833","0 %","0.0000","0 %","0.0000","100 %","0000010000"
"1/18/2024 10:30:00 AM - 11:30:00 AM","45309.2500000000","6.50 %","6.5000","17 %","17.2500","","0.3333","35 %","34.7500","0 %","0.0000","1 %","1.0833","0 %","0.0000","0 %","0.0000","0 %","0.0000","0 %","0.0000","100 %","0000010000"
"1/18/2024 11:30:00 AM - 12:30:00 PM","45309.2916666667","6.83 %","6.8333","18 %","17.8333","","0.2500","35 %","34.5833","0 %","0.0000","1 %","1.3333","0 %","0.0000","0 %","0.0000","0 %","0.0000","0 %","0.0000","100 %","0000010000"
"1/18/2024 12:30:00 PM - 1:30:00 PM","45309.3333333333","6.92 %","6.9167","18 %","18.1667","","0.4167","34 %","34.5000","0 %","0.0000","1 %","1.2500","0 %","0.0000","0 %","0.0000","0 %","0.0000","0 %","0.0000","100 %","0000010000"
"1/18/2024 1:30:00 PM - 2:30:00 PM","45309.3750000000","6.75 %","6.7500","18 %","17.8333","","0.4167","35 %","34.9167","0 %","0.0000","1 %","1.2500","0 %","0.0000","0 %","0.0000","0 %","0.0000","0 %","0.0000","100 %","0000010000"
"1/18/2024 2:30:00 PM - 3:30:00 PM","45309.4166666667","6.92 %","6.9167","18 %","17.9167","","0.5000","36 %","35.5833","0 %","0.0000","1 %","1.1667","0 %","0.0000","0 %","0.0000","0 %","0.0000","0 %","0.0000","100 %","0000010000"
"1/18/2024 3:30:00 PM - 4:30:00 PM","45309.4583333333","7 %","7.0000","20 %","19.5833","","0.5000","34 %","34.3333","0 %","0.0000","1 %","1.2500","0 %","0.0000","","0.0833","0 %","0.0000","0 %","0.0000","100 %","0000010000"
"1/18/2024 4:30:00 PM - 5:30:00 PM","45309.5000000000","7.08 %","7.0833","21 %","21.1667","","0.3333","33 %","32.5833","0 %","0.0000","1 %","1.3333","0 %","0.0000","0 %","0.0000","0 %","0.0000","0 %","0.0000","100 %","0000010000"
"1/18/2024 5:30:00 PM - 6:30:00 PM","45309.5416666667","7 %","7.0000","20 %","19.8333","","0.5000","34 %","34.2500","0 %","0.0000","1 %","1.3333","0 %","0.0000","0 %","0.0000","0 %","0.0000","0 %","0.0000","100 %","0000010000"
"1/18/2024 6:30:00 PM - 7:30:00 PM","45309.5833333333","7 %","7.0000","18 %","18.0000","","0.5833","36 %","35.6667","0 %","0.0000","1 %","1.1667","0 %","0.0000","0 %","0.0000","0 %","0.0000","0 %","0.0000","100 %","0000010000"
"1/18/2024 7:30:00 PM - 8:30:00 PM","45309.6250000000","6.67 %","6.6667","16 %","15.7500","","0.0833","37 %","37.0000","0 %","0.0000","1 %","1.3333","0 %","0.0000","","0.0833","0 %","0.0000","0 %","0.0000","100 %","0000010000"
"1/18/2024 8:30:00 PM - 9:30:00 PM","45309.6666666667","7 %","7.0000","18 %","17.8333","","0.1667","36 %","36.0833","0 %","0.0000","1 %","1.3333","0 %","0.0000","0 %","0.0000","0 %","0.0000","0 %","0.0000","100 %","0000010000"
"1/18/2024 9:30:00 PM - 10:30:00 PM","45309.7083333333","7 %","7.0000","18 %","18.2500","","0.4167","35 %","35.1667","0 %","0.0000","1 %","1.1667","0 %","0.0000","0 %","0.0000","0 %","0.0000","0 %","0.0000","100 %","0000010000"
"1/18/2024 10:30:00 PM - 11:30:00 PM","45309.7500000000","9.58 %","9.5833","24 %","24.3333","","0.4167","43 %","42.7500","0 %","0.0000","8 %","7.5000","0 %","0.0000","","0.5833","0 %","0.0000","0 %","0.0000","100 %","0000010000"
"1/18/2024 11:30:00 PM - 12:30:00 AM","45309.7916666667","12 %","12.2500","30 %","30.5000","","0.3333","51 %","50.8333","0 %","0.0000","14 %","13.5833","0 %","0.0000","2 %","1.6667","0 %","0.0000","0 %","0.0000","100 %","0000010000"
"1/19/2024 12:30:00 AM - 1:30:00 AM","45309.8333333333","6.83 %","6.8333","18 %","17.8333","","0.2500","34 %","34.3333","0 %","0.0000","","0.8333","0 %","0.0000","0 %","0.0000","0 %","0.0000","0 %","0.0000","100 %","0000010000"
"1/19/2024 1:30:00 AM - 2:30:00 AM","45309.8750000000","6.75 %","6.7500","18 %","18.0000","","0.2500","34 %","34.2500","0 %","0.0000","1 %","1.0833","0 %","0.0000","0 %","0.0000","0 %","0.0000","0 %","0.0000","100 %","0000010000"
"1/19/2024 2:30:00 AM - 3:30:00 AM","45309.9166666667","6.33 %","6.3333","17 %","17.2500","","0.0833","34 %","34.0833","0 %","0.0000","1 %","1.0833","0 %","0.0000","0 %","0.0000","0 %","0.0000","0 %","0.0000","100 %","0000010000"
"1/19/2024 3:30:00 AM - 4:30:00 AM","45309.9583333333","7 %","7.0000","17 %","17.2500","","0.3333","36 %","36.2500","0 %","0.0000","2 %","1.5000","0 %","0.0000","","0.0833","0 %","0.0000","0 %","0.0000","100 %","0000010000"
"1/19/2024 4:30:00 AM - 5:30:00 AM","45310.0000000000","6.83 %","6.8333","17 %","17.2500","","0.2500","35 %","35.3333","0 %","0.0000","1 %","1.3333","0 %","0.0000","","0.0833","0 %","0.0000","0 %","0.0000","100 %","0000010000"
"1/19/2024 5:30:00 AM - 6:30:00 AM","45310.0416666667","6.67 %","6.6667","17 %","16.7500","","0.0833","35 %","35.0000","0 %","0.0000","1 %","1.1667","0 %","0.0000","0 %","0.0000","0 %","0.0000","0 %","0.0000","100 %","0000010000"
"1/19/2024 6:30:00 AM - 7:30:00 AM","45310.0833333333","6.33 %","6.3333","16 %","15.5833","","0.0833","36 %","35.5000","0 %","0.0000","1 %","1.0000","0 %","0.0000","0 %","0.0000","0 %","0.0000","0 %","0.0000","100 %","0000010000"
"1/19/2024 7:30:00 AM - 8:30:00 AM","45310.1250000000","6.33 %","6.3333","16 %","15.5833","","0.1667","35 %","34.6667","0 %","0.0000","","0.9167","0 %","0.0000","0 %","0.0000","0 %","0.0000","0 %","0.0000","100 %","0000010000"
"1/19/2024 8:30:00 AM - 9:30:00 AM","45310.1666666667","6.25 %","6.2500","14 %","14.4167","0 %","0.0000","35 %","35.3333","0 %","0.0000","1 %","1.2500","0 %","0.0000","0 %","0.0000","0 %","0.0000","0 %","0.0000","100 %","0000010000"
"1/19/2024 9:30:00 AM - 10:30:00 AM","45310.2083333333","6.25 %","6.2500","15 %","15.2500","","0.1667","35 %","35.0833","0 %","0.0000","1 %","1.0000","0 %","0.0000","0 %","0.0000","0 %","0.0000","0 %","0.0000","100 %","0000010000"
"1/19/2024 10:30:00 AM - 11:30:00 AM","45310.2500000000","6.33 %","6.3333","16 %","15.5833","","0.0833","35 %","34.5833","0 %","0.0000","1 %","1.1667","0 %","0.0000","","0.0833","0 %","0.0000","0 %","0.0000","100 %","0000010000"
"1/19/2024 11:30:00 AM - 12:30:00 PM","45310.2916666667","6.33 %","6.3333","17 %","16.6667","","0.0833","34 %","34.0000","0 %","0.0000","1 %","1.3333","0 %","0.0000","0 %","0.0000","0 %","0.0000","0 %","0.0000","100 %","0000010000"
"1/19/2024 12:30:00 PM - 1:30:00 PM","45310.3333333333","6.50 %","6.5000","17 %","16.7500","","0.1667","34 %","34.3333","","0.0833","1 %","1.1667","0 %","0.0000","0 %","0.0000","0 %","0.0000","0 %","0.0000","100 %","0000010000"
"1/19/2024 1:30:00 PM - 2:30:00 PM","45310.3750000000","6.50 %","6.5000","16 %","16.2500","","0.0833","35 %","35.0000","0 %","0.0000","1 %","1.2500","0 %","0.0000","0 %","0.0000","0 %","0.0000","0 %","0.0000","100 %","0000010000"
"1/19/2024 2:30:00 PM - 3:30:00 PM","45310.4166666667","6.42 %","6.4167","16 %","16.3333","","0.0833","35 %","34.6667","0 %","0.0000","1 %","1.4167","0 %","0.0000","0 %","0.0000","0 %","0.0000","0 %","0.0000","100 %","0000010000"
"1/19/2024 3:30:00 PM - 4:30:00 PM","45310.4583333333","6.42 %","6.4167","17 %","17.0833","0 %","0.0000","34 %","34.1667","0 %","0.0000","1 %","1.2500","0 %","0.0000","0 %","0.0000","0 %","0.0000","0 %","0.0000","100 %","0000010000"
"1/19/2024 4:30:00 PM - 5:30:00 PM","45310.5000000000","6.42 %","6.4167","17 %","16.6667","","0.0833","34 %","34.2500","0 %","0.0000","2 %","1.5833","0 %","0.0000","0 %","0.0000","0 %","0.0000","0 %","0.0000","100 %","0000010000"
"1/19/2024 5:30:00 PM - 6:30:00 PM","45310.5416666667","6.58 %","6.5833","16 %","16.4167","","0.0833","34 %","34.2500","0 %","0.0000","1 %","1.3333","0 %","0.0000","0 %","0.0000","0 %","0.0000","0 %","0.0000","100 %","0000010000"
"1/19/2024 6:30:00 PM - 7:30:00 PM","45310.5833333333","6.33 %","6.3333","17 %","16.5833","0 %","0.0000","34 %","34.1667","0 %","0.0000","1 %","1.3333","0 %","0.0000","0 %","0.0000","0 %","0.0000","0 %","0.0000","100 %","0000010000"
"1/19/2024 7:30:00 PM - 8:30:00 PM","45310.6250000000","6.75 %","6.7500","19 %","18.6667","","0.2500","34 %","33.9167","0 %","0.0000","1 %","1.2500","0 %","0.0000","0 %","0.0000","0 %","0.0000","0 %","0.0000","100 %","0000010000"
"1/19/2024 8:30:00 PM - 9:30:00 PM","45310.6666666667","7.08 %","7.0833","19 %","19.2500","","0.5000","34 %","34.5000","0 %","0.0000","2 %","1.8333","0 %","0.0000","","0.0833","0 %","0.0000","0 %","0.0000","100 %","0000010000"
"1/19/2024 9:30:00 PM - 10:30:00 PM","45310.7083333333","6.75 %","6.7500","20 %","19.5833","","0.2500","33 %","33.3333","0 %","0.0000","1 %","1.1667","0 %","0.0000","0 %","0.0000","0 %","0.0000","0 %","0.0000","100 %","0000010000"
"1/19/2024 10:30:00 PM - 11:30:00 PM","45310.7500000000","6.58 %","6.5833","16 %","16.3333","","0.3333","35 %","34.9167","0 %","0.0000","1 %","1.2500","0 %","0.0000","0 %","0.0000","0 %","0.0000","0 %","0.0000","100 %","0000010000"
"1/19/2024 11:30:00 PM - 12:30:00 AM","45310.7916666667","6.33 %","6.3333","15 %","15.3333","","0.0833","35 %","34.6667","0 %","0.0000","1 %","1.3333","0 %","0.0000","","0.0833","0 %","0.0000","0 %","0.0000","100 %","0000010000"
"1/20/2024 12:30:00 AM - 1:30:00 AM","45310.8333333333","6.17 %","6.1667","15 %","14.6667","0 %","0.0000","35 %","35.0833","0 %","0.0000","1 %","1.0000","0 %","0.0000","0 %","0.0000","0 %","0.0000","0 %","0.0000","100 %","0000010000"
"1/20/2024 1:30:00 AM - 2:30:00 AM","45310.8750000000","6.08 %","6.0833","15 %","15.0000","0 %","0.0000","34 %","34.5000","0 %","0.0000","","0.7500","0 %","0.0000","0 %","0.0000","0 %","0.0000","0 %","0.0000","100 %","0000010000"
"1/20/2024 2:30:00 AM - 3:30:00 AM","45310.9166666667","6 %","6.0000","14 %","14.4167","0 %","0.0000","35 %","35.2500","0 %","0.0000","","0.9167","0 %","0.0000","0 %","0.0000","0 %","0.0000","0 %","0.0000","100 %","0000010000"
"1/20/2024 3:30:00 AM - 4:30:00 AM","45310.9583333333","6.08 %","6.0833","14 %","13.5000","0 %","0.0000","36 %","36.3333","0 %","0.0000","","0.7500","0 %","0.0000","0 %","0.0000","0 %","0.0000","0 %","0.0000","100 %","0000010000"
"1/20/2024 4:30:00 AM - 5:30:00 AM","45311.0000000000","6 %","6.0000","13 %","13.3333","0 %","0.0000","36 %","35.9167","0 %","0.0000","","0.6667","0 %","0.0000","0 %","0.0000","0 %","0.0000","0 %","0.0000","100 %","0000010000"
"1/20/2024 5:30:00 AM - 6:30:00 AM","45311.0416666667","6 %","6.0000","12 %","12.1667","0 %","0.0000","36 %","36.1667","0 %","0.0000","","0.6667","0 %","0.0000","0 %","0.0000","0 %","0.0000","0 %","0.0000","100 %","0000010000"
"1/20/2024 6:30:00 AM - 7:30:00 AM","45311.0833333333","6.08 %","6.0833","13 %","13.1667","","0.0833","36 %","35.7500","0 %","0.0000","1 %","1.0833","0 %","0.0000","","0.0833","0 %","0.0000","0 %","0.0000","100 %","0000010000"
"1/20/2024 7:30:00 AM - 8:30:00 AM","45311.1250000000","6.08 %","6.0833","13 %","12.5833","","0.0833","36 %","36.4167","0 %","0.0000","1 %","1.0000","0 %","0.0000","0 %","0.0000","0 %","0.0000","0 %","0.0000","100 %","0000010000"
"1/20/2024 8:30:00 AM - 9:30:00 AM","45311.1666666667","6.17 %","6.1667","12 %","12.3333","","0.2500","37 %","37.2500","0 %","0.0000","1 %","1.0833","0 %","0.0000","0 %","0.0000","0 %","0.0000","0 %","0.0000","100 %","0000010000"
"1/20/2024 9:30:00 AM - 10:30:00 AM","45311.2083333333","6.08 %","6.0833","14 %","13.6667","0 %","0.0000","36 %","36.4167","0 %","0.0000","1 %","1.1667","0 %","0.0000","0 %","0.0000","0 %","0.0000","0 %","0.0000","100 %","0000010000"
"1/20/2024 10:30:00 AM - 11:30:00 AM","45311.2500000000","6 %","6.0000","14 %","14.3333","0 %","0.0000","35 %","35.2500","0 %","0.0000","1 %","1.0000","0 %","0.0000","0 %","0.0000","0 %","0.0000","0 %","0.0000","100 %","0000010000"
"1/20/2024 11:30:00 AM - 12:30:00 PM","45311.2916666667","6 %","6.0000","16 %","15.9167","0 %","0.0000","34 %","34.3333","0 %","0.0000","","0.9167","0 %","0.0000","0 %","0.0000","0 %","0.0000","0 %","0.0000","100 %","0000010000"
"1/20/2024 12:30:00 PM - 1:30:00 PM","45311.3333333333","6.08 %","6.0833","16 %","15.8333","0 %","0.0000","35 %","34.6667","0 %","0.0000","","0.7500","0 %","0.0000","0 %","0.0000","0 %","0.0000","0 %","0.0000","100 %","0000010000"
"1/20/2024 1:30:00 PM - 2:30:00 PM","45311.3750000000","6.17 %","6.1667","16 %","15.7500","0 %","0.0000","35 %","34.7500","0 %","0.0000","1 %","1.0833","0 %","0.0000","0 %","0.0000","0 %","0.0000","0 %","0.0000","100 %","0000010000"
"1/20/2024 2:30:00 PM - 3:30:00 PM","45311.4166666667","6 %","6.0000","14 %","13.7500","0 %","0.0000","35 %","35.3333","0 %","0.0000","","0.6667","0 %","0.0000","0 %","0.0000","0 %","0.0000","0 %","0.0000","100 %","0000010000"
"1/20/2024 3:30:00 PM - 4:30:00 PM","45311.4583333333","6 %","6.0000","13 %","13.1667","0 %","0.0000","35 %","35.4167","0 %","0.0000","","0.9167","0 %","0.0000","0 %","0.0000","0 %","0.0000","0 %","0.0000","100 %","0000010000"
"1/20/2024 4:30:00 PM - 5:30:00 PM","45311.5000000000","6.08 %","6.0833","14 %","13.5833","0 %","0.0000","36 %","35.5833","0 %","0.0000","1 %","1.1667","0 %","0.0000","0 %","0.0000","0 %","0.0000","0 %","0.0000","100 %","0000010000"
"1/20/2024 5:30:00 PM - 6:30:00 PM","45311.5416666667","6.08 %","6.0833","14 %","13.6667","0 %","0.0000","35 %","35.4167","0 %","0.0000","1 %","1.0833","0 %","0.0000","0 %","0.0000","0 %","0.0000","0 %","0.0000","100 %","0000010000"
"1/20/2024 6:30:00 PM - 7:30:00 PM","45311.5833333333","6.42 %","6.4167","18 %","17.8333","","0.1667","34 %","33.5000","0 %","0.0000","1 %","1.0000","0 %","0.0000","0 %","0.0000","0 %","0.0000","0 %","0.0000","100 %","0000010000"
"1/20/2024 7:30:00 PM - 8:30:00 PM","45311.6250000000","6.75 %","6.7500","19 %","19.3333","","0.3333","34 %","33.5000","0 %","0.0000","1 %","1.0833","0 %","0.0000","0 %","0.0000","0 %","0.0000","0 %","0.0000","100 %","0000010000"
"1/20/2024 8:30:00 PM - 9:30:00 PM","45311.6666666667","6.17 %","6.1667","15 %","14.7500","0 %","0.0000","36 %","35.7500","0 %","0.0000","1 %","1.0000","0 %","0.0000","0 %","0.0000","0 %","0.0000","0 %","0.0000","100 %","0000010000"
"1/20/2024 9:30:00 PM - 10:30:00 PM","45311.7083333333","6 %","6.0000","15 %","14.6667","0 %","0.0000","35 %","35.1667","0 %","0.0000","","0.9167","0 %","0.0000","0 %","0.0000","0 %","0.0000","0 %","0.0000","100 %","0000010000"
"1/20/2024 10:30:00 PM - 11:30:00 PM","45311.7500000000","5.85 %","5.8462","14 %","14.3846","0 %","0.0000","34 %","33.7692","0 %","0.0000","","0.7692","0 %","0.0000","0 %","0.0000","0 %","0.0000","0 %","0.0000","100 %","0000010000"
"1/20/2024 11:30:00 PM - 12:30:00 AM","45311.7916666667","6.25 %","6.2500","14 %","14.2500","","0.0833","36 %","35.6667","0 %","0.0000","1 %","1.3333","0 %","0.0000","","0.1667","0 %","0.0000","0 %","0.0000","100 %","0000010000"
"1/21/2024 12:30:00 AM - 1:30:00 AM","45311.8333333333","6.08 %","6.0833","14 %","14.2500","0 %","0.0000","36 %","35.6667","0 %","0.0000","1 %","1.0000","0 %","0.0000","0 %","0.0000","0 %","0.0000","0 %","0.0000","100 %","0000010000"
"1/21/2024 1:30:00 AM - 2:30:00 AM","45311.8750000000","6.33 %","6.3333","14 %","14.5000","0 %","0.0000","36 %","35.7500","0 %","0.0000","1 %","1.0833","0 %","0.0000","0 %","0.0000","0 %","0.0000","0 %","0.0000","100 %","0000010000"
"1/21/2024 2:30:00 AM - 3:30:00 AM","45311.9166666667","6.33 %","6.3333","14 %","14.5000","0 %","0.0000","36 %","36.0833","0 %","0.0000","1 %","1.2500","0 %","0.0000","0 %","0.0000","0 %","0.0000","0 %","0.0000","100 %","0000010000"
"1/21/2024 3:30:00 AM - 4:30:00 AM","45311.9583333333","6.08 %","6.0833","14 %","14.5000","0 %","0.0000","35 %","35.0000","0 %","0.0000","1 %","1.1667","0 %","0.0000","0 %","0.0000","0 %","0.0000","0 %","0.0000","100 %","0000010000"
"1/21/2024 4:30:00 AM - 5:30:00 AM","45312.0000000000","6.33 %","6.3333","15 %","15.0000","0 %","0.0000","36 %","35.5000","0 %","0.0000","1 %","1.1667","0 %","0.0000","0 %","0.0000","0 %","0.0000","0 %","0.0000","100 %","0000010000"
"1/21/2024 5:30:00 AM - 6:30:00 AM","45312.0416666667","6.17 %","6.1667","14 %","14.4167","0 %","0.0000","35 %","35.1667","0 %","0.0000","1 %","1.0833","0 %","0.0000","0 %","0.0000","0 %","0.0000","0 %","0.0000","100 %","0000010000"
"1/21/2024 6:30:00 AM - 7:30:00 AM","45312.0833333333","6.08 %","6.0833","14 %","14.1667","0 %","0.0000","36 %","35.7500","0 %","0.0000","1 %","1.0833","0 %","0.0000","0 %","0.0000","0 %","0.0000","0 %","0.0000","100 %","0000010000"
"1/21/2024 7:30:00 AM - 8:30:00 AM","45312.1250000000","6 %","6.0000","15 %","14.6667","0 %","0.0000","35 %","35.0833","0 %","0.0000","1 %","1.0833","0 %","0.0000","0 %","0.0000","0 %","0.0000","0 %","0.0000","100 %","0000010000"
"1/21/2024 8:30:00 AM - 9:30:00 AM","45312.1666666667","6.25 %","6.2500","15 %","14.8333","","0.1667","35 %","35.1667","","0.0833","1 %","1.2500","0 %","0.0000","","0.0833","0 %","0.0000","0 %","0.0000","100 %","0000010000"
"1/21/2024 9:30:00 AM - 10:30:00 AM","45312.2083333333","6.17 %","6.1667","15 %","15.0833","0 %","0.0000","34 %","34.4167","0 %","0.0000","1 %","1.2500","0 %","0.0000","0 %","0.0000","0 %","0.0000","0 %","0.0000","100 %","0000010000"
"1/21/2024 10:30:00 AM - 11:30:00 AM","45312.2500000000","6.08 %","6.0833","16 %","15.5000","0 %","0.0000","35 %","34.8333","0 %","0.0000","1 %","1.0833","0 %","0.0000","0 %","0.0000","0 %","0.0000","0 %","0.0000","100 %","0000010000"
"1/21/2024 11:30:00 AM - 12:30:00 PM","45312.2916666667","6.50 %","6.5000","16 %","15.6667","0 %","0.0000","36 %","35.5000","0 %","0.0000","1 %","1.0000","0 %","0.0000","0 %","0.0000","0 %","0.0000","0 %","0.0000","100 %","0000010000"
"1/21/2024 12:30:00 PM - 1:30:00 PM","45312.3333333333","6.17 %","6.1667","16 %","16.1667","0 %","0.0000","34 %","34.5000","0 %","0.0000","1 %","1.0000","0 %","0.0000","0 %","0.0000","0 %","0.0000","0 %","0.0000","100 %","0000010000"
"1/21/2024 1:30:00 PM - 2:30:00 PM","45312.3750000000","6.92 %","6.9167","17 %","17.3333","","0.0833","35 %","34.9167","0 %","0.0000","2 %","1.5000","0 %","0.0000","0 %","0.0000","0 %","0.0000","0 %","0.0000","100 %","0000010000"
"1/21/2024 2:30:00 PM - 3:30:00 PM","45312.4166666667","6.58 %","6.5833","18 %","17.6667","","0.0833","34 %","34.1667","0 %","0.0000","1 %","1.0000","0 %","0.0000","0 %","0.0000","0 %","0.0000","0 %","0.0000","100 %","0000010000"
"1/21/2024 3:30:00 PM - 4:30:00 PM","45312.4583333333","6.25 %","6.2500","14 %","14.2500","0 %","0.0000","36 %","36.0000","0 %","0.0000","1 %","1.2500","0 %","0.0000","0 %","0.0000","0 %","0.0000","0 %","0.0000","100 %","0000010000"
"1/21/2024 4:30:00 PM - 5:30:00 PM","45312.5000000000","6.50 %","6.5000","14 %","14.4167","0 %","0.0000","37 %","36.6667","0 %","0.0000","2 %","1.5000","0 %","0.0000","0 %","0.0000","0 %","0.0000","0 %","0.0000","100 %","0000010000"
"1/21/2024 5:30:00 PM - 6:30:00 PM","45312.5416666667","6.25 %","6.2500","13 %","13.1667","0 %","0.0000","36 %","36.3333","0 %","0.0000","2 %","1.5000","0 %","0.0000","","0.0833","0 %","0.0000","0 %","0.0000","100 %","0000010000"
"1/21/2024 6:30:00 PM - 7:30:00 PM","45312.5833333333","6.17 %","6.1667","13 %","13.2500","0 %","0.0000","36 %","36.5000","0 %","0.0000","1 %","1.0000","0 %","0.0000","0 %","0.0000","0 %","0.0000","0 %","0.0000","100 %","0000010000"
"1/21/2024 7:30:00 PM - 8:30:00 PM","45312.6250000000","6 %","6.0000","13 %","13.1667","0 %","0.0000","36 %","36.0833","0 %","0.0000","1 %","1.1667","0 %","0.0000","0 %","0.0000","0 %","0.0000","0 %","0.0000","100 %","0000010000"
"1/21/2024 8:30:00 PM - 9:30:00 PM","45312.6666666667","6 %","6.0000","13 %","12.8333","0 %","0.0000","36 %","36.4167","0 %","0.0000","1 %","1.1667","0 %","0.0000","0 %","0.0000","0 %","0.0000","0 %","0.0000","100 %","0000010000"
"1/21/2024 9:30:00 PM - 10:30:00 PM","45312.7083333333","6.17 %","6.1667","13 %","13.1667","0 %","0.0000","37 %","36.7500","0 %","0.0000","1 %","1.1667","0 %","0.0000","0 %","0.0000","0 %","0.0000","0 %","0.0000","100 %","0000010000"
"1/21/2024 10:30:00 PM - 11:30:00 PM","45312.7500000000","6.17 %","6.1667","13 %","12.9167","0 %","0.0000","36 %","36.1667","0 %","0.0000","1 %","1.3333","0 %","0.0000","0 %","0.0000","0 %","0.0000","0 %","0.0000","100 %","0000010000"
"1/21/2024 11:30:00 PM - 12:30:00 AM","45312.7916666667","6.17 %","6.1667","13 %","13.0833","","0.0833","36 %","36.4167","0 %","0.0000","1 %","1.2500","0 %","0.0000","","0.0833","0 %","0.0000","0 %","0.0000","100 %","0000010000"
"1/22/2024 12:30:00 AM - 1:30:00 AM","45312.8333333333","6.08 %","6.0833","13 %","12.6667","0 %","0.0000","37 %","37.3333","0 %","0.0000","1 %","1.0000","0 %","0.0000","0 %","0.0000","0 %","0.0000","0 %","0.0000","100 %","0000010000"
"1/22/2024 1:30:00 AM - 2:30:00 AM","45312.8750000000","6.08 %","6.0833","13 %","12.7500","0 %","0.0000","37 %","36.5833","0 %","0.0000","1 %","1.1667","0 %","0.0000","0 %","0.0000","0 %","0.0000","0 %","0.0000","100 %","0000010000"
"1/22/2024 2:30:00 AM - 3:30:00 AM","45312.9166666667","6.17 %","6.1667","13 %","12.6667","0 %","0.0000","36 %","36.4167","0 %","0.0000","1 %","1.2500","0 %","0.0000","0 %","0.0000","0 %","0.0000","0 %","0.0000","100 %","0000010000"
"1/22/2024 3:30:00 AM - 4:30:00 AM","45312.9583333333","6.08 %","6.0833","13 %","12.7500","","0.0833","36 %","36.3333","0 %","0.0000","1 %","1.1667","0 %","0.0000","0 %","0.0000","0 %","0.0000","0 %","0.0000","100 %","0000010000"
"1/22/2024 4:30:00 AM - 5:30:00 AM","45313.0000000000","6.17 %","6.1667","13 %","13.3333","0 %","0.0000","36 %","36.0833","0 %","0.0000","1 %","1.2500","0 %","0.0000","0 %","0.0000","0 %","0.0000","0 %","0.0000","100 %","0000010000"
"1/22/2024 5:30:00 AM - 6:30:00 AM","45313.0416666667","6.50 %","6.5000","13 %","13.0833","0 %","0.0000","37 %","37.1667","0 %","0.0000","1 %","1.3333","0 %","0.0000","","0.0833","0 %","0.0000","0 %","0.0000","100 %","0000010000"
"1/22/2024 6:30:00 AM - 7:30:00 AM","45313.0833333333","6.08 %","6.0833","13 %","13.0000","0 %","0.0000","37 %","36.6667","0 %","0.0000","1 %","1.0833","0 %","0.0000","0 %","0.0000","0 %","0.0000","0 %","0.0000","100 %","0000010000"
"1/22/2024 7:30:00 AM - 8:30:00 AM","45313.1250000000","6.33 %","6.3333","13 %","13.0833","0 %","0.0000","37 %","37.0833","0 %","0.0000","1 %","1.0833","0 %","0.0000","0 %","0.0000","0 %","0.0000","0 %","0.0000","100 %","0000010000"
"1/22/2024 8:30:00 AM - 9:30:00 AM","45313.1666666667","6.17 %","6.1667","13 %","13.3333","0 %","0.0000","36 %","36.0000","0 %","0.0000","1 %","1.2500","0 %","0.0000","0 %","0.0000","0 %","0.0000","0 %","0.0000","100 %","0000010000"
"1/22/2024 9:30:00 AM - 10:30:00 AM","45313.2083333333","6.08 %","6.0833","14 %","13.9167","0 %","0.0000","36 %","36.0000","0 %","0.0000","1 %","1.2500","0 %","0.0000","0 %","0.0000","0 %","0.0000","0 %","0.0000","100 %","0000010000"
"1/22/2024 10:30:00 AM - 11:30:00 AM","45313.2500000000","6.18 %","6.1818","14 %","13.7273","","0.1818","35 %","34.8182","0 %","0.0000","2 %","1.5455","0 %","0.0000","","0.0909","0 %","0.0000","0 %","0.0000","100 %","0000010000"
"1/22/2024 11:30:00 AM - 12:30:00 PM","45313.2916666667","6.58 %","6.5833","15 %","14.7500","","0.1667","37 %","36.6667","0 %","0.0000","1 %","1.4167","0 %","0.0000","","0.1667","0 %","0.0000","0 %","0.0000","100 %","0000010000"
"1/22/2024 12:30:00 PM - 1:30:00 PM","45313.3333333333","6.42 %","6.4167","15 %","15.2500","0 %","0.0000","35 %","35.2500","","0.0833","1 %","1.4167","0 %","0.0000","0 %","0.0000","0 %","0.0000","0 %","0.0000","100 %","0000010000"
"1/22/2024 1:30:00 PM - 2:30:00 PM","45313.3750000000","6.83 %","6.8333","19 %","18.7500","0 %","0.0000","33 %","33.3333","0 %","0.0000","2 %","1.5000","0 %","0.0000","","0.0833","0 %","0.0000","0 %","0.0000","100 %","0000010000"
"1/22/2024 2:30:00 PM - 3:30:00 PM","45313.4166666667","7.08 %","7.0833","20 %","20.0000","","0.2500","34 %","33.8333","0 %","0.0000","2 %","1.7500","0 %","0.0000","","0.0833","0 %","0.0000","0 %","0.0000","100 %","0000010000"
"1/22/2024 3:30:00 PM - 4:30:00 PM","45313.4583333333","7 %","7.0000","21 %","21.0000","","0.3333","33 %","33.0000","","0.0833","2 %","1.6667","0 %","0.0000","","0.0833","0 %","0.0000","0 %","0.0000","100 %","0000010000"
"1/22/2024 4:30:00 PM - 5:30:00 PM","45313.5000000000","6.92 %","6.9167","18 %","18.1667","","0.0833","35 %","34.5833","0 %","0.0000","1 %","1.4167","0 %","0.0000","","0.1667","0 %","0.0000","0 %","0.0000","100 %","0000010000"
"1/22/2024 5:30:00 PM - 6:30:00 PM","45313.5416666667","6.67 %","6.6667","17 %","16.8333","0 %","0.0000","35 %","35.0833","0 %","0.0000","2 %","1.5000","0 %","0.0000","","0.0833","0 %","0.0000","0 %","0.0000","100 %","0000010000"
"1/22/2024 6:30:00 PM - 7:30:00 PM","45313.5833333333","6.50 %","6.5000","16 %","15.8333","","0.0833","36 %","35.9167","0 %","0.0000","2 %","1.5000","0 %","0.0000","","0.0833","0 %","0.0000","0 %","0.0000","100 %","0000010000"
"1/22/2024 7:30:00 PM - 8:30:00 PM","45313.6250000000","6.67 %","6.6667","17 %","17.4167","","0.1667","35 %","34.7500","0 %","0.0000","2 %","1.5000","0 %","0.0000","","0.0833","0 %","0.0000","0 %","0.0000","100 %","0000010000"
"1/22/2024 8:30:00 PM - 9:30:00 PM","45313.6666666667","6.42 %","6.4167","14 %","14.3333","0 %","0.0000","37 %","36.7500","0 %","0.0000","1 %","1.2500","0 %","0.0000","","0.0833","0 %","0.0000","0 %","0.0000","100 %","0000010000"
"1/22/2024 9:30:00 PM - 10:30:00 PM","45313.7083333333","6.33 %","6.3333","14 %","13.8333","","0.0833","37 %","36.6667","0 %","0.0000","2 %","1.5000","0 %","0.0000","0 %","0.0000","0 %","0.0000","0 %","0.0000","100 %","0000010000"
"1/22/2024 10:30:00 PM - 11:30:00 PM","45313.7500000000","6.08 %","6.0833","13 %","13.4167","","0.0833","35 %","34.5833","0 %","0.0000","1 %","1.3333","0 %","0.0000","","0.2500","0 %","0.0000","0 %","0.0000","100 %","0000010000"
"1/22/2024 11:30:00 PM - 12:30:00 AM","45313.7916666667","6.33 %","6.3333","14 %","13.5000","","0.0833","36 %","36.0833","0 %","0.0000","1 %","1.4167","0 %","0.0000","","0.0833","0 %","0.0000","0 %","0.0000","100 %","0000010000"
"1/23/2024 12:30:00 AM - 1:30:00 AM","45313.8333333333","6 %","6.0000","12 %","12.3333","0 %","0.0000","36 %","36.4167","0 %","0.0000","","0.8333","0 %","0.0000","0 %","0.0000","0 %","0.0000","0 %","0.0000","100 %","0000010000"
"1/23/2024 1:30:00 AM - 2:30:00 AM","45313.8750000000","6 %","6.0000","13 %","12.7500","0 %","0.0000","36 %","35.9167","0 %","0.0000","","0.8333","0 %","0.0000","0 %","0.0000","0 %","0.0000","0 %","0.0000","100 %","0000010000"
"1/23/2024 2:30:00 AM - 3:30:00 AM","45313.9166666667","6 %","6.0000","13 %","13.0000","0 %","0.0000","36 %","35.8333","0 %","0.0000","1 %","1.1667","0 %","0.0000","0 %","0.0000","0 %","0.0000","0 %","0.0000","100 %","0000010000"
"1/23/2024 3:30:00 AM - 4:30:00 AM","45313.9583333333","6 %","6.0000","12 %","11.7500","0 %","0.0000","36 %","36.3333","0 %","0.0000","1 %","1.0000","0 %","0.0000","0 %","0.0000","0 %","0.0000","0 %","0.0000","100 %","0000010000"
"1/23/2024 4:30:00 AM - 5:30:00 AM","45314.0000000000","6.17 %","6.1667","13 %","12.8333","0 %","0.0000","36 %","36.5000","0 %","0.0000","1 %","1.1667","0 %","0.0000","0 %","0.0000","0 %","0.0000","0 %","0.0000","100 %","0000010000"
"1/23/2024 5:30:00 AM - 6:30:00 AM","45314.0416666667","6 %","6.0000","12 %","12.0833","0 %","0.0000","36 %","36.3333","0 %","0.0000","","0.7500","0 %","0.0000","0 %","0.0000","0 %","0.0000","0 %","0.0000","100 %","0000010000"
"1/23/2024 6:30:00 AM - 7:30:00 AM","45314.0833333333","6 %","6.0000","13 %","12.5833","0 %","0.0000","36 %","36.1667","0 %","0.0000","1 %","1.0000","0 %","0.0000","0 %","0.0000","0 %","0.0000","0 %","0.0000","100 %","0000010000"
"1/23/2024 7:30:00 AM - 8:30:00 AM","45314.1250000000","6.08 %","6.0833","12 %","12.5000","0 %","0.0000","36 %","36.0833","0 %","0.0000","1 %","1.1667","0 %","0.0000","0 %","0.0000","0 %","0.0000","0 %","0.0000","100 %","0000010000"
"1/23/2024 8:30:00 AM - 9:30:00 AM","45314.1666666667","6 %","6.0000","12 %","12.5000","0 %","0.0000","36 %","36.1667","0 %","0.0000","","0.8333","0 %","0.0000","0 %","0.0000","0 %","0.0000","0 %","0.0000","100 %","0000010000"
"1/23/2024 9:30:00 AM - 10:30:00 AM","45314.2083333333","6.17 %","6.1667","14 %","13.5000","0 %","0.0000","36 %","35.7500","0 %","0.0000","1 %","1.4167","0 %","0.0000","0 %","0.0000","0 %","0.0000","0 %","0.0000","100 %","0000010000"
"1/23/2024 10:30:00 AM - 11:30:00 AM","45314.2500000000","6.25 %","6.2500","14 %","14.3333","0 %","0.0000","36 %","35.5833","0 %","0.0000","1 %","1.0000","0 %","0.0000","0 %","0.0000","0 %","0.0000","0 %","0.0000","100 %","0000010000"
"1/23/2024 11:30:00 AM - 12:30:00 PM","45314.2916666667","6.17 %","6.1667","16 %","16.1667","","0.1667","34 %","34.0000","0 %","0.0000","1 %","1.1667","0 %","0.0000","0 %","0.0000","0 %","0.0000","0 %","0.0000","100 %","0000010000"
"1/23/2024 12:30:00 PM - 1:30:00 PM","45314.3333333333","6.42 %","6.4167","16 %","16.0833","","0.0833","35 %","34.9167","0 %","0.0000","1 %","1.3333","0 %","0.0000","","0.0833","0 %","0.0000","0 %","0.0000","100 %","0000010000"
"1/23/2024 1:30:00 PM - 2:30:00 PM","45314.3750000000","6.92 %","6.9167","19 %","19.0833","","0.0833","34 %","33.5833","","0.0833","1 %","1.1667","0 %","0.0000","0 %","0.0000","0 %","0.0000","0 %","0.0000","100 %","0000010000"
"1/23/2024 2:30:00 PM - 3:30:00 PM","45314.4166666667","6.58 %","6.5833","17 %","17.0833","","0.0833","34 %","34.5000","0 %","0.0000","1 %","1.3333","0 %","0.0000","","0.0833","0 %","0.0000","0 %","0.0000","100 %","0000010000"
"1/23/2024 3:30:00 PM - 4:30:00 PM","45314.4583333333","6.75 %","6.7500","20 %","19.8333","","0.0833","33 %","32.6667","0 %","0.0000","1 %","1.1667","0 %","0.0000","0 %","0.0000","0 %","0.0000","0 %","0.0000","100 %","0000010000"
"1/23/2024 4:30:00 PM - 5:30:00 PM","45314.5000000000","7 %","7.0000","21 %","21.4167","","0.3333","32 %","31.6667","0 %","0.0000","2 %","1.5000","0 %","0.0000","0 %","0.0000","0 %","0.0000","0 %","0.0000","100 %","0000010000"
"1/23/2024 5:30:00 PM - 6:30:00 PM","45314.5416666667","7 %","7.0000","20 %","19.5833","","0.2500","33 %","33.3333","0 %","0.0000","2 %","1.5000","0 %","0.0000","0 %","0.0000","0 %","0.0000","0 %","0.0000","100 %","0000010000"
"1/23/2024 6:30:00 PM - 7:30:00 PM","45314.5833333333","6.67 %","6.6667","17 %","16.9167","","0.2500","35 %","35.0833","0 %","0.0000","1 %","1.4167","0 %","0.0000","0 %","0.0000","0 %","0.0000","0 %","0.0000","100 %","0000010000"
"1/23/2024 7:30:00 PM - 8:30:00 PM","45314.6250000000","6.33 %","6.3333","14 %","13.9167","0 %","0.0000","37 %","36.6667","0 %","0.0000","1 %","1.1667","0 %","0.0000","0 %","0.0000","0 %","0.0000","0 %","0.0000","100 %","0000010000"
"1/23/2024 8:30:00 PM - 9:30:00 PM","45314.6666666667","6.17 %","6.1667","13 %","13.0000","","0.0833","36 %","36.4167","0 %","0.0000","1 %","1.1667","0 %","0.0000","0 %","0.0000","0 %","0.0000","0 %","0.0000","100 %","0000010000"
"1/23/2024 9:30:00 PM - 10:30:00 PM","45314.7083333333","6 %","6.0000","13 %","13.0000","0 %","0.0000","36 %","36.0000","0 %","0.0000","1 %","1.0833","0 %","0.0000","0 %","0.0000","0 %","0.0000","0 %","0.0000","100 %","0000010000"
"1/23/2024 10:30:00 PM - 11:30:00 PM","45314.7500000000","6.17 %","6.1667","13 %","13.1667","0 %","0.0000","36 %","36.0000","0 %","0.0000","1 %","1.1667","0 %","0.0000","0 %","0.0000","0 %","0.0000","0 %","0.0000","100 %","0000010000"
"1/23/2024 11:30:00 PM - 12:30:00 AM","45314.7916666667","6.17 %","6.1667","13 %","12.9167","","0.0833","36 %","36.5000","0 %","0.0000","1 %","1.0833","0 %","0.0000","","0.0833","0 %","0.0000","0 %","0.0000","100 %","0000010000"
"1/24/2024 12:30:00 AM - 1:30:00 AM","45314.8333333333","6.08 %","6.0833","12 %","12.3333","0 %","0.0000","36 %","36.3333","0 %","0.0000","1 %","1.0833","0 %","0.0000","","0.0833","0 %","0.0000","0 %","0.0000","100 %","0000010000"
"1/24/2024 1:30:00 AM - 2:30:00 AM","45314.8750000000","6.08 %","6.0833","12 %","12.3333","0 %","0.0000","37 %","36.5833","0 %","0.0000","","0.9167","0 %","0.0000","0 %","0.0000","0 %","0.0000","0 %","0.0000","100 %","0000010000"
"1/24/2024 2:30:00 AM - 3:30:00 AM","45314.9166666667","6.08 %","6.0833","13 %","12.9167","0 %","0.0000","36 %","35.6667","0 %","0.0000","","0.9167","0 %","0.0000","0 %","0.0000","0 %","0.0000","0 %","0.0000","100 %","0000010000"
"1/24/2024 3:30:00 AM - 4:30:00 AM","45314.9583333333","6.08 %","6.0833","13 %","13.0000","0 %","0.0000","36 %","36.0833","0 %","0.0000","1 %","1.1667","0 %","0.0000","0 %","0.0000","0 %","0.0000","0 %","0.0000","100 %","0000010000"
"1/24/2024 4:30:00 AM - 5:30:00 AM","45315.0000000000","6 %","6.0000","13 %","12.8333","0 %","0.0000","36 %","36.0000","0 %","0.0000","1 %","1.0000","0 %","0.0000","0 %","0.0000","0 %","0.0000","0 %","0.0000","100 %","0000010000"
"1/24/2024 5:30:00 AM - 6:30:00 AM","45315.0416666667","6.08 %","6.0833","13 %","12.6667","0 %","0.0000","36 %","35.6667","0 %","0.0000","1 %","1.0833","0 %","0.0000","0 %","0.0000","0 %","0.0000","0 %","0.0000","100 %","0000010000"
"1/24/2024 6:30:00 AM - 7:30:00 AM","45315.0833333333","6 %","6.0000","14 %","13.5833","0 %","0.0000","36 %","35.9167","0 %","0.0000","1 %","1.0000","0 %","0.0000","0 %","0.0000","0 %","0.0000","0 %","0.0000","100 %","0000010000"
"1/24/2024 7:30:00 AM - 8:30:00 AM","45315.1250000000","6.42 %","6.4167","15 %","14.7500","0 %","0.0000","36 %","36.0000","0 %","0.0000","1 %","1.1667","0 %","0.0000","","0.0833","0 %","0.0000","0 %","0.0000","100 %","0000010000"
"1/24/2024 8:30:00 AM - 9:30:00 AM","45315.1666666667","6.17 %","6.1667","14 %","14.2500","0 %","0.0000","36 %","35.8333","0 %","0.0000","1 %","1.1667","0 %","0.0000","0 %","0.0000","0 %","0.0000","0 %","0.0000","100 %","0000010000"
"1/24/2024 9:30:00 AM - 10:30:00 AM","45315.2083333333","6.08 %","6.0833","14 %","14.0000","0 %","0.0000","37 %","36.5833","","0.0833","1 %","1.0833","0 %","0.0000","0 %","0.0000","0 %","0.0000","0 %","0.0000","100 %","0000010000"
"1/24/2024 10:30:00 AM - 11:30:00 AM","45315.2500000000","6.08 %","6.0833","14 %","13.8333","0 %","0.0000","36 %","35.9167","0 %","0.0000","1 %","1.2500","0 %","0.0000","0 %","0.0000","0 %","0.0000","0 %","0.0000","100 %","0000010000"
"1/24/2024 11:30:00 AM - 12:30:00 PM","45315.2916666667","6.17 %","6.1667","14 %","14.1667","0 %","0.0000","36 %","36.1667","0 %","0.0000","1 %","1.2500","0 %","0.0000","0 %","0.0000","0 %","0.0000","0 %","0.0000","100 %","0000010000"
"1/24/2024 12:30:00 PM - 1:30:00 PM","45315.3333333333","6.25 %","6.2500","14 %","13.5833","0 %","0.0000","37 %","36.7500","0 %","0.0000","1 %","1.2500","0 %","0.0000","0 %","0.0000","0 %","0.0000","0 %","0.0000","100 %","0000010000"
"1/24/2024 1:30:00 PM - 2:30:00 PM","45315.3750000000","6.17 %","6.1667","13 %","13.3333","0 %","0.0000","37 %","36.7500","0 %","0.0000","1 %","1.1667","0 %","0.0000","0 %","0.0000","0 %","0.0000","0 %","0.0000","100 %","0000010000"
"1/24/2024 2:30:00 PM - 3:30:00 PM","45315.4166666667","6.42 %","6.4167","15 %","14.6667","","0.0833","36 %","36.0000","0 %","0.0000","1 %","1.3333","0 %","0.0000","","0.0833","0 %","0.0000","0 %","0.0000","100 %","0000010000"
"1/24/2024 3:30:00 PM - 4:30:00 PM","45315.4583333333","6.25 %","6.2500","15 %","15.0833","0 %","0.0000","35 %","35.0000","0 %","0.0000","1 %","1.1667","0 %","0.0000","0 %","0.0000","0 %","0.0000","0 %","0.0000","100 %","0000010000"
"1/24/2024 4:30:00 PM - 5:30:00 PM","45315.5000000000","6.42 %","6.4167","14 %","13.8333","0 %","0.0000","36 %","36.4167","0 %","0.0000","1 %","1.2500","0 %","0.0000","0 %","0.0000","0 %","0.0000","0 %","0.0000","100 %","0000010000"
"1/24/2024 5:30:00 PM - 6:30:00 PM","45315.5416666667","6.17 %","6.1667","14 %","14.4167","0 %","0.0000","36 %","35.5833","0 %","0.0000","1 %","1.0833","0 %","0.0000","0 %","0.0000","0 %","0.0000","0 %","0.0000","100 %","0000010000"
"1/24/2024 6:30:00 PM - 7:30:00 PM","45315.5833333333","6.25 %","6.2500","15 %","15.1667","","0.0833","35 %","35.2500","0 %","0.0000","1 %","1.0833","0 %","0.0000","0 %","0.0000","0 %","0.0000","0 %","0.0000","100 %","0000010000"
"1/24/2024 7:30:00 PM - 8:30:00 PM","45315.6250000000","6.17 %","6.1667","14 %","14.2500","0 %","0.0000","36 %","35.7500","0 %","0.0000","1 %","1.2500","0 %","0.0000","0 %","0.0000","0 %","0.0000","0 %","0.0000","100 %","0000010000"
"1/24/2024 8:30:00 PM - 9:30:00 PM","45315.6666666667","6.25 %","6.2500","13 %","13.4167","0 %","0.0000","36 %","35.9167","0 %","0.0000","1 %","1.0833","0 %","0.0000","0 %","0.0000","0 %","0.0000","0 %","0.0000","100 %","0000010000"
"1/24/2024 9:30:00 PM - 10:30:00 PM","45315.7083333333","6.25 %","6.2500","13 %","13.1667","","0.0833","37 %","36.8333","0 %","0.0000","1 %","1.1667","0 %","0.0000","0 %","0.0000","0 %","0.0000","0 %","0.0000","100 %","0000010000"
"1/24/2024 10:30:00 PM - 11:30:00 PM","45315.7500000000","6.08 %","6.0833","13 %","12.7500","0 %","0.0000","36 %","36.2500","0 %","0.0000","1 %","1.0000","0 %","0.0000","0 %","0.0000","0 %","0.0000","0 %","0.0000","100 %","0000010000"
"1/24/2024 11:30:00 PM - 12:30:00 AM","45315.7916666667","6.25 %","6.2500","13 %","13.0833","0 %","0.0000","36 %","36.4167","0 %","0.0000","1 %","1.4167","0 %","0.0000","","0.2500","0 %","0.0000","0 %","0.0000","100 %","0000010000"
"1/25/2024 12:30:00 AM - 1:30:00 AM","45315.8333333333","6.08 %","6.0833","13 %","13.0000","0 %","0.0000","36 %","36.1667","0 %","0.0000","1 %","1.1667","0 %","0.0000","0 %","0.0000","0 %","0.0000","0 %","0.0000","100 %","0000010000"
"1/25/2024 1:30:00 AM - 2:30:00 AM","45315.8750000000","6.17 %","6.1667","13 %","12.9167","","0.0833","36 %","35.7500","0 %","0.0000","1 %","1.0833","0 %","0.0000","0 %","0.0000","0 %","0.0000","0 %","0.0000","100 %","0000010000"
"1/25/2024 2:30:00 AM - 3:30:00 AM","45315.9166666667","6.08 %","6.0833","13 %","13.3333","0 %","0.0000","36 %","36.0833","0 %","0.0000","1 %","1.0000","0 %","0.0000","0 %","0.0000","0 %","0.0000","0 %","0.0000","100 %","0000010000"
"1/25/2024 3:30:00 AM - 4:30:00 AM","45315.9583333333","6.08 %","6.0833","13 %","12.8333","0 %","0.0000","36 %","35.9167","0 %","0.0000","","0.8333","0 %","0.0000","0 %","0.0000","0 %","0.0000","0 %","0.0000","100 %","0000010000"
"1/25/2024 4:30:00 AM - 5:30:00 AM","45316.0000000000","6.08 %","6.0833","12 %","12.5000","","0.0833","36 %","36.4167","0 %","0.0000","","0.9167","0 %","0.0000","0 %","0.0000","0 %","0.0000","0 %","0.0000","100 %","0000010000"
"1/25/2024 5:30:00 AM - 6:30:00 AM","45316.0416666667","6 %","6.0000","13 %","12.6667","0 %","0.0000","36 %","36.2500","0 %","0.0000","","0.9167","0 %","0.0000","0 %","0.0000","0 %","0.0000","0 %","0.0000","100 %","0000010000"
"1/25/2024 6:30:00 AM - 7:30:00 AM","45316.0833333333","6.08 %","6.0833","13 %","13.2500","","0.0833","36 %","36.1667","0 %","0.0000","1 %","1.0000","0 %","0.0000","0 %","0.0000","0 %","0.0000","0 %","0.0000","100 %","0000010000"
"1/25/2024 7:30:00 AM - 8:30:00 AM","45316.1250000000","6.08 %","6.0833","13 %","13.4167","","0.0833","36 %","35.6667","0 %","0.0000","1 %","1.0000","0 %","0.0000","","0.0833","0 %","0.0000","0 %","0.0000","100 %","0000010000"
"1/25/2024 8:30:00 AM - 9:30:00 AM","45316.1666666667","6.17 %","6.1667","13 %","13.0833","","0.0833","36 %","36.3333","0 %","0.0000","","0.8333","0 %","0.0000","0 %","0.0000","0 %","0.0000","0 %","0.0000","100 %","0000010000"
"1/25/2024 9:30:00 AM - 10:30:00 AM","45316.2083333333","6.08 %","6.0833","13 %","13.0833","0 %","0.0000","36 %","36.3333","0 %","0.0000","1 %","1.1667","0 %","0.0000","0 %","0.0000","0 %","0.0000","0 %","0.0000","100 %","0000010000"
"1/25/2024 10:30:00 AM - 11:30:00 AM","45316.2500000000","6.08 %","6.0833","13 %","12.9167","0 %","0.0000","36 %","36.0000","0 %","0.0000","1 %","1.2500","0 %","0.0000","0 %","0.0000","0 %","0.0000","0 %","0.0000","100 %","0000010000"
"1/25/2024 11:30:00 AM - 12:30:00 PM","45316.2916666667","6.08 %","6.0833","14 %","13.5833","0 %","0.0000","36 %","35.8333","0 %","0.0000","1 %","1.1667","0 %","0.0000","0 %","0.0000","0 %","0.0000","0 %","0.0000","100 %","0000010000"
"1/25/2024 12:30:00 PM - 1:30:00 PM","45316.3333333333","6.42 %","6.4167","14 %","14.4167","","0.0833","36 %","36.0833","0 %","0.0000","1 %","1.0833","0 %","0.0000","0 %","0.0000","0 %","0.0000","0 %","0.0000","100 %","0000010000"
"1/25/2024 1:30:00 PM - 2:30:00 PM","45316.3750000000","6.42 %","6.4167","16 %","16.0833","0 %","0.0000","35 %","35.1667","0 %","0.0000","1 %","1.0000","0 %","0.0000","0 %","0.0000","0 %","0.0000","0 %","0.0000","100 %","0000010000"
"1/25/2024 2:30:00 PM - 3:30:00 PM","45316.4166666667","6.33 %","6.3333","15 %","15.4167","","0.1667","35 %","35.0833","0 %","0.0000","","0.8333","0 %","0.0000","","0.0833","0 %","0.0000","0 %","0.0000","100 %","0000010000"
"1/25/2024 3:30:00 PM - 4:30:00 PM","45316.4583333333","6.08 %","6.0833","14 %","14.1667","","0.0833","35 %","35.4167","0 %","0.0000","1 %","1.0833","0 %","0.0000","0 %","0.0000","0 %","0.0000","0 %","0.0000","100 %","0000010000"
"1/25/2024 4:30:00 PM - 5:30:00 PM","45316.5000000000","6.42 %","6.4167","15 %","15.0000","","0.1667","36 %","35.7500","0 %","0.0000","2 %","1.7500","0 %","0.0000","","0.0833","0 %","0.0000","0 %","0.0000","100 %","0000010000"
"1/25/2024 5:30:00 PM - 6:30:00 PM","45316.5416666667","6.33 %","6.3333","14 %","13.7500","0 %","0.0000","36 %","35.8333","0 %","0.0000","1 %","1.0833","0 %","0.0000","0 %","0.0000","0 %","0.0000","0 %","0.0000","100 %","0000010000"
"1/25/2024 6:30:00 PM - 7:30:00 PM","45316.5833333333","6.08 %","6.0833","14 %","13.5000","0 %","0.0000","36 %","35.7500","0 %","0.0000","1 %","1.1667","0 %","0.0000","0 %","0.0000","0 %","0.0000","0 %","0.0000","100 %","0000010000"
"1/25/2024 7:30:00 PM - 8:30:00 PM","45316.6250000000","6.08 %","6.0833","14 %","14.1667","","0.0833","35 %","35.0000","0 %","0.0000","1 %","1.0000","0 %","0.0000","0 %","0.0000","0 %","0.0000","0 %","0.0000","100 %","0000010000"
"1/25/2024 8:30:00 PM - 9:30:00 PM","45316.6666666667","6.25 %","6.2500","13 %","13.1667","","0.0833","36 %","36.0833","0 %","0.0000","1 %","1.0833","0 %","0.0000","0 %","0.0000","0 %","0.0000","0 %","0.0000","100 %","0000010000"
"1/25/2024 9:30:00 PM - 10:30:00 PM","45316.7083333333","6 %","6.0000","12 %","12.4167","0 %","0.0000","37 %","36.5833","0 %","0.0000","","0.9167","0 %","0.0000","0 %","0.0000","0 %","0.0000","0 %","0.0000","100 %","0000010000"
"1/25/2024 10:30:00 PM - 11:30:00 PM","45316.7500000000","6 %","6.0000","13 %","12.6667","0 %","0.0000","36 %","36.3333","0 %","0.0000","","0.7500","0 %","0.0000","","0.0833","0 %","0.0000","0 %","0.0000","100 %","0000010000"
"1/25/2024 11:30:00 PM - 12:30:00 AM","45316.7916666667","6.08 %","6.0833","13 %","12.7500","0 %","0.0000","36 %","35.5833","0 %","0.0000","1 %","1.1667","0 %","0.0000","","0.1667","0 %","0.0000","0 %","0.0000","100 %","0000010000"
"1/26/2024 12:30:00 AM - 1:30:00 AM","45316.8333333333","6.25 %","6.2500","13 %","13.4167","","0.2500","35 %","35.2500","","0.1667","1 %","1.0833","","0.1667","","0.1667","","0.1667","0 %","0.0000","100 %","0000010000"
"1/26/2024 1:30:00 AM - 2:30:00 AM","45316.8750000000","6 %","6.0000","13 %","12.6667","0 %","0.0000","35 %","35.4167","0 %","0.0000","","0.6667","0 %","0.0000","0 %","0.0000","0 %","0.0000","0 %","0.0000","100 %","0000010000"
"1/26/2024 2:30:00 AM - 3:30:00 AM","45316.9166666667","6.08 %","6.0833","13 %","12.5833","0 %","0.0000","36 %","35.6667","0 %","0.0000","1 %","1.0000","0 %","0.0000","","0.0833","0 %","0.0000","0 %","0.0000","100 %","0000010000"
"1/26/2024 3:30:00 AM - 4:30:00 AM","45316.9583333333","6 %","6.0000","12 %","12.4167","0 %","0.0000","36 %","35.6667","0 %","0.0000","","0.8333","0 %","0.0000","0 %","0.0000","0 %","0.0000","0 %","0.0000","100 %","0000010000"
"1/26/2024 4:30:00 AM - 5:30:00 AM","45317.0000000000","6 %","6.0000","13 %","12.9167","0 %","0.0000","36 %","35.6667","0 %","0.0000","","0.7500","0 %","0.0000","0 %","0.0000","0 %","0.0000","0 %","0.0000","100 %","0000010000"
"1/26/2024 5:30:00 AM - 6:30:00 AM","45317.0416666667","6 %","6.0000","13 %","13.1667","0 %","0.0000","35 %","35.3333","0 %","0.0000","","0.9167","0 %","0.0000","0 %","0.0000","0 %","0.0000","0 %","0.0000","100 %","0000010000"
"1/26/2024 6:30:00 AM - 7:30:00 AM","45317.0833333333","6.08 %","6.0833","13 %","13.2500","","0.0833","36 %","35.5000","0 %","0.0000","1 %","1.0833","0 %","0.0000","0 %","0.0000","0 %","0.0000","0 %","0.0000","100 %","0000010000"
"1/26/2024 7:30:00 AM - 8:30:00 AM","45317.1250000000","6.25 %","6.2500","13 %","13.2500","0 %","0.0000","36 %","36.3333","0 %","0.0000","1 %","1.0000","0 %","0.0000","","0.0833","0 %","0.0000","0 %","0.0000","100 %","0000010000"
"1/26/2024 8:30:00 AM - 9:30:00 AM","45317.1666666667","6.08 %","6.0833","13 %","13.0000","0 %","0.0000","36 %","35.8333","0 %","0.0000","","0.9167","0 %","0.0000","0 %","0.0000","0 %","0.0000","0 %","0.0000","100 %","0000010000"
"1/26/2024 9:30:00 AM - 10:30:00 AM","45317.2083333333","6 %","6.0000","12 %","12.2500","0 %","0.0000","36 %","36.0000","0 %","0.0000","1 %","1.0000","0 %","0.0000","0 %","0.0000","0 %","0.0000","0 %","0.0000","100 %","0000010000"
"1/26/2024 10:30:00 AM - 11:30:00 AM","45317.2500000000","6 %","6.0000","13 %","13.0000","0 %","0.0000","35 %","35.4167","0 %","0.0000","1 %","1.0000","0 %","0.0000","0 %","0.0000","0 %","0.0000","0 %","0.0000","100 %","0000010000"
"1/26/2024 11:30:00 AM - 12:30:00 PM","45317.2916666667","6 %","6.0000","13 %","12.6667","0 %","0.0000","36 %","36.4167","0 %","0.0000","","0.6667","0 %","0.0000","0 %","0.0000","0 %","0.0000","0 %","0.0000","100 %","0000010000"
"1/26/2024 12:30:00 PM - 1:30:00 PM","45317.3333333333","6 %","6.0000","12 %","12.4167","0 %","0.0000","36 %","35.9167","0 %","0.0000","1 %","1.0000","0 %","0.0000","0 %","0.0000","0 %","0.0000","0 %","0.0000","100 %","0000010000"
"1/26/2024 1:30:00 PM - 2:30:00 PM","45317.3750000000","6.33 %","6.3333","13 %","13.2500","","0.5000","36 %","36.1667","","0.2500","1 %","1.4167","","0.1667","","0.3333","","0.0833","0 %","0.0000","100 %","0000010000"
"1/26/2024 2:30:00 PM - 3:30:00 PM","45317.4166666667","6.25 %","6.2500","14 %","14.0000","0 %","0.0000","36 %","36.0833","0 %","0.0000","","0.9167","0 %","0.0000","0 %","0.0000","0 %","0.0000","0 %","0.0000","100 %","0000010000"
"1/26/2024 3:30:00 PM - 4:30:00 PM","45317.4583333333","6.17 %","6.1667","14 %","13.9167","","0.0833","36 %","36.1667","0 %","0.0000","","0.8333","0 %","0.0000","0 %","0.0000","0 %","0.0000","0 %","0.0000","100 %","0000010000"
"1/26/2024 4:30:00 PM - 5:30:00 PM","45317.5000000000","6 %","6.0000","12 %","12.3333","0 %","0.0000","37 %","36.5833","0 %","0.0000","1 %","1.0000","0 %","0.0000","0 %","0.0000","0 %","0.0000","0 %","0.0000","100 %","0000010000"
"1/26/2024 5:30:00 PM - 6:30:00 PM","45317.5416666667","6 %","6.0000","11 %","11.1667","0 %","0.0000","37 %","36.9167","0 %","0.0000","","0.5000","0 %","0.0000","0 %","0.0000","0 %","0.0000","0 %","0.0000","100 %","0000010000"
"1/26/2024 6:30:00 PM - 7:30:00 PM","45317.5833333333","6.17 %","6.1667","12 %","11.9167","","0.0833","36 %","36.3333","0 %","0.0000","1 %","1.0833","0 %","0.0000","","0.0833","0 %","0.0000","0 %","0.0000","100 %","0000010000"
"1/26/2024 7:30:00 PM - 8:30:00 PM","45317.6250000000","6.08 %","6.0833","12 %","12.5000","0 %","0.0000","36 %","36.2500","0 %","0.0000","","0.7500","0 %","0.0000","0 %","0.0000","0 %","0.0000","0 %","0.0000","100 %","0000010000"
"1/26/2024 8:30:00 PM - 9:30:00 PM","45317.6666666667","6.08 %","6.0833","13 %","12.9167","0 %","0.0000","36 %","36.5000","0 %","0.0000","1 %","1.1667","0 %","0.0000","0 %","0.0000","0 %","0.0000","0 %","0.0000","100 %","0000010000"
"1/26/2024 9:30:00 PM - 10:30:00 PM","45317.7083333333","6.08 %","6.0833","13 %","13.0000","0 %","0.0000","36 %","35.6667","0 %","0.0000","","0.7500","0 %","0.0000","0 %","0.0000","0 %","0.0000","0 %","0.0000","100 %","0000010000"
"1/26/2024 10:30:00 PM - 11:30:00 PM","45317.7500000000","6 %","6.0000","11 %","11.4167","0 %","0.0000","36 %","36.3333","0 %","0.0000","","0.7500","0 %","0.0000","0 %","0.0000","0 %","0.0000","0 %","0.0000","100 %","0000010000"
"1/26/2024 11:30:00 PM - 12:30:00 AM","45317.7916666667","6.08 %","6.0833","13 %","12.7500","","0.0833","35 %","34.7500","0 %","0.0000","","0.7500","0 %","0.0000","","0.0833","0 %","0.0000","0 %","0.0000","100 %","0000010000"
"1/27/2024 12:30:00 AM - 1:30:00 AM","45317.8333333333","6 %","6.0000","14 %","13.7500","0 %","0.0000","35 %","35.3333","0 %","0.0000","1 %","1.0833","0 %","0.0000","0 %","0.0000","0 %","0.0000","0 %","0.0000","100 %","0000010000"
"1/27/2024 1:30:00 AM - 2:30:00 AM","45317.8750000000","6 %","6.0000","13 %","12.9167","","0.2500","37 %","36.6667","0 %","0.0000","","0.9167","0 %","0.0000","0 %","0.0000","0 %","0.0000","0 %","0.0000","100 %","0000010000"
"1/27/2024 2:30:00 AM - 3:30:00 AM","45317.9166666667","6.17 %","6.1667","12 %","12.4167","","0.0833","37 %","36.8333","0 %","0.0000","","0.9167","0 %","0.0000","0 %","0.0000","0 %","0.0000","0 %","0.0000","100 %","0000010000"
"1/27/2024 3:30:00 AM - 4:30:00 AM","45317.9583333333","6 %","6.0000","13 %","12.8333","0 %","0.0000","36 %","36.0000","0 %","0.0000","","0.9167","0 %","0.0000","0 %","0.0000","0 %","0.0000","0 %","0.0000","100 %","0000010000"
"1/27/2024 4:30:00 AM - 5:30:00 AM","45318.0000000000","6 %","6.0000","13 %","12.5833","0 %","0.0000","36 %","36.1667","0 %","0.0000","","0.8333","0 %","0.0000","0 %","0.0000","0 %","0.0000","0 %","0.0000","100 %","0000010000"
"1/27/2024 5:30:00 AM - 6:30:00 AM","45318.0416666667","6 %","6.0000","13 %","12.8333","0 %","0.0000","36 %","36.2500","0 %","0.0000","","0.7500","0 %","0.0000","0 %","0.0000","0 %","0.0000","0 %","0.0000","100 %","0000010000"
"1/27/2024 6:30:00 AM - 7:30:00 AM","45318.0833333333","6.08 %","6.0833","13 %","13.0000","0 %","0.0000","36 %","35.7500","0 %","0.0000","","0.8333","0 %","0.0000","0 %","0.0000","0 %","0.0000","0 %","0.0000","100 %","0000010000"
"1/27/2024 7:30:00 AM - 8:30:00 AM","45318.1250000000","6 %","6.0000","12 %","12.5000","0 %","0.0000","36 %","35.8333","0 %","0.0000","1 %","1.0000","0 %","0.0000","0 %","0.0000","0 %","0.0000","0 %","0.0000","100 %","0000010000"
"1/27/2024 8:30:00 AM - 9:30:00 AM","45318.1666666667","6.17 %","6.1667","13 %","12.8333","0 %","0.0000","36 %","36.4167","0 %","0.0000","","0.8333","0 %","0.0000","0 %","0.0000","0 %","0.0000","0 %","0.0000","100 %","0000010000"
"1/27/2024 9:30:00 AM - 10:30:00 AM","45318.2083333333","6.17 %","6.1667","14 %","13.8333","","0.0833","36 %","35.5000","0 %","0.0000","1 %","1.2500","0 %","0.0000","","0.1667","0 %","0.0000","0 %","0.0000","100 %","0000010000"
"1/27/2024 10:30:00 AM - 11:30:00 AM","45318.2500000000","6 %","6.0000","12 %","12.3333","","0.3333","35 %","35.1667","","0.1667","1 %","1.0833","","0.1667","","0.0833","","0.0833","0 %","0.0000","100 %","0000010000"
"1/27/2024 11:30:00 AM - 12:30:00 PM","45318.2916666667","6.17 %","6.1667","12 %","12.1667","0 %","0.0000","37 %","37.0833","0 %","0.0000","","0.8333","0 %","0.0000","0 %","0.0000","0 %","0.0000","0 %","0.0000","100 %","0000010000"
"1/27/2024 12:30:00 PM - 1:30:00 PM","45318.3333333333","6.17 %","6.1667","13 %","13.2500","0 %","0.0000","37 %","36.9167","0 %","0.0000","","0.9167","0 %","0.0000","0 %","0.0000","0 %","0.0000","0 %","0.0000","100 %","0000010000"
"1/27/2024 1:30:00 PM - 2:30:00 PM","45318.3750000000","6.08 %","6.0833","13 %","13.4167","","0.0833","37 %","36.7500","0 %","0.0000","","0.8333","0 %","0.0000","0 %","0.0000","0 %","0.0000","0 %","0.0000","100 %","0000010000"
"1/27/2024 2:30:00 PM - 3:30:00 PM","45318.4166666667","6.08 %","6.0833","14 %","13.5000","0 %","0.0000","36 %","35.6667","0 %","0.0000","","0.9167","0 %","0.0000","0 %","0.0000","0 %","0.0000","0 %","0.0000","100 %","0000010000"
"1/27/2024 3:30:00 PM - 4:30:00 PM","45318.4583333333","6.25 %","6.2500","13 %","13.2500","0 %","0.0000","36 %","36.3333","0 %","0.0000","","0.9167","0 %","0.0000","0 %","0.0000","0 %","0.0000","0 %","0.0000","100 %","0000010000"
"1/27/2024 4:30:00 PM - 5:30:00 PM","45318.5000000000","6.17 %","6.1667","14 %","13.5000","","0.0833","36 %","36.0833","0 %","0.0000","1 %","1.0833","0 %","0.0000","0 %","0.0000","0 %","0.0000","0 %","0.0000","100 %","0000010000"
"1/27/2024 5:30:00 PM - 6:30:00 PM","45318.5416666667","6 %","6.0000","13 %","13.3333","0 %","0.0000","36 %","35.7500","0 %","0.0000","","0.8333","0 %","0.0000","0 %","0.0000","0 %","0.0000","0 %","0.0000","100 %","0000010000"
"1/27/2024 6:30:00 PM - 7:30:00 PM","45318.5833333333","6 %","6.0000","14 %","13.5000","0 %","0.0000","36 %","36.0833","0 %","0.0000","","0.8333","0 %","0.0000","0 %","0.0000","0 %","0.0000","0 %","0.0000","100 %","0000010000"
"1/27/2024 7:30:00 PM - 8:30:00 PM","45318.6250000000","6.08 %","6.0833","13 %","13.4167","0 %","0.0000","36 %","36.2500","0 %","0.0000","1 %","1.0000","0 %","0.0000","0 %","0.0000","0 %","0.0000","0 %","0.0000","100 %","0000010000"
"1/27/2024 8:30:00 PM - 9:30:00 PM","45318.6666666667","6.58 %","6.5833","14 %","14.1667","","0.1667","37 %","36.9167","0 %","0.0000","1 %","1.2500","0 %","0.0000","","0.1667","0 %","0.0000","0 %","0.0000","100 %","0000010000"
"1/27/2024 9:30:00 PM - 10:30:00 PM","45318.7083333333","6.17 %","6.1667","14 %","13.6667","0 %","0.0000","36 %","36.0833","0 %","0.0000","1 %","1.0000","0 %","0.0000","0 %","0.0000","0 %","0.0000","0 %","0.0000","100 %","0000010000"
"1/27/2024 10:30:00 PM - 11:30:00 PM","45318.7500000000","6.08 %","6.0833","14 %","13.8333","","0.0833","36 %","35.5000","0 %","0.0000","1 %","1.0000","0 %","0.0000","0 %","0.0000","0 %","0.0000","0 %","0.0000","100 %","0000010000"
"1/27/2024 11:30:00 PM - 12:30:00 AM","45318.7916666667","6.25 %","6.2500","14 %","14.3333","","0.0833","35 %","35.4167","0 %","0.0000","1 %","1.0000","0 %","0.0000","","0.0833","0 %","0.0000","0 %","0.0000","100 %","0000010000"
"1/28/2024 12:30:00 AM - 1:30:00 AM","45318.8333333333","6 %","6.0000","14 %","14.4167","0 %","0.0000","35 %","35.2500","0 %","0.0000","","0.8333","0 %","0.0000","0 %","0.0000","0 %","0.0000","0 %","0.0000","100 %","0000010000"
"1/28/2024 1:30:00 AM - 2:30:00 AM","45318.8750000000","6.08 %","6.0833","14 %","14.2500","0 %","0.0000","36 %","35.5000","0 %","0.0000","","0.8333","0 %","0.0000","0 %","0.0000","0 %","0.0000","0 %","0.0000","100 %","0000010000"
"1/28/2024 2:30:00 AM - 3:30:00 AM","45318.9166666667","6.33 %","6.3333","15 %","14.5833","0 %","0.0000","35 %","35.3333","0 %","0.0000","1 %","1.0000","0 %","0.0000","0 %","0.0000","0 %","0.0000","0 %","0.0000","100 %","0000010000"
"1/28/2024 3:30:00 AM - 4:30:00 AM","45318.9583333333","6.17 %","6.1667","14 %","14.2500","0 %","0.0000","36 %","35.6667","","0.0833","1 %","1.0833","0 %","0.0000","0 %","0.0000","0 %","0.0000","0 %","0.0000","100 %","0000010000"
"1/28/2024 4:30:00 AM - 5:30:00 AM","45319.0000000000","6.17 %","6.1667","14 %","14.5000","","0.0833","35 %","35.2500","0 %","0.0000","1 %","1.0833","0 %","0.0000","0 %","0.0000","0 %","0.0000","0 %","0.0000","100 %","0000010000"
"1/28/2024 5:30:00 AM - 6:30:00 AM","45319.0416666667","6.42 %","6.4167","14 %","13.8333","0 %","0.0000","36 %","36.5000","0 %","0.0000","1 %","1.0000","0 %","0.0000","0 %","0.0000","0 %","0.0000","0 %","0.0000","100 %","0000010000"
"1/28/2024 6:30:00 AM - 7:30:00 AM","45319.0833333333","6.33 %","6.3333","14 %","14.2500","0 %","0.0000","36 %","36.2500","0 %","0.0000","1 %","1.0000","0 %","0.0000","0 %","0.0000","0 %","0.0000","0 %","0.0000","100 %","0000010000"
"1/28/2024 7:30:00 AM - 8:30:00 AM","45319.1250000000","6.17 %","6.1667","15 %","14.7500","","0.1667","35 %","35.0000","","0.0833","1 %","1.1667","0 %","0.0000","","0.1667","0 %","0.0000","0 %","0.0000","100 %","0000010000"
"1/28/2024 8:30:00 AM - 9:30:00 AM","45319.1666666667","6 %","6.0000","14 %","13.8333","","0.3333","35 %","34.5833","","0.0833","","0.8333","","0.0833","","0.0833","","0.0833","0 %","0.0000","100 %","0000010000"
"1/28/2024 9:30:00 AM - 10:30:00 AM","45319.2083333333","6.08 %","6.0833","14 %","14.5000","0 %","0.0000","35 %","34.9167","0 %","0.0000","1 %","1.0000","0 %","0.0000","0 %","0.0000","0 %","0.0000","0 %","0.0000","100 %","0000010000"
"1/28/2024 10:30:00 AM - 11:30:00 AM","45319.2500000000","6.08 %","6.0833","14 %","13.9167","0 %","0.0000","36 %","36.0000","0 %","0.0000","","0.9167","0 %","0.0000","0 %","0.0000","0 %","0.0000","0 %","0.0000","100 %","0000010000"
"1/28/2024 11:30:00 AM - 12:30:00 PM","45319.2916666667","6 %","6.0000","14 %","13.5833","0 %","0.0000","36 %","36.0000","0 %","0.0000","","0.9167","0 %","0.0000","0 %","0.0000","0 %","0.0000","0 %","0.0000","100 %","0000010000"
"1/28/2024 12:30:00 PM - 1:30:00 PM","45319.3333333333","6.25 %","6.2500","14 %","14.0000","0 %","0.0000","36 %","36.0000","0 %","0.0000","1 %","1.0000","0 %","0.0000","0 %","0.0000","0 %","0.0000","0 %","0.0000","100 %","0000010000"
"1/28/2024 1:30:00 PM - 2:30:00 PM","45319.3750000000","6.08 %","6.0833","14 %","14.2500","0 %","0.0000","36 %","35.6667","0 %","0.0000","1 %","1.0000","0 %","0.0000","0 %","0.0000","0 %","0.0000","0 %","0.0000","100 %","0000010000"
"1/28/2024 2:30:00 PM - 3:30:00 PM","45319.4166666667","6.08 %","6.0833","14 %","14.0833","","0.0833","36 %","35.5000","0 %","0.0000","","0.8333","0 %","0.0000","0 %","0.0000","0 %","0.0000","0 %","0.0000","100 %","0000010000"
"1/28/2024 3:30:00 PM - 4:30:00 PM","45319.4583333333","6.17 %","6.1667","14 %","14.4167","0 %","0.0000","35 %","35.2500","0 %","0.0000","","0.8333","0 %","0.0000","0 %","0.0000","0 %","0.0000","0 %","0.0000","100 %","0000010000"
"1/28/2024 4:30:00 PM - 5:30:00 PM","45319.5000000000","6.42 %","6.4167","15 %","15.0833","","0.0833","35 %","35.3333","0 %","0.0000","1 %","1.0833","0 %","0.0000","0 %","0.0000","0 %","0.0000","0 %","0.0000","100 %","0000010000"
"1/28/2024 5:30:00 PM - 6:30:00 PM","45319.5416666667","6.17 %","6.1667","15 %","15.1667","","0.0833","35 %","35.2500","0 %","0.0000","","0.9167","0 %","0.0000","0 %","0.0000","0 %","0.0000","0 %","0.0000","100 %","0000010000"
"1/28/2024 6:30:00 PM - 7:30:00 PM","45319.5833333333","6.25 %","6.2500","16 %","15.8333","","0.1667","35 %","34.6667","0 %","0.0000","1 %","1.0000","0 %","0.0000","0 %","0.0000","0 %","0.0000","0 %","0.0000","100 %","0000010000"
"1/28/2024 7:30:00 PM - 8:30:00 PM","45319.6250000000","6.25 %","6.2500","16 %","16.4167","0 %","0.0000","34 %","33.9167","0 %","0.0000","1 %","1.0833","0 %","0.0000","0 %","0.0000","0 %","0.0000","0 %","0.0000","100 %","0000010000"
"1/28/2024 8:30:00 PM - 9:30:00 PM","45319.6666666667","6.42 %","6.4167","16 %","15.8333","","0.0833","35 %","35.0833","0 %","0.0000","1 %","1.0833","0 %","0.0000","0 %","0.0000","0 %","0.0000","0 %","0.0000","100 %","0000010000"
"1/28/2024 9:30:00 PM - 10:30:00 PM","45319.7083333333","6.42 %","6.4167","16 %","16.4167","0 %","0.0000","34 %","34.5000","0 %","0.0000","","0.9167","0 %","0.0000","0 %","0.0000","0 %","0.0000","0 %","0.0000","100 %","0000010000"
"1/28/2024 10:30:00 PM - 11:30:00 PM","45319.7500000000","6.50 %","6.5000","17 %","16.6667","","0.0833","35 %","34.8333","0 %","0.0000","2 %","1.5000","0 %","0.0000","","0.1667","0 %","0.0000","0 %","0.0000","100 %","0000010000"
"1/28/2024 11:30:00 PM - 12:30:00 AM","45319.7916666667","6.64 %","6.6364","17 %","16.8182","","0.1818","35 %","34.6364","0 %","0.0000","2 %","1.5455","0 %","0.0000","","0.2727","0 %","0.0000","0 %","0.0000","100 %","0000010000"
"1/29/2024 12:30:00 AM - 1:30:00 AM","45319.8333333333","6.25 %","6.2500","16 %","15.5833","0 %","0.0000","35 %","34.6667","0 %","0.0000","1 %","1.2500","0 %","0.0000","0 %","0.0000","0 %","0.0000","0 %","0.0000","100 %","0000010000"
"1/29/2024 1:30:00 AM - 2:30:00 AM","45319.8750000000","6.33 %","6.3333","15 %","15.1667","","0.0833","35 %","35.4167","0 %","0.0000","1 %","1.0833","0 %","0.0000","0 %","0.0000","0 %","0.0000","0 %","0.0000","100 %","0000010000"
"1/29/2024 2:30:00 AM - 3:30:00 AM","45319.9166666667","6.42 %","6.4167","16 %","16.0000","","0.1667","35 %","34.9167","0 %","0.0000","1 %","1.3333","0 %","0.0000","0 %","0.0000","0 %","0.0000","0 %","0.0000","100 %","0000010000"
"1/29/2024 3:30:00 AM - 4:30:00 AM","45319.9583333333","6.42 %","6.4167","16 %","15.5833","","0.0833","36 %","35.5833","0 %","0.0000","1 %","1.0833","0 %","0.0000","0 %","0.0000","0 %","0.0000","0 %","0.0000","100 %","0000010000"
"1/29/2024 4:30:00 AM - 5:30:00 AM","45320.0000000000","6.25 %","6.2500","15 %","15.4167","0 %","0.0000","35 %","34.6667","0 %","0.0000","1 %","1.0833","0 %","0.0000","0 %","0.0000","0 %","0.0000","0 %","0.0000","100 %","0000010000"
"1/29/2024 5:30:00 AM - 6:30:00 AM","45320.0416666667","6.25 %","6.2500","16 %","15.6667","","0.0833","35 %","34.7500","0 %","0.0000","1 %","1.0833","0 %","0.0000","0 %","0.0000","0 %","0.0000","0 %","0.0000","100 %","0000010000"
"1/29/2024 6:30:00 AM - 7:30:00 AM","45320.0833333333","6.45 %","6.4545","16 %","16.0000","","0.0909","35 %","35.1818","0 %","0.0000","1 %","1.0000","0 %","0.0000","0 %","0.0000","0 %","0.0000","0 %","0.0000","100 %","0000010000"
"1/29/2024 7:30:00 AM - 8:30:00 AM","45320.1250000000","6.33 %","6.3333","15 %","15.3333","","0.0833","35 %","35.0000","0 %","0.0000","1 %","1.1667","0 %","0.0000","0 %","0.0000","0 %","0.0000","0 %","0.0000","100 %","0000010000"
"1/29/2024 8:30:00 AM - 9:30:00 AM","45320.1666666667","6.33 %","6.3333","16 %","15.5833","0 %","0.0000","35 %","35.1667","0 %","0.0000","1 %","1.0833","0 %","0.0000","0 %","0.0000","0 %","0.0000","0 %","0.0000","100 %","0000010000"
"1/29/2024 9:30:00 AM - 10:30:00 AM","45320.2083333333","6.55 %","6.5455","17 %","16.7273","","0.2727","35 %","34.7273","0 %","0.0000","1 %","1.1818","0 %","0.0000","0 %","0.0000","0 %","0.0000","0 %","0.0000","100 %","0000010000"
"1/29/2024 10:30:00 AM - 11:30:00 AM","45320.2500000000","6.25 %","6.2500","16 %","16.4167","0 %","0.0000","34 %","34.0833","0 %","0.0000","1 %","1.1667","0 %","0.0000","","0.0833","0 %","0.0000","0 %","0.0000","100 %","0000010000"
"1/29/2024 11:30:00 AM - 12:30:00 PM","45320.2916666667","6.42 %","6.4167","17 %","16.7500","0 %","0.0000","34 %","34.5000","0 %","0.0000","1 %","1.2500","0 %","0.0000","0 %","0.0000","0 %","0.0000","0 %","0.0000","100 %","0000010000"
"1/29/2024 12:30:00 PM - 1:30:00 PM","45320.3333333333","6.50 %","6.5000","17 %","16.7500","","0.0833","34 %","34.0833","0 %","0.0000","1 %","1.3333","0 %","0.0000","0 %","0.0000","0 %","0.0000","0 %","0.0000","100 %","0000010000"
"1/29/2024 1:30:00 PM - 2:30:00 PM","45320.3750000000","6.50 %","6.5000","17 %","16.7500","","0.0833","34 %","34.4167","0 %","0.0000","1 %","1.2500","0 %","0.0000","0 %","0.0000","0 %","0.0000","0 %","0.0000","100 %","0000010000"
"1/29/2024 2:30:00 PM - 3:30:00 PM","45320.4166666667","6.42 %","6.4167","16 %","16.3333","0 %","0.0000","35 %","34.7500","0 %","0.0000","1 %","1.0833","0 %","0.0000","0 %","0.0000","0 %","0.0000","0 %","0.0000","100 %","0000010000"
"1/29/2024 3:30:00 PM - 4:30:00 PM","45320.4583333333","6.67 %","6.6667","17 %","16.8333","","0.1667","35 %","34.6667","0 %","0.0000","1 %","1.0000","0 %","0.0000","0 %","0.0000","0 %","0.0000","0 %","0.0000","100 %","0000010000"
"1/29/2024 4:30:00 PM - 5:30:00 PM","45320.5000000000","6.58 %","6.5833","17 %","17.2500","0 %","0.0000","34 %","34.5000","0 %","0.0000","2 %","1.6667","0 %","0.0000","0 %","0.0000","0 %","0.0000","0 %","0.0000","100 %","0000010000"
"1/29/2024 5:30:00 PM - 6:30:00 PM","45320.5416666667","6.25 %","6.2500","16 %","16.3333","","0.0833","33 %","32.9167","0 %","0.0000","1 %","1.4167","0 %","0.0000","","0.0833","0 %","0.0000","0 %","0.0000","100 %","0000010000"
"1/29/2024 6:30:00 PM - 7:30:00 PM","45320.5833333333","6.42 %","6.4167","17 %","16.6667","","0.0833","34 %","34.4167","0 %","0.0000","1 %","1.1667","0 %","0.0000","0 %","0.0000","0 %","0.0000","0 %","0.0000","100 %","0000010000"
"1/29/2024 7:30:00 PM - 8:30:00 PM","45320.6250000000","6.42 %","6.4167","15 %","15.0000","","0.0833","36 %","35.9167","0 %","0.0000","1 %","1.1667","0 %","0.0000","0 %","0.0000","0 %","0.0000","0 %","0.0000","100 %","0000010000"
"1/29/2024 8:30:00 PM - 9:30:00 PM","45320.6666666667","6.42 %","6.4167","15 %","14.7500","","0.0833","36 %","35.8333","0 %","0.0000","2 %","1.5000","0 %","0.0000","0 %","0.0000","0 %","0.0000","0 %","0.0000","100 %","0000010000"
"1/29/2024 9:30:00 PM - 10:30:00 PM","45320.7083333333","6.17 %","6.1667","14 %","14.5000","0 %","0.0000","35 %","35.4167","0 %","0.0000","1 %","1.1667","0 %","0.0000","0 %","0.0000","0 %","0.0000","0 %","0.0000","100 %","0000010000"
"1/29/2024 10:30:00 PM - 11:30:00 PM","45320.7500000000","6.33 %","6.3333","15 %","15.3333","0 %","0.0000","35 %","35.1667","0 %","0.0000","1 %","1.1667","0 %","0.0000","0 %","0.0000","0 %","0.0000","0 %","0.0000","100 %","0000010000"
"1/29/2024 11:30:00 PM - 12:30:00 AM","45320.7916666667","6.50 %","6.5000","16 %","16.2500","","0.0833","35 %","35.0000","0 %","0.0000","1 %","1.2500","0 %","0.0000","","0.0833","0 %","0.0000","0 %","0.0000","100 %","0000010000"
"1/30/2024 12:30:00 AM - 1:30:00 AM","45320.8333333333","6.33 %","6.3333","16 %","15.5833","","0.0833","35 %","35.4167","","0.0833","2 %","1.5000","0 %","0.0000","","0.1667","0 %","0.0000","0 %","0.0000","100 %","0000010000"
"1/30/2024 1:30:00 AM - 2:30:00 AM","45320.8750000000","6.08 %","6.0833","15 %","15.0000","0 %","0.0000","35 %","35.2500","0 %","0.0000","","0.9167","0 %","0.0000","0 %","0.0000","0 %","0.0000","0 %","0.0000","100 %","0000010000"
"1/30/2024 2:30:00 AM - 3:30:00 AM","45320.9166666667","6.25 %","6.2500","16 %","15.6667","","0.0833","35 %","34.7500","0 %","0.0000","1 %","1.0833","0 %","0.0000","0 %","0.0000","0 %","0.0000","0 %","0.0000","100 %","0000010000"
"1/30/2024 3:30:00 AM - 4:30:00 AM","45320.9583333333","6 %","6.0000","15 %","14.5833","0 %","0.0000","35 %","35.0833","0 %","0.0000","1 %","1.0833","0 %","0.0000","0 %","0.0000","0 %","0.0000","0 %","0.0000","100 %","0000010000"
"1/30/2024 4:30:00 AM - 5:30:00 AM","45321.0000000000","6.18 %","6.1818","13 %","13.0909","0 %","0.0000","36 %","36.1818","0 %","0.0000","1 %","1.2727","0 %","0.0000","0 %","0.0000","0 %","0.0000","0 %","0.0000","100 %","0000010000"
"1/30/2024 5:30:00 AM - 6:30:00 AM","45321.0416666667","6 %","6.0000","13 %","12.5833","0 %","0.0000","36 %","35.9167","0 %","0.0000","1 %","1.0000","0 %","0.0000","0 %","0.0000","0 %","0.0000","0 %","0.0000","100 %","0000010000"
"1/30/2024 6:30:00 AM - 7:30:00 AM","45321.0833333333","6 %","6.0000","12 %","12.4167","0 %","0.0000","37 %","36.6667","0 %","0.0000","1 %","1.0833","0 %","0.0000","0 %","0.0000","0 %","0.0000","0 %","0.0000","100 %","0000010000"
"1/30/2024 7:30:00 AM - 8:30:00 AM","45321.1250000000","6.08 %","6.0833","12 %","12.5000","0 %","0.0000","37 %","36.7500","0 %","0.0000","1 %","1.4167","0 %","0.0000","0 %","0.0000","0 %","0.0000","0 %","0.0000","100 %","0000010000"
"1/30/2024 8:30:00 AM - 9:30:00 AM","45321.1666666667","6 %","6.0000","13 %","13.3636","0 %","0.0000","36 %","35.9091","0 %","0.0000","1 %","1.0000","0 %","0.0000","0 %","0.0000","0 %","0.0000","0 %","0.0000","100 %","0000010000"
"1/30/2024 9:30:00 AM - 10:30:00 AM","45321.2083333333","5.67 %","5.6667","12 %","12.2500","0 %","0.0000","33 %","33.1667","0 %","0.0000","1 %","1.0833","0 %","0.0000","0 %","0.0000","0 %","0.0000","0 %","0.0000","100 %","0000010000"
"1/30/2024 10:30:00 AM - 11:30:00 AM","45321.2500000000","6.08 %","6.0833","13 %","13.2500","","0.0833","36 %","36.2500","0 %","0.0000","1 %","1.0833","0 %","0.0000","0 %","0.0000","0 %","0.0000","0 %","0.0000","100 %","0000010000"
"1/30/2024 11:30:00 AM - 12:30:00 PM","45321.2916666667","6.08 %","6.0833","14 %","13.7500","","0.0833","36 %","35.5833","0 %","0.0000","1 %","1.2500","0 %","0.0000","0 %","0.0000","0 %","0.0000","0 %","0.0000","100 %","0000010000"
"1/30/2024 12:30:00 PM - 1:30:00 PM","45321.3333333333","6 %","6.0000","13 %","13.4167","","0.0833","35 %","35.2500","0 %","0.0000","1 %","1.4167","0 %","0.0000","0 %","0.0000","0 %","0.0000","0 %","0.0000","100 %","0000010000"
"1/30/2024 1:30:00 PM - 2:30:00 PM","45321.3750000000","6.25 %","6.2500","14 %","14.4167","","0.0833","35 %","35.1667","0 %","0.0000","2 %","1.5833","0 %","0.0000","0 %","0.0000","0 %","0.0000","0 %","0.0000","100 %","0000010000"
"1/30/2024 2:30:00 PM - 3:30:00 PM","45321.4166666667","6.17 %","6.1667","14 %","14.0833","","0.1667","36 %","35.5000","0 %","0.0000","1 %","1.3333","0 %","0.0000","","0.0833","0 %","0.0000","0 %","0.0000","100 %","0000010000"
"1/30/2024 3:30:00 PM - 4:30:00 PM","45321.4583333333","6.25 %","6.2500","13 %","13.1667","","0.0833","37 %","36.7500","0 %","0.0000","1 %","1.1667","0 %","0.0000","","0.0833","0 %","0.0000","0 %","0.0000","100 %","0000010000"
"1/30/2024 4:30:00 PM - 5:30:00 PM","45321.5000000000","6.33 %","6.3333","13 %","13.0000","0 %","0.0000","38 %","37.5000","0 %","0.0000","2 %","1.5000","0 %","0.0000","0 %","0.0000","0 %","0.0000","0 %","0.0000","100 %","0000010000"
"1/30/2024 5:30:00 PM - 6:30:00 PM","45321.5416666667","6.33 %","6.3333","14 %","13.6667","0 %","0.0000","37 %","37.0000","0 %","0.0000","1 %","1.3333","0 %","0.0000","0 %","0.0000","0 %","0.0000","0 %","0.0000","100 %","0000010000"
"1/30/2024 6:30:00 PM - 7:30:00 PM","45321.5833333333","6.25 %","6.2500","13 %","13.4167","0 %","0.0000","37 %","37.1667","0 %","0.0000","1 %","1.3333","0 %","0.0000","","0.0833","0 %","0.0000","0 %","0.0000","100 %","0000010000"
"1/30/2024 7:30:00 PM - 8:30:00 PM","45321.6250000000","6.25 %","6.2500","13 %","13.1667","0 %","0.0000","37 %","37.2500","0 %","0.0000","1 %","1.3333","0 %","0.0000","0 %","0.0000","0 %","0.0000","0 %","0.0000","100 %","0000010000"
"1/30/2024 8:30:00 PM - 9:30:00 PM","45321.6666666667","5.67 %","5.6667","12 %","12.2500","0 %","0.0000","34 %","34.1667","0 %","0.0000","1 %","1.1667","0 %","0.0000","0 %","0.0000","0 %","0.0000","0 %","0.0000","100 %","0000010000"
"1/30/2024 9:30:00 PM - 10:30:00 PM","45321.7083333333","6 %","6.0000","13 %","12.5833","0 %","0.0000","36 %","36.3333","0 %","0.0000","1 %","1.1667","0 %","0.0000","","0.0833","0 %","0.0000","0 %","0.0000","100 %","0000010000"
"1/30/2024 10:30:00 PM - 11:30:00 PM","45321.7500000000","5.75 %","5.7500","12 %","12.2500","","0.1667","32 %","32.5000","","0.1667","2 %","1.7500","","0.1667","","0.1667","","0.1667","0 %","0.0000","100 %","0000010000"
"1/30/2024 11:30:00 PM - 12:30:00 AM","45321.7916666667","6 %","6.0000","13 %","12.7273","0 %","0.0000","35 %","35.3636","0 %","0.0000","1 %","1.4545","0 %","0.0000","","0.0909","0 %","0.0000","0 %","0.0000","100 %","0000010000"
"1/31/2024 12:30:00 AM - 1:30:00 AM","45321.8333333333","6 %","6.0000","11 %","11.2500","","0.9167","37 %","36.8333","0 %","0.0000","","0.8333","0 %","0.0000","0 %","0.0000","0 %","0.0000","0 %","0.0000","100 %","0000010000"
"1/31/2024 1:30:00 AM - 2:30:00 AM","45321.8750000000","5.83 %","5.8333","12 %","11.7500","0 %","0.0000","35 %","35.0000","0 %","0.0000","1 %","1.0833","0 %","0.0000","0 %","0.0000","0 %","0.0000","0 %","0.0000","100 %","0000010000"
"1/31/2024 2:30:00 AM - 3:30:00 AM","45321.9166666667","6 %","6.0000","12 %","12.2500","","0.0833","35 %","35.2500","","0.2500","1 %","1.1667","0 %","0.0000","","0.0833","0 %","0.0000","0 %","0.0000","100 %","0000010000"
"1/31/2024 3:30:00 AM - 4:30:00 AM","45321.9583333333","6.08 %","6.0833","12 %","12.2500","0 %","0.0000","37 %","36.5833","0 %","0.0000","1 %","1.2500","0 %","0.0000","0 %","0.0000","0 %","0.0000","0 %","0.0000","100 %","0000010000"
"1/31/2024 4:30:00 AM - 5:30:00 AM","45322.0000000000","6.08 %","6.0833","12 %","12.4167","0 %","0.0000","37 %","36.5833","0 %","0.0000","","0.9167","0 %","0.0000","0 %","0.0000","0 %","0.0000","0 %","0.0000","100 %","0000010000"
"1/31/2024 5:30:00 AM - 6:30:00 AM","45322.0416666667","6.08 %","6.0833","12 %","12.1667","0 %","0.0000","37 %","36.6667","0 %","0.0000","","0.9167","0 %","0.0000","0 %","0.0000","0 %","0.0000","0 %","0.0000","100 %","0000010000"
"1/31/2024 6:30:00 AM - 7:30:00 AM","45322.0833333333","6 %","6.0000","12 %","12.4167","0 %","0.0000","36 %","35.9167","0 %","0.0000","","0.9167","0 %","0.0000","0 %","0.0000","0 %","0.0000","0 %","0.0000","100 %","0000010000"
"1/31/2024 7:30:00 AM - 8:30:00 AM","45322.1250000000","5.75 %","5.7500","12 %","11.5000","0 %","0.0000","34 %","33.8333","0 %","0.0000","","0.8333","0 %","0.0000","0 %","0.0000","0 %","0.0000","0 %","0.0000","100 %","0000010000"
"1/31/2024 8:30:00 AM - 9:30:00 AM","45322.1666666667","6.17 %","6.1667","13 %","12.5833","0 %","0.0000","37 %","36.8333","0 %","0.0000","1 %","1.0000","0 %","0.0000","0 %","0.0000","0 %","0.0000","0 %","0.0000","100 %","0000010000"
"1/31/2024 9:30:00 AM - 10:30:00 AM","45322.2083333333","6 %","6.0000","12 %","12.0833","0 %","0.0000","37 %","36.5833","0 %","0.0000","","0.9167","0 %","0.0000","0 %","0.0000","0 %","0.0000","0 %","0.0000","100 %","0000010000"
"1/31/2024 10:30:00 AM - 11:30:00 AM","45322.2500000000","6 %","6.0000","13 %","12.5833","0 %","0.0000","37 %","36.6667","0 %","0.0000","1 %","1.0833","0 %","0.0000","0 %","0.0000","0 %","0.0000","0 %","0.0000","100 %","0000010000"
"1/31/2024 11:30:00 AM - 12:30:00 PM","45322.2916666667","6 %","6.0000","13 %","12.5833","0 %","0.0000","37 %","36.7500","0 %","0.0000","1 %","1.1667","0 %","0.0000","0 %","0.0000","0 %","0.0000","0 %","0.0000","100 %","0000010000"
"1/31/2024 12:30:00 PM - 1:30:00 PM","45322.3333333333","6.17 %","6.1667","13 %","12.8333","0 %","0.0000","36 %","36.5000","0 %","0.0000","1 %","1.1667","0 %","0.0000","0 %","0.0000","0 %","0.0000","0 %","0.0000","100 %","0000010000"
"1/31/2024 1:30:00 PM - 2:30:00 PM","45322.3750000000","6.08 %","6.0833","13 %","13.0833","0 %","0.0000","37 %","36.5833","0 %","0.0000","","0.9167","0 %","0.0000","0 %","0.0000","0 %","0.0000","0 %","0.0000","100 %","0000010000"
"1/31/2024 2:30:00 PM - 3:30:00 PM","45322.4166666667","6.25 %","6.2500","14 %","13.7500","0 %","0.0000","36 %","35.7500","0 %","0.0000","1 %","1.2500","0 %","0.0000","0 %","0.0000","0 %","0.0000","0 %","0.0000","100 %","0000010000"
"1/31/2024 3:30:00 PM - 4:30:00 PM","45322.4583333333","6.08 %","6.0833","13 %","13.1667","0 %","0.0000","37 %","36.9167","0 %","0.0000","1 %","1.1667","0 %","0.0000","0 %","0.0000","0 %","0.0000","0 %","0.0000","100 %","0000010000"
"1/31/2024 4:30:00 PM - 5:30:00 PM","45322.5000000000","6.25 %","6.2500","13 %","12.8333","","0.0833","38 %","37.5000","0 %","0.0000","1 %","1.2500","0 %","0.0000","0 %","0.0000","0 %","0.0000","0 %","0.0000","100 %","0000010000"
"1/31/2024 5:30:00 PM - 6:30:00 PM","45322.5416666667","6.08 %","6.0833","13 %","13.3333","","0.0833","37 %","36.7500","0 %","0.0000","1 %","1.1667","0 %","0.0000","0 %","0.0000","0 %","0.0000","0 %","0.0000","100 %","0000010000"
"1/31/2024 6:30:00 PM - 7:30:00 PM","45322.5833333333","6.08 %","6.0833","12 %","12.4167","0 %","0.0000","37 %","36.8333","0 %","0.0000","1 %","1.0833","0 %","0.0000","0 %","0.0000","0 %","0.0000","0 %","0.0000","100 %","0000010000"
"1/31/2024 7:30:00 PM - 8:30:00 PM","45322.6250000000","6.08 %","6.0833","12 %","12.4167","","0.0833","37 %","36.8333","0 %","0.0000","","0.7500","0 %","0.0000","0 %","0.0000","0 %","0.0000","0 %","0.0000","100 %","0000010000"
"1/31/2024 8:30:00 PM - 9:30:00 PM","45322.6666666667","6.08 %","6.0833","12 %","12.3333","0 %","0.0000","38 %","37.5000","0 %","0.0000","","0.9167","0 %","0.0000","0 %","0.0000","0 %","0.0000","0 %","0.0000","100 %","0000010000"
"1/31/2024 9:30:00 PM - 10:30:00 PM","45322.7083333333","5.67 %","5.6667","12 %","12.0000","0 %","0.0000","34 %","33.6667","0 %","0.0000","1 %","1.0000","0 %","0.0000","0 %","0.0000","0 %","0.0000","0 %","0.0000","100 %","0000010000"
"1/31/2024 10:30:00 PM - 11:30:00 PM","45322.7500000000","6.17 %","6.1667","13 %","12.9167","0 %","0.0000","36 %","36.0833","0 %","0.0000","1 %","1.1667","0 %","0.0000","","0.1667","0 %","0.0000","0 %","0.0000","100 %","0000010000"
"1/31/2024 11:30:00 PM - 12:30:00 AM","45322.7916666667","6 %","6.0000","12 %","12.4167","","0.0833","35 %","35.0833","","0.0833","1 %","1.1667","0 %","0.0000","","0.0833","0 %","0.0000","0 %","0.0000","100 %","0000010000"
"2/1/2024 12:30:00 AM - 1:30:00 AM","45322.8333333333","6.08 %","6.0833","12 %","12.0833","0 %","0.0000","36 %","35.9167","0 %","0.0000","2 %","1.5833","0 %","0.0000","0 %","0.0000","0 %","0.0000","0 %","0.0000","100 %","0000010000"
"2/1/2024 1:30:00 AM - 2:30:00 AM","45322.8750000000","6 %","6.0000","12 %","12.4167","0 %","0.0000","36 %","36.2500","0 %","0.0000","1 %","1.0833","0 %","0.0000","0 %","0.0000","0 %","0.0000","0 %","0.0000","100 %","0000010000"
"2/1/2024 2:30:00 AM - 3:30:00 AM","45322.9166666667","6 %","6.0000","13 %","12.5833","0 %","0.0000","36 %","35.7500","0 %","0.0000","1 %","1.0000","0 %","0.0000","0 %","0.0000","0 %","0.0000","0 %","0.0000","100 %","0000010000"
"2/1/2024 3:30:00 AM - 4:30:00 AM","45322.9583333333","6 %","6.0000","12 %","12.4167","","0.0833","36 %","36.1667","0 %","0.0000","","0.9167","0 %","0.0000","0 %","0.0000","0 %","0.0000","0 %","0.0000","100 %","0000010000"
"2/1/2024 4:30:00 AM - 5:30:00 AM","45323.0000000000","6.17 %","6.1667","13 %","12.6667","","0.0833","36 %","36.4167","","0.0833","1 %","1.2500","","0.0833","","0.0833","","0.0833","0 %","0.0000","100 %","0000010000"
"Averages (of 1493 values)",,"6.28 %",,"13 %",,"",,"38 %",,"",,"1 %",,"",,"",,"",,"0 %",,"100 %",